dilirank_name,is_dili,n_targets,n_targets_lcc,ecnp_z,ecnp_mu_T,ecnp_sigma_T,pool_size,I_T,drugbank_id,smiles
Abacavir sulfate,0,2,2,,0,0,0,0,DB01048,C1CC1NC2=C3C(=NC(=N2)N)N(C=N3)C4CC(C=C4)CO.C1CC1NC2=C3C(=NC(=N2)N)N(C=N3)C4CC(C=C4)CO.OS(=O)(=O)O
Abaloparatide,0,1,1,,0,0,0,0,DB05084,CCC(C)C(C(=O)NC(CCC(=O)N)C(=O)NC(CC(=O)O)C(=O)NC(CC(C)C)C(=O)NC(CCCNC(=N)N)C(=O)NC(CCCNC(=N)N)C(=O)NC(CCCNC(=N)N)C(=O)NC(CCC(=O)O)C(=O)NC(CC(C)C)C(=O)NC(CC(C)C)C(=O)NC(CCC(=O)O)C(=O)NC(CCCCN)C(=O)NC(CC(C)C)C(=O)NC(CC(C)C)C(=O)NC(C)(C)C(=O)NC(CCCCN)C(=O)NC(CC(C)C)C(=O)NC(CC1=CN=CN1)C(=O)NC(C(C)O)C(=O)NC(C)C(=O)N)NC(=O)C(CO)NC(=O)C(CCCCN)NC(=O)CNC(=O)C(CCCCN)NC(=O)C(CC(=O)O)NC(=O)C(CC2=CN=CN2)NC(=O)C(CC(C)C)NC(=O)C(CC(C)C)NC(=O)C(CCC(=O)N)NC(=O)C(CC3=CN=CN3)NC(=O)C(CCC(=O)O)NC(=O)C(CO)NC(=O)C(C(C)C)NC(=O)C(C)N
Abemaciclib,1,2,2,,0,0,0,0,DB12001,CCN1CCN(CC1)CC2=CN=C(C=C2)NC3=NC=C(C(=N3)C4=CC5=C(C(=C4)F)N=C(N5C(C)C)C)F
Abiraterone acetate,1,1,1,,0,0,0,0,DB05812,CC(=O)OC1CCC2(C3CCC4(C(C3CC=C2C1)CC=C4C5=CN=CC=C5)C)C
Acarbose,1,4,4,,0,0,0,0,DB00284,CC1C(C(C(C(O1)OC2C(OC(C(C2O)O)OC(C(CO)O)C(C(C=O)O)O)CO)O)O)NC3C=C(C(C(C3O)O)O)CO
Acebutolol hydrochloride,1,2,2,,0,0,0,0,DB01193,CCCC(=O)NC1=CC(=C(C=C1)OCC(CNC(C)C)O)C(=O)C.Cl
Aceclofenac,1,2,2,,0,0,0,0,DB06736,C1=CC=C(C(=C1)CC(=O)OCC(=O)O)NC2=C(C=CC=C2Cl)Cl
Acetaminophen,1,6,6,,0,0,0,0,DB00316,CC(=O)NC1=CC=C(C=C1)O
Acetazolamide,1,8,8,,0,0,0,0,DB00819,CC(=O)NC1=NN=C(S1)S(=O)(=O)N
Acetylcysteine,0,10,10,,0,0,0,0,DB06151,CC(=O)NC(CS)C(=O)O
Acitretin,1,8,8,,0,0,0,0,DB00459,CC1=CC(=C(C(=C1C=CC(=CC=CC(=CC(=O)O)C)C)C)C)OC
Acyclovir,1,2,2,,0,0,0,0,DB00787,C1=NC2=C(N1COCCO)N=C(NC2=O)N
Adefovir dipivoxil,1,1,1,,0,0,0,0,DB00718,CC(C)(C)C(=O)OCOP(=O)(COCCN1C=NC2=C(N=CN=C21)N)OCOC(=O)C(C)(C)C
Adenosine,0,4,4,,0,0,0,0,DB00640,C1=NC(=C2C(=N1)N(C=N2)C3C(C(C(O3)CO)O)O)N
Albendazole,1,4,4,,0,0,0,0,DB00518,CCCSC1=CC2=C(C=C1)N=C(N2)NC(=O)OC
Albuterol,0,3,3,,0,0,0,0,DB01001,CC(C)(C)NCC(C1=CC(=C(C=C1)O)CO)O
Alclofenac,1,1,1,,0,0,0,0,DB13167,C=CCOC1=C(C=C(C=C1)CC(=O)O)Cl
Alendronate sodium,1,5,5,,0,0,0,0,DB00630,C(CC(O)(P(=O)(O)O)P(=O)(O)[O-])CN.O.O.O.[Na+]
Alfentanil hydrochloride,0,1,1,,0,0,0,0,DB00802,CCC(=O)N(C1=CC=CC=C1)C2(CCN(CC2)CCN3C(=O)N(N=N3)CC)COC.Cl
Alfuzosin hydrochloride,1,4,4,,0,0,0,0,DB00346,CN(CCCNC(=O)C1CCCO1)C2=NC3=CC(=C(C=C3C(=N2)N)OC)OC.Cl
Allopurinol,1,1,1,,0,0,0,0,DB00437,C1=NNC2=C1C(=O)NC=N2
Alosetron hydrochloride,1,1,1,,0,0,0,0,DB00969,CC1=C(N=CN1)CN2CCC3=C(C2=O)C4=CC=CC=C4N3C.Cl
Alpelisib,1,1,1,,0,0,0,0,DB12015,CC1=C(SC(=N1)NC(=O)N2CCCC2C(=O)N)C3=CC(=NC=C3)C(C)(C)C(F)(F)F
Alprazolam,1,3,3,,0,0,0,0,DB00404,CC1=NN=C2N1C3=C(C=C(C=C3)Cl)C(=NC2)C4=CC=CC=C4
Alvimopan,0,3,3,,0,0,0,0,DB06274,CC1CN(CCC1(C)C2=CC(=CC=C2)O)CC(CC3=CC=CC=C3)C(=O)NCC(=O)O
Amifampridine,0,1,1,,0,0,0,0,DB11640,C1=CN=CC(=C1N)N
Amifostine,0,1,1,,0,0,0,0,DB01143,C(CN)CNCCSP(=O)(O)O
Amikacin sulfate,0,1,1,,0,0,0,0,DB00479,C1C(C(C(C(C1NC(=O)C(CCN)O)OC2C(C(C(C(O2)CO)O)N)O)O)OC3C(C(C(C(O3)CN)O)O)O)N.OS(=O)(=O)O.OS(=O)(=O)O
Amiloride hydrochloride,1,9,9,,0,0,0,0,DB00594,C1(=C(N=C(C(=N1)Cl)N)N)C(=O)N=C(N)N.O.O.Cl
Amineptine,1,3,3,,0,0,0,0,DB04836,C1CC2=CC=CC=C2C(C3=CC=CC=C31)NCCCCCCC(=O)O
Aminocaproic acid,0,3,3,,0,0,0,0,DB00513,C(CCC(=O)O)CCN
Aminohippurate sodium,0,1,1,,0,0,0,0,DB00345,C1=CC(=CC=C1C(=O)NCC(=O)[O-])N.[Na+]
Aminophylline,0,4,4,,0,0,0,0,DB01223,CN1C2=C(C(=O)N(C1=O)C)NC=N2.CN1C2=C(C(=O)N(C1=O)C)NC=N2.C(CN)N
Aminosalicylic acid ,0,6,6,,0,0,0,0,DB00233,C1=CC(=C(C=C1N)O)C(=O)O
Amiodarone hydrochloride,1,8,8,,0,0,0,0,DB01118,CCCCC1=C(C2=CC=CC=C2O1)C(=O)C3=CC(=C(C(=C3)I)OCCN(CC)CC)I.Cl
Amisulpride,1,7,7,,0,0,0,0,DB06288,CCN1CCCC1CNC(=O)C2=CC(=C(C=C2OC)N)S(=O)(=O)CC
Amitriptyline hydrochloride,1,28,28,,0,0,0,0,DB00321,CN(C)CCC=C1C2=CC=CC=C2CCC3=CC=CC=C31.Cl
Amoxicillin,1,1,1,,0,0,0,0,DB01060,CC1(C(N2C(S1)C(C2=O)NC(=O)C(C3=CC=C(C=C3)O)N)C(=O)O)C
Amphetamine sulfate,1,11,11,,0,0,0,0,DB00182,CC(CC1=CC=CC=C1)N.CC(CC1=CC=CC=C1)N.OS(=O)(=O)O
Ampicillin sodium,1,8,8,,0,0,0,0,DB00415,CC1(C(N2C(S1)C(C2=O)NC(=O)C(C3=CC=CC=C3)N)C(=O)[O-])C.[Na+]
Anastrozole,1,1,1,,0,0,0,0,DB01217,CC(C)(C#N)C1=CC(=CC(=C1)CN2C=NC=N2)C(C)(C)C#N
Angiotensin ii acetate,0,2,2,,0,0,0,0,DB11842,CCC(C)C(C(=O)NC(CC1=CN=CN1)C(=O)N2CCCC2C(=O)NC(CC3=CC=CC=C3)C(=O)O)NC(=O)C(CC4=CC=C(C=C4)O)NC(=O)C(C(C)C)NC(=O)C(CCCN=C(N)N)NC(=O)C(CC(=O)O)N.CC(=O)O
Anidulafungin,1,2,2,,0,0,0,0,DB00362,CCCCCOC1=CC=C(C=C1)C2=CC=C(C=C2)C3=CC=C(C=C3)C(=O)NC4CC(C(NC(=O)C5C(C(CN5C(=O)C(NC(=O)C(NC(=O)C6CC(CN6C(=O)C(NC4=O)C(C)O)O)C(C(C7=CC=C(C=C7)O)O)O)C(C)O)C)O)O)O
Apalutamide,0,2,2,,0,0,0,0,DB11901,CNC(=O)C1=C(C=C(C=C1)N2C(=S)N(C(=O)C23CCC3)C4=CC(=C(N=C4)C#N)C(F)(F)F)F
Apixaban,1,1,1,,0,0,0,0,DB06605,COC1=CC=C(C=C1)N2C3=C(CCN(C3=O)C4=CC=C(C=C4)N5CCCCC5=O)C(=N2)C(=O)N
Aplaviroc,1,1,1,,0,0,0,0,DB06497,CCCCN1C(=O)C(NC(=O)C12CCN(CC2)CC3=CC=C(C=C3)OC4=CC=C(C=C4)C(=O)O)C(C5CCCCC5)O
Apomorphine hydrochloride,0,14,14,,0,0,0,0,DB00714,CN1CCC2=C3C1CC4=C(C3=CC=C2)C(=C(C=C4)O)O.CN1CCC2=C3C1CC4=C(C3=CC=C2)C(=C(C=C4)O)O.O.Cl.Cl
Apremilast,0,3,3,,0,0,0,0,DB05676,CCOC1=C(C=CC(=C1)C(CS(=O)(=O)C)N2C(=O)C3=C(C2=O)C(=CC=C3)NC(=O)C)OC
Argatroban,0,1,1,,0,0,0,0,DB00278,CC1CCN(C(C1)C(=O)O)C(=O)C(CCCN=C(N)N)NS(=O)(=O)C2=CC=CC3=C2NCC(C3)C
Arginine hydrochloride,0,9,9,,0,0,0,0,DB00125,C(CC(C(=O)O)N)CN=C(N)N.Cl
Aripiprazole,1,38,38,,0,0,0,0,DB01238,C1CC(=O)NC2=C1C=CC(=C2)OCCCCN3CCN(CC3)C4=C(C(=CC=C4)Cl)Cl
Aripiprazole lauroxil,1,25,25,,0,0,0,0,DB14185,CCCCCCCCCCCC(=O)OCN1C(=O)CCC2=C1C=C(C=C2)OCCCCN3CCN(CC3)C4=C(C(=CC=C4)Cl)Cl
Aspirin,1,19,19,,0,0,0,0,DB00945,CC(=O)OC1=CC=CC=C1C(=O)O
Atazanavir sulfate,1,2,2,,0,0,0,0,DB01072,CC(C)(C)C(C(=O)NC(CC1=CC=CC=C1)C(CN(CC2=CC=C(C=C2)C3=CC=CC=N3)NC(=O)C(C(C)(C)C)NC(=O)OC)O)NC(=O)OC.OS(=O)(=O)O
Atenolol,1,2,2,,0,0,0,0,DB00335,CC(C)NCC(COC1=CC=C(C=C1)CC(=O)N)O
Atomoxetine hydrochloride,1,5,5,,0,0,0,0,DB00289,CC1=CC=CC=C1OC(CCNC)C2=CC=CC=C2.Cl
Atropine,0,8,8,,0,0,0,0,DB00572,CN1C2CCC1CC(C2)OC(=O)C(CO)C3=CC=CC=C3
Auranofin,1,5,5,,0,0,0,0,DB00995,CCP(CC)CC.CC(=O)OCC1C(C(C(C(O1)[S-])OC(=O)C)OC(=O)C)OC(=O)C.[Au+]
Avanafil,0,1,1,,0,0,0,0,DB06237,COC1=C(C=C(C=C1)CNC2=NC(=NC=C2C(=O)NCC3=NC=CC=N3)N4CCCC4CO)Cl
Avatrombopag maleate,0,1,1,,0,0,0,0,DB11995,C1CCC(CC1)N2CCN(CC2)C3=C(N=C(S3)NC(=O)C4=CC(=C(N=C4)N5CCC(CC5)C(=O)O)Cl)C6=CC(=CS6)Cl.C(=CC(=O)O)C(=O)O
Azathioprine,1,2,2,,0,0,0,0,DB00993,CN1C=NC(=C1SC2=NC=NC3=C2NC=N3)[N+](=O)[O-]
Azithromycin,1,1,1,,0,0,0,0,DB00207,CCC1C(C(C(N(CC(CC(C(C(C(C(C(=O)O1)C)OC2CC(C(C(O2)C)O)(C)OC)C)OC3C(C(CC(O3)C)N(C)C)O)(C)O)C)C)C)O)(C)O
Bacitracin,0,2,2,,0,0,0,0,DB00626,CCC(C)C1C(=O)NC(C(=O)NC(C(=O)NC(C(=O)NC(C(=O)NCCCCC(C(=O)NC(C(=O)N1)CCCN)NC(=O)C(C(C)CC)NC(=O)C(CCC(=O)O)NC(=O)C(CC(C)C)NC(=O)C2CSC(=N2)C(C(C)CC)N)CC(=O)N)CC(=O)O)CC3=CN=CN3)CC4=CC=CC=C4
Baclofen,1,3,3,,0,0,0,0,DB00181,C1=CC(=CC=C1C(CC(=O)O)CN)Cl
Baloxavir marboxil,0,1,1,,0,0,0,0,DB13997,COC(=O)OCOC1=C2C(=O)N3CCOCC3N(N2C=CC1=O)C4C5=C(CSC6=CC=CC=C46)C(=C(C=C5)F)F
Benazepril hydrochloride,1,1,1,,0,0,0,0,DB00542,CCOC(=O)C(CCC1=CC=CC=C1)NC2CCC3=CC=CC=C3N(C2=O)CC(=O)O.Cl
Bendazac,1,2,2,,0,0,0,0,DB13501,C1=CC=C(C=C1)CN2C3=CC=CC=C3C(=N2)OCC(=O)O
Bendroflumethiazide,1,6,6,,0,0,0,0,DB00436,C1=CC=C(C=C1)CC2NC3=C(C=C(C(=C3)C(F)(F)F)S(=O)(=O)N)S(=O)(=O)N2
Benoxaprofen,1,1,1,,0,0,0,0,DB04812,CC(C1=CC2=C(C=C1)OC(=N2)C3=CC=C(C=C3)Cl)C(=O)O
Benzbromarone,1,5,5,,0,0,0,0,DB12319,CCC1=C(C2=CC=CC=C2O1)C(=O)C3=CC(=C(C(=C3)Br)O)Br
Benzonatate,1,1,1,,0,0,0,0,DB00868,CCCCNC1=CC=C(C=C1)C(=O)OCCOCCOCCOCCOCCOCCOCCOCCOCCOC
Benzphetamine hydrochloride,0,4,4,,0,0,0,0,DB00865,CC(CC1=CC=CC=C1)N(C)CC2=CC=CC=C2.Cl
Benztropine mesylate,0,5,5,,0,0,0,0,DB00245,CN1C2CCC1CC(C2)OC(C3=CC=CC=C3)C4=CC=CC=C4.CS(=O)(=O)O
Betaine,0,1,1,,0,0,0,0,DB06756,C[N+](C)(C)CC(=O)[O-]
Betrixaban,0,1,1,,0,0,0,0,DB12364,CN(C)C(=N)C1=CC=C(C=C1)C(=O)NC2=C(C=C(C=C2)OC)C(=O)NC3=NC=C(C=C3)Cl
Bexarotene,1,3,3,,0,0,0,0,DB00307,CC1=CC2=C(C=C1C(=C)C3=CC=C(C=C3)C(=O)O)C(CCC2(C)C)(C)C
Bicalutamide,1,1,1,,0,0,0,0,DB01128,CC(CS(=O)(=O)C1=CC=C(C=C1)F)(C(=O)NC2=CC(=C(C=C2)C#N)C(F)(F)F)O
Biperiden hydrochloride,0,1,1,,0,0,0,0,DB00810,C1CCN(CC1)CCC(C2CC3CC2C=C3)(C4=CC=CC=C4)O.Cl
Bisacodyl,0,2,2,,0,0,0,0,DB09020,CC(=O)OC1=CC=C(C=C1)C(C2=CC=C(C=C2)OC(=O)C)C3=CC=CC=N3
Bivalirudin,0,1,1,,0,0,0,0,DB00006,CCC(C)C(C(=O)N1CCCC1C(=O)NC(CCC(=O)O)C(=O)NC(CCC(=O)O)C(=O)NC(CC2=CC=C(C=C2)O)C(=O)NC(CC(C)C)C(=O)O)NC(=O)C(CCC(=O)O)NC(=O)C(CCC(=O)O)NC(=O)C(CC3=CC=CC=C3)NC(=O)C(CC(=O)O)NC(=O)CNC(=O)C(CC(=O)N)NC(=O)CNC(=O)CNC(=O)CNC(=O)CNC(=O)C4CCCN4C(=O)C(CCCNC(=N)N)NC(=O)C5CCCN5C(=O)C(CC6=CC=CC=C6)N
Bortezomib,1,3,3,,0,0,0,0,DB00188,B(C(CC(C)C)NC(=O)C(CC1=CC=CC=C1)NC(=O)C2=NC=CN=C2)(O)O
Bosentan,1,2,2,,0,0,0,0,DB00559,CC(C)(C)C1=CC=C(C=C1)S(=O)(=O)NC2=C(C(=NC(=N2)C3=NC=CC=N3)OCCO)OC4=CC=CC=C4OC
Brexanolone,0,6,6,,0,0,0,0,DB11859,CC(=O)C1CCC2C1(CCC3C2CCC4C3(CCC(C4)O)C)C
Brexpiprazole,0,12,12,,0,0,0,0,DB09128,C1CN(CCN1CCCCOC2=CC3=C(C=C2)C=CC(=O)N3)C4=C5C=CSC5=CC=C4
Brivaracetam,0,2,2,,0,0,0,0,DB05541,CCCC1CC(=O)N(C1)C(CC)C(=O)N
Bromfenac sodium,1,2,2,,0,0,0,0,DB00963,C1=CC(=C(C(=C1)C(=O)C2=CC=C(C=C2)Br)N)CC(=O)[O-].C1=CC(=C(C(=C1)C(=O)C2=CC=C(C=C2)Br)N)CC(=O)[O-].O.O.O.[Na+].[Na+]
Bromocriptine mesylate,1,18,18,,0,0,0,0,DB01200,CC(C)CC1C(=O)N2CCCC2C3(N1C(=O)C(O3)(C(C)C)NC(=O)C4CN(C5CC6=C(NC7=CC=CC(=C67)C5=C4)Br)C)O.CS(=O)(=O)O
Brompheniramine maleate,0,6,6,,0,0,0,0,DB00835,CN(C)CCC(C1=CC=C(C=C1)Br)C2=CC=CC=N2.C(=CC(=O)O)C(=O)O
Budesonide,0,2,2,,0,0,0,0,DB01222,CCCC1OC2CC3C4CCC5=CC(=O)C=CC5(C4C(CC3(C2(O1)C(=O)CO)C)O)C
Bupropion hydrochloride,1,5,5,,0,0,0,0,DB01156,CC(C(=O)C1=CC(=CC=C1)Cl)NC(C)(C)C.Cl
Butorphanol tartrate,0,3,3,,0,0,0,0,DB00611,C1CCC2(C3CC4=C(C2(C1)CCN3CC5CCC5)C=C(C=C4)O)O.C(C(C(=O)O)O)(C(=O)O)O
Cabergoline,0,21,21,,0,0,0,0,DB00248,CCNC(=O)N(CCCN(C)C)C(=O)C1CC2C(CC3=CNC4=CC=CC2=C34)N(C1)CC=C
Caffeine citrate,0,15,15,,0,0,0,0,DB00201,CN1C=NC2=C1C(=O)N(C(=O)N2C)C.C(C(=O)O)C(CC(=O)O)(C(=O)O)O
Calcitonin salmon,0,1,1,,0,0,0,0,DB00017,CC(C)CC1C(=O)NC(C(=O)NC(C(=O)NC(CSSCC(C(=O)NC(C(=O)NC(C(=O)N1)CC(=O)N)CO)N)C(=O)NC(C(C)C)C(=O)NC(CC(C)C)C(=O)NCC(=O)NC(CCCCN)C(=O)NC(CC(C)C)C(=O)NC(CO)C(=O)NC(CCC(=O)N)C(=O)NC(CCC(=O)O)C(=O)NC(CC(C)C)C(=O)NC(CC2=CN=CN2)C(=O)NC(CCCCN)C(=O)NC(CC(C)C)C(=O)NC(CCC(=O)N)C(=O)NC(C(C)O)C(=O)NC(CC3=CC=C(C=C3)O)C(=O)N4CCCC4C(=O)NC(CCCNC(=N)N)C(=O)NC(C(C)O)C(=O)NC(CC(=O)N)C(=O)NC(C(C)O)C(=O)NCC(=O)NC(CO)C(=O)NCC(=O)NC(C(C)O)C(=O)N5CCCC5C(=O)N)C(C)O)CO
Calcitriol,0,2,2,,0,0,0,0,DB00136,CC(CCCC(C)(C)O)C1CCC2C1(CCCC2=CC=C3CC(CC(C3=C)O)O)C
Calcium acetate,0,20,20,,0,0,0,0,DB01373,CC(=O)[O-].CC(=O)[O-].[Ca+2]
Canagliflozin,1,1,1,,0,0,0,0,DB08907,CC1=C(C=C(C=C1)C2C(C(C(C(O2)CO)O)O)O)CC3=CC=C(S3)C4=CC=C(C=C4)F
Candesartan cilexetil,1,1,1,,0,0,0,0,DB00796,CCOC1=NC2=CC=CC(=C2N1CC3=CC=C(C=C3)C4=CC=CC=C4C5=NNN=N5)C(=O)OC(C)OC(=O)OC6CCCCC6
Cangrelor,0,1,1,,0,0,0,0,DB06441,CSCCNC1=C2C(=NC(=N1)SCCC(F)(F)F)N(C=N2)C3C(C(C(O3)COP(=O)(O)OP(=O)(C(P(=O)(O)O)(Cl)Cl)O)O)O
Capecitabine,1,2,2,,0,0,0,0,DB01101,CCCCCOC(=O)NC1=NC(=O)N(C=C1F)C2C(C(C(O2)C)O)O
Capmatinib hydrochloride,1,1,1,,0,0,0,0,DB11791,CNC(=O)C1=C(C=C(C=C1)C2=NN3C(=CN=C3N=C2)CC4=CC5=C(C=C4)N=CC=C5)F.O.Cl.Cl
Captopril,1,5,5,,0,0,0,0,DB01197,CC(CS)C(=O)N1CCCC1C(=O)O
Carbamazepine,1,3,3,,0,0,0,0,DB00564,C1=CC=C2C(=C1)C=CC3=CC=CC=C3N2C(=O)N
Carbinoxamine maleate,0,1,1,,0,0,0,0,DB00748,CN(C)CCOC(C1=CC=C(C=C1)Cl)C2=CC=CC=N2.C(=CC(=O)O)C(=O)O
Carboprost tromethamine,0,2,2,,0,0,0,0,DB00429,CCCCCC(C)(C=CC1C(CC(C1CC=CCCCC(=O)O)O)O)O.C(C(CO)(CO)N)O
Carfilzomib,1,6,6,,0,0,0,0,DB08889,CC(C)CC(C(=O)C1(CO1)C)NC(=O)C(CC2=CC=CC=C2)NC(=O)C(CC(C)C)NC(=O)C(CCC3=CC=CC=C3)NC(=O)CN4CCOCC4
Carglumic acid,0,1,1,,0,0,0,0,DB06775,C(CC(=O)O)C(C(=O)O)NC(=O)N
Carisoprodol,0,5,5,,0,0,0,0,DB00395,CCCC(C)(COC(=O)N)COC(=O)NC(C)C
Carvedilol,1,19,19,,0,0,0,0,DB01136,COC1=CC=CC=C1OCCNCC(COC2=CC=CC3=C2C4=CC=CC=C4N3)O
Cefaclor,1,2,2,,0,0,0,0,DB00833,C1C(=C(N2C(S1)C(C2=O)NC(=O)C(C3=CC=CC=C3)N)C(=O)O)Cl
Cefazolin sodium,1,8,8,,0,0,0,0,DB01327,CC1=NN=C(S1)SCC2=C(N3C(C(C3=O)NC(=O)CN4C=NN=N4)SC2)C(=O)[O-].[Na+]
Cefdinir,1,3,3,,0,0,0,0,DB00535,C=CC1=C(N2C(C(C2=O)NC(=O)C(=NO)C3=CSC(=N3)N)SC1)C(=O)O
Cefepime hydrochloride,1,7,7,,0,0,0,0,DB01413,C[N+]1(CCCC1)CC2=C(N3C(C(C3=O)NC(=O)C(=NOC)C4=CSC(=N4)N)SC2)C(=O)O.O.Cl.[Cl-]
Cefixime,1,2,2,,0,0,0,0,DB00671,C=CC1=C(N2C(C(C2=O)NC(=O)C(=NOCC(=O)O)C3=CSC(=N3)N)SC1)C(=O)O
Cefoperazone sodium,1,9,9,,0,0,0,0,DB01329,CCN1CCN(C(=O)C1=O)C(=O)NC(C2=CC=C(C=C2)O)C(=O)NC3C4N(C3=O)C(=C(CS4)CSC5=NN=NN5C)C(=O)[O-].[Na+]
Cefotaxime sodium,1,13,13,,0,0,0,0,DB00493,CC(=O)OCC1=C(N2C(C(C2=O)NC(=O)C(=NOC)C3=CSC(=N3)N)SC1)C(=O)[O-].[Na+]
Cefprozil,1,3,3,,0,0,0,0,DB01150,CC=CC1=C(N2C(C(C2=O)NC(=O)C(C3=CC=C(C=C3)O)N)SC1)C(=O)O
Ceftaroline fosamil,1,1,1,,0,0,0,0,DB06590,CCON=C(C1=NSC(=N1)NP(=O)(O)O)C(=O)NC2C3N(C2=O)C(=C(CS3)SC4=NC(=CS4)C5=CC=[N+](C=C5)C)C(=O)[O-]
Ceftazidime,1,5,5,,0,0,0,0,DB00438,CC(C)(C(=O)O)ON=C(C1=CSC(=N1)N)C(=O)NC2C3N(C2=O)C(=C(CS3)C[N+]4=CC=CC=C4)C(=O)[O-]
Ceftriaxone sodium,1,5,5,,0,0,0,0,DB01212,CN1C(=NC(=O)C(=O)[N-]1)SCC2=C(N3C(C(C3=O)NC(=O)C(=NOC)C4=CSC(=N4)N)SC2)C(=O)[O-].[Na+].[Na+]
Cefuroxime sodium,1,1,1,,0,0,0,0,DB01112,CON=C(C1=CC=CO1)C(=O)NC2C3N(C2=O)C(=C(CS3)COC(=O)N)C(=O)[O-].[Na+]
Celecoxib,1,7,7,,0,0,0,0,DB00482,CC1=CC=C(C=C1)C2=CC(=NN2C3=CC=C(C=C3)S(=O)(=O)N)C(F)(F)F
Cephalexin,1,5,5,,0,0,0,0,DB00567,CC1=C(N2C(C(C2=O)NC(=O)C(C3=CC=CC=C3)N)SC1)C(=O)O
Ceritinib,1,1,1,,0,0,0,0,DB09063,CC1=CC(=C(C=C1C2CCNCC2)OC(C)C)NC3=NC=C(C(=N3)NC4=CC=CC=C4S(=O)(=O)C(C)C)Cl
Cetirizine hydrochloride,1,1,1,,0,0,0,0,DB00341,C1CN(CCN1CCOCC(=O)O)C(C2=CC=CC=C2)C3=CC=C(C=C3)Cl.Cl.Cl
Chloramphenicol,0,3,3,,0,0,0,0,DB00446,C1=CC(=CC=C1C(C(CO)NC(=O)C(Cl)Cl)O)[N+](=O)[O-]
Chlorcyclizine hydrochloride,1,1,1,,0,0,0,0,DB08936,CN1CCN(CC1)C(C2=CC=CC=C2)C3=CC=C(C=C3)Cl.Cl
Chlordiazepoxide hydrochloride,1,3,3,,0,0,0,0,DB00475,CN=C1CN(C(=C2C=C(C=CC2=N1)Cl)C3=CC=CC=C3)O.Cl
Chlormezanone,1,1,1,,0,0,0,0,DB01178,CN1C(S(=O)(=O)CCC1=O)C2=CC=C(C=C2)Cl
Chlorothiazide,1,3,3,,0,0,0,0,DB00880,C1=C2C(=CC(=C1Cl)S(=O)(=O)N)S(=O)(=O)N=CN2
Chlorpheniramine maleate,0,4,4,,0,0,0,0,DB01114,CN(C)CCC(C1=CC=C(C=C1)Cl)C2=CC=CC=N2.C(=CC(=O)O)C(=O)O
Chlorpromazine hydrochloride,1,24,24,,0,0,0,0,DB00477,CN(C)CCCN1C2=CC=CC=C2SC3=C1C=C(C=C3)Cl.Cl
Chlorpropamide,1,2,2,,0,0,0,0,DB00672,CCCNC(=O)NS(=O)(=O)C1=CC=C(C=C1)Cl
Chlorzoxazone,1,1,1,,0,0,0,0,DB00356,C1=CC2=C(C=C1Cl)NC(=O)O2
Cimetidine,1,1,1,,0,0,0,0,DB00501,CC1=C(N=CN1)CSCCNC(=NC)NC#N
Cinacalcet hydrochloride,0,1,1,,0,0,0,0,DB01012,CC(C1=CC=CC2=CC=CC=C21)NCCCC3=CC(=CC=C3)C(F)(F)F.Cl
Ciprofloxacin hydrochloride,1,13,13,,0,0,0,0,DB00537,C1CC1N2C=C(C(=O)C3=CC(=C(C=C32)N4CCNCC4)F)C(=O)O.O.Cl
Cisplatin,1,4,4,,0,0,0,0,DB00515,N.N.Cl[Pt]Cl
Cladribine,1,11,11,,0,0,0,0,DB00242,C1C(C(OC1N2C=NC3=C(N=C(N=C32)Cl)N)CO)O
Clarithromycin,1,4,4,,0,0,0,0,DB01211,CCC1C(C(C(C(=O)C(CC(C(C(C(C(C(=O)O1)C)OC2CC(C(C(O2)C)O)(C)OC)C)OC3C(C(CC(O3)C)N(C)C)O)(C)OC)C)C)O)(C)O
Clevidipine,0,4,4,,0,0,0,0,DB04920,CCCC(=O)OCOC(=O)C1=C(NC(=C(C1C2=C(C(=CC=C2)Cl)Cl)C(=O)OC)C)C
Clindamycin hydrochloride,1,1,1,,0,0,0,0,DB01190,CCCC1CC(N(C1)C)C(=O)NC(C2C(C(C(C(O2)SC)O)O)O)C(C)Cl.Cl
Clofibrate,1,2,2,,0,0,0,0,DB00636,CCOC(=O)C(C)(C)OC1=CC=C(C=C1)Cl
Clomiphene citrate,1,2,2,,0,0,0,0,DB00882,CCN(CC)CCOC1=CC=C(C=C1)C(=C(C2=CC=CC=C2)Cl)C3=CC=CC=C3.C(C(=O)O)C(CC(=O)O)(C(=O)O)O
Clomipramine hydrochloride,1,6,6,,0,0,0,0,DB01242,CN(C)CCCN1C2=CC=CC=C2CCC3=C1C=C(C=C3)Cl.Cl
Clonazepam,1,3,3,,0,0,0,0,DB01068,C1C(=O)NC2=C(C=C(C=C2)[N+](=O)[O-])C(=N1)C3=CC=CC=C3Cl
Clotrimazole,1,5,5,,0,0,0,0,DB00257,C1=CC=C(C=C1)C(C2=CC=CC=C2)(C3=CC=CC=C3Cl)N4C=CN=C4
Cloxacillin sodium,1,3,3,,0,0,0,0,DB01147,CC1=C(C(=NO1)C2=CC=CC=C2Cl)C(=O)NC3C4N(C3=O)C(C(S4)(C)C)C(=O)[O-].[Na+]
Clozapine,1,33,33,,0,0,0,0,DB00363,CN1CCN(CC1)C2=NC3=C(C=CC(=C3)Cl)NC4=CC=CC=C42
Codeine sulfate,0,3,3,,0,0,0,0,DB00318,CN1CCC23C4C1CC5=C2C(=C(C=C5)OC)OC3C(C=C4)O.CN1CCC23C4C1CC5=C2C(=C(C=C5)OC)OC3C(C=C4)O.O.O.O.OS(=O)(=O)O
Colistimethate sodium,0,1,1,,0,0,0,0,DB01111,CCC(C)CCCCC(=O)NCCC1C(=O)NC(C(=O)NC(C(=O)NC(C(=O)NC(C(=O)NC(C(=O)NC(C(=O)NC(C(=O)N1)CC(C)C)CCN)CC(C)C)CCN)CCN)CCN)C(C)O
Conivaptan hydrochloride,0,2,2,,0,0,0,0,DB00872,CC1=NC2=C(N1)CCN(C3=CC=CC=C32)C(=O)C4=CC=C(C=C4)NC(=O)C5=CC=CC=C5C6=CC=CC=C6.Cl
Copper cu-64 dotatate,0,1,1,,0,0,0,0,DB15873,CC(C1C(=O)NC(CSSCC(C(=O)NC(C(=O)NC(C(=O)NC(C(=O)N1)CCCCN)CC2=CNC3=CC=CC=C32)CC4=CC=C(C=C4)O)NC(=O)C(CC5=CC=CC=C5)NC(=O)CN6CCN(CCN(CCN(CC6)CC(=O)[O-])CC(=O)[O-])CC(=O)O)C(=O)NC(C(C)O)C(=O)O)O.[Cu+2]
Corticorelin ovine triflutate,0,2,2,,0,0,0,0,DB09067,CCC(C)C(C(=O)NC(CO)C(=O)NC(CC(C)C)C(=O)NC(CC(=O)O)C(=O)NC(CC(C)C)C(=O)NC(C(C)O)C(=O)NC(CC1=CC=CC=C1)C(=O)NC(CC2=CN=CN2)C(=O)NC(CC(C)C)C(=O)NC(CC(C)C)C(=O)NC(CCCNC(=N)N)C(=O)NC(CCC(=O)O)C(=O)NC(C(C)C)C(=O)NC(CC(C)C)C(=O)NC(CCC(=O)O)C(=O)NC(CCSC)C(=O)NC(C(C)O)C(=O)NC(CCCCN)C(=O)NC(C)C(=O)NC(CC(=O)O)C(=O)NC(CCC(=O)N)C(=O)NC(CC(C)C)C(=O)NC(C)C(=O)NC(CCC(=O)N)C(=O)NC(CCC(=O)N)C(=O)NC(C)C(=O)NC(CC3=CN=CN3)C(=O)NC(CO)C(=O)NC(CC(=O)N)C(=O)NC(CCCNC(=N)N)C(=O)NC(CCCCN)C(=O)NC(CC(C)C)C(=O)NC(CC(C)C)C(=O)NC(CC(=O)O)C(=O)NC(C(C)CC)C(=O)NC(C)C(=O)N)NC(=O)C4CCCN4C(=O)C5CCCN5C(=O)C(CCC(=O)O)NC(=O)C(CCC(=O)N)NC(=O)C(CO)N
Corticotropin,0,2,2,,0,0,0,0,DB01285,CC(C)CC(C(=O)NC(CCC(=O)O)C(=O)NC(CC1=CC=CC=C1)C(=O)O)NC(=O)C2CCCN2C(=O)C(CC3=CC=CC=C3)NC(=O)C(C)NC(=O)C(CCC(=O)O)NC(=O)C(C)NC(=O)C(CO)NC(=O)C(CCC(=O)O)NC(=O)C(CC(=O)O)NC(=O)C(CCC(=O)O)NC(=O)C(C)NC(=O)CNC(=O)C(CC(=O)N)NC(=O)C4CCCN4C(=O)C(CC5=CC=C(C=C5)O)NC(=O)C(C(C)C)NC(=O)C(CCCCN)NC(=O)C(C(C)C)NC(=O)C6CCCN6C(=O)C(CCCNC(=N)N)NC(=O)C(CCCNC(=N)N)NC(=O)C(CCCCN)NC(=O)C(CCCCN)NC(=O)CNC(=O)C(C(C)C)NC(=O)C7CCCN7C(=O)C(CCCCN)NC(=O)CNC(=O)C(CC8=CNC9=CC=CC=C98)NC(=O)C(CCCNC(=N)N)NC(=O)C(CC1=CC=CC=C1)NC(=O)C(CC1=CN=CN1)NC(=O)C(CCC(=O)O)NC(=O)C(CCSC)NC(=O)C(CO)NC(=O)C(CC1=CC=C(C=C1)O)NC(=O)C(CO)N
Cosyntropin,0,1,1,,0,0,0,0,DB01284,CC(C)C(C(=O)NCC(=O)NC(CCCCN)C(=O)NC(CCCCN)C(=O)NC(CCCNC(=N)N)C(=O)NC(CCCNC(=N)N)C(=O)N1CCCC1C(=O)NC(C(C)C)C(=O)NC(CCCCN)C(=O)NC(C(C)C)C(=O)NC(CC2=CC=C(C=C2)O)C(=O)N3CCCC3C(=O)O)NC(=O)C4CCCN4C(=O)C(CCCCN)NC(=O)CNC(=O)C(CC5=CNC6=CC=CC=C65)NC(=O)C(CCCNC(=N)N)NC(=O)C(CC7=CC=CC=C7)NC(=O)C(CC8=CNC=N8)NC(=O)C(CCC(=O)O)NC(=O)C(CCSC)NC(=O)C(CO)NC(=O)C(CC9=CC=C(C=C9)O)NC(=O)C(CO)N
Crizotinib,1,4,4,,0,0,0,0,DB08865,CC(C1=C(C=CC(=C1Cl)F)Cl)OC2=C(N=CC(=C2)C3=CN(N=C3)C4CCNCC4)N
Cromoglicate,1,2,2,,0,0,0,0,DB01003,C1=CC2=C(C(=C1)OCC(COC3=CC=CC4=C3C(=O)C=C(O4)C(=O)O)O)C(=O)C=C(O2)C(=O)O
Cupric chloride,0,2,2,,0,0,0,0,DB09131,Cl[Cu]Cl
Cyanocobalamin,0,6,6,,0,0,0,0,DB00115,CC1=CC2=C(C=C1C)[N+](=CN2)C3C(C(C(O3)CO)OP(=O)(O)OC(C)CNC(=O)CCC4(C(C5C6(C(C(C(=N6)C(=C7C(C(C(=CC8=NC(=C(C4=N5)C)C(C8(C)C)CCC(=N)[O-])N7)CCC(=N)[O-])(C)CC(=O)N)C)CCC(=N)[O-])(C)CC(=O)N)C)CC(=O)N)C)O.[C]#N.[Co+2]
Cyclobenzaprine hydrochloride,1,10,10,,0,0,0,0,DB00924,CN(C)CCC=C1C2=CC=CC=C2C=CC3=CC=CC=C31.Cl
Cyclofenil,1,1,1,,0,0,0,0,DB13472,CC(=O)OC1=CC=C(C=C1)C(=C2CCCCC2)C3=CC=C(C=C3)OC(=O)C
Cyclophosphamide,1,1,1,,0,0,0,0,DB00531,C1CNP(=O)(OC1)N(CCCl)CCCl
Cyclosporine,1,5,5,,0,0,0,0,DB00091,CCC1C(=O)N(CC(=O)N(C(C(=O)NC(C(=O)N(C(C(=O)NC(C(=O)NC(C(=O)N(C(C(=O)N(C(C(=O)N(C(C(=O)N(C(C(=O)N1)C(C(C)CC=CC)O)C)C(C)C)C)CC(C)C)C)CC(C)C)C)C)C)CC(C)C)C)C(C)C)CC(C)C)C)C
Cyproheptadine hydrochloride,1,9,9,,0,0,0,0,DB00434,CN1CCC(=C2C3=CC=CC=C3C=CC4=CC=CC=C42)CC1.Cl
Cytarabine,1,2,2,,0,0,0,0,DB00987,C1=CN(C(=O)N=C1N)C2C(C(C(O2)CO)O)O
Dabigatran etexilate mesylate,1,1,1,,0,0,0,0,DB06695,CCCCCCOC(=O)NC(=N)C1=CC=C(C=C1)NCC2=NC3=C(N2C)C=CC(=C3)C(=O)N(CCC(=O)OCC)C4=CC=CC=N4.CS(=O)(=O)O
Dacarbazine,1,2,2,,0,0,0,0,DB00851,CN(C)N=NC1=C(NC=N1)C(=O)N
Dacomitinib,1,3,3,,0,0,0,0,DB11963,COC1=C(C=C2C(=C1)N=CN=C2NC3=CC(=C(C=C3)F)Cl)NC(=O)C=CCN4CCCCC4
Dactinomycin,1,2,2,,0,0,0,0,DB00970,CC1C(C(=O)NC(C(=O)N2CCCC2C(=O)N(CC(=O)N(C(C(=O)O1)C(C)C)C)C)C(C)C)NC(=O)C3=C4C(=C(C=C3)C)OC5=C(C(=O)C(=C(C5=N4)C(=O)NC6C(OC(=O)C(N(C(=O)CN(C(=O)C7CCCN7C(=O)C(NC6=O)C(C)C)C)C)C(C)C)C)N)C
Dalfampridine,0,16,16,,0,0,0,0,DB06637,C1=CN=CC=C1N
Dalteparin sodium,1,3,3,,0,0,0,0,DB06779,C1N(CN(CN1CCO)CC[O-])CCO.[Na+]
Danazol,1,6,6,,0,0,0,0,DB01406,CC12CCC3C(C1CCC2(C#C)O)CCC4=CC5=C(CC34C)C=NO5
Dantrolene sodium,1,1,1,,0,0,0,0,DB01219,C1C(=NC(=O)N1N=CC2=CC=C(O2)C3=CC=C(C=C3)[N+](=O)[O-])[O-].[Na+]
Dapagliflozin,0,1,1,,0,0,0,0,DB06292,CCOC1=CC=C(C=C1)CC2=C(C=CC(=C2)C3C(C(C(C(O3)CO)O)O)O)Cl
Dapsone,1,2,2,,0,0,0,0,DB00250,C1=CC(=CC=C1N)S(=O)(=O)C2=CC=C(C=C2)N
Daptomycin,1,1,1,,0,0,0,0,DB00080,CCCCCCCCCC(=O)NC(CC1=CNC2=CC=CC=C21)C(=O)NC(CC(=O)N)C(=O)NC(CC(=O)O)C(=O)NC3C(OC(=O)C(NC(=O)C(NC(=O)C(NC(=O)CNC(=O)C(NC(=O)C(NC(=O)C(NC(=O)C(NC(=O)CNC3=O)CCCN)CC(=O)O)C)CC(=O)O)CO)C(C)CC(=O)O)CC(=O)C4=CC=CC=C4N)C
Darunavir,1,2,2,,0,0,0,0,DB01264,CC(C)CN(CC(C(CC1=CC=CC=C1)NC(=O)OC2COC3C2CCO3)O)S(=O)(=O)C4=CC=C(C=C4)N
Dasatinib,1,23,23,,0,0,0,0,DB01254,CC1=C(C(=CC=C1)Cl)NC(=O)C2=CN=C(S2)NC3=CC(=NC(=N3)C)N4CCN(CC4)CCO
Daunorubicin hydrochloride,0,2,2,,0,0,0,0,DB00694,CC1C(C(CC(O1)OC2CC(CC3=C2C(=C4C(=C3O)C(=O)C5=C(C4=O)C(=CC=C5)OC)O)(C(=O)C)O)N)O.Cl
Deferoxamine mesylate,1,1,1,,0,0,0,0,DB00746,CC(=O)N(CCCCCNC(=O)CCC(=O)N(CCCCCNC(=O)CCC(=O)N(CCCCCN)O)O)O.CS(=O)(=O)O
Defibrotide sodium,0,3,3,,0,0,0,0,DB04932,CC(C)C1=C(C=C(C(=C1)C2=NNC(=O)N2C3=CC4=C(C=C3)N(C=C4)C)O)OP(=O)(O)O
Deflazacort,0,1,1,,0,0,0,0,DB11921,CC1=NC2(C(O1)CC3C2(CC(C4C3CCC5=CC(=O)C=CC45C)O)C)C(=O)COC(=O)C
Deoxycholic acid,0,13,13,,0,0,0,0,DB03619,CC(CCC(=O)O)C1CCC2C1(C(CC3C2CCC4C3(CCC(C4)O)C)O)C
Desloratadine,1,1,1,,0,0,0,0,DB00967,C1CC2=C(C=CC(=C2)Cl)C(=C3CCNCC3)C4=C1C=CC=N4
Deutetrabenazine,0,1,1,,0,0,0,0,DB12161,CC(C)CC1CN2CCC3=CC(=C(C=C3C2CC1=O)OC)OC
Dexbrompheniramine maleate,0,1,1,,0,0,0,0,DB00405,CN(C)CCC(C1=CC=C(C=C1)Br)C2=CC=CC=N2.C(=CC(=O)O)C(=O)O
Dexlansoprazole,1,3,3,,0,0,0,0,DB05351,CC1=C(C=CN=C1CS(=O)C2=NC3=CC=CC=C3N2)OCC(F)(F)F
Dexmethylphenidate hydrochloride,1,3,3,,0,0,0,0,DB06701,COC(=O)C(C1CCCCN1)C2=CC=CC=C2.Cl
Dextroamphetamine sulfate,0,6,6,,0,0,0,0,DB01576,CC(CC1=CC=CC=C1)N.CC(CC1=CC=CC=C1)N.OS(=O)(=O)O
Diazepam,1,3,3,,0,0,0,0,DB00829,CN1C(=O)CN=C(C2=C1C=CC(=C2)Cl)C3=CC=CC=C3
Dichlorphenamide,0,5,5,,0,0,0,0,DB01144,C1=C(C=C(C(=C1S(=O)(=O)N)Cl)Cl)S(=O)(=O)N
Diclofenac sodium,1,2,2,,0,0,0,0,DB00586,C1=CC=C(C(=C1)CC(=O)[O-])NC2=C(C=CC=C2Cl)Cl.[Na+]
Dicloxacillin sodium,1,6,6,,0,0,0,0,DB00485,CC1=C(C(=NO1)C2=C(C=CC=C2Cl)Cl)C(=O)NC3C4N(C3=O)C(C(S4)(C)C)C(=O)[O-].[Na+]
Dicyclomine hydrochloride,0,3,3,,0,0,0,0,DB00804,CCN(CC)CCOC(=O)C1(CCCCC1)C2CCCCC2.Cl
Didanosine,1,3,3,,0,0,0,0,DB00900,C1CC(OC1CO)N2C=NC3=C2N=CNC3=O
Diethylpropion hydrochloride,0,3,3,,0,0,0,0,DB00937,CCN(CC)C(C)C(=O)C1=CC=CC=C1.Cl
Difelikefalin acetate,0,1,1,,0,0,0,0,DB11938,CC(C)CC(C(=O)NC(CCCCN)C(=O)N1CCC(CC1)(C(=O)O)N)NC(=O)C(CC2=CC=CC=C2)NC(=O)C(CC3=CC=CC=C3)N.CC(=O)O
Diflunisal,1,2,2,,0,0,0,0,DB00861,C1=CC(=C(C=C1C2=C(C=C(C=C2)F)F)C(=O)O)O
Digoxin,0,7,7,,0,0,0,0,DB00390,CC1C(C(CC(O1)OC2C(OC(CC2O)OC3C(OC(CC3O)OC4CCC5(C(C4)CCC6C5CC(C7(C6(CCC7C8=CC(=O)OC8)O)C)O)C)C)C)O)O
Dihydroergotamine mesylate,0,16,16,,0,0,0,0,DB00320,CC1(C(=O)N2C(C(=O)N3CCCC3C2(O1)O)CC4=CC=CC=C4)NC(=O)C5CC6C(CC7=CNC8=CC=CC6=C78)N(C5)C.CS(=O)(=O)O
Diltiazem hydrochloride,1,3,3,,0,0,0,0,DB00343,CC(=O)OC1C(SC2=CC=CC=C2N(C1=O)CCN(C)C)C3=CC=C(C=C3)OC.Cl
Dimenhydrinate,0,1,1,,0,0,0,0,DB00985,CN1C2=C(C(=O)N(C1=O)C)NC(=N2)Cl.CN(C)CCOC(C1=CC=CC=C1)C2=CC=CC=C2
Dimercaprol,0,1,1,,0,0,0,0,DB06782,C(C(CS)S)O
Dimethyl fumarate,1,2,2,,0,0,0,0,DB08908,COC(=O)C=CC(=O)OC
Diphenhydramine hydrochloride,0,3,3,,0,0,0,0,DB01075,CN(C)CCOC(C1=CC=CC=C1)C2=CC=CC=C2.Cl
Diphenoxylate,0,2,2,,0,0,0,0,DB01081,CCOC(=O)C1(CCN(CC1)CCC(C#N)(C2=CC=CC=C2)C3=CC=CC=C3)C4=CC=CC=C4
Disulfiram,1,3,3,,0,0,0,0,DB00822,CCN(CC)C(=S)SSC(=S)N(CC)CC
Dobutamine hydrochloride,0,4,4,,0,0,0,0,DB00841,CC(CCC1=CC=C(C=C1)O)NCCC2=CC(=C(C=C2)O)O.Cl
Docetaxel,1,3,3,,0,0,0,0,DB01248,CC1=C2C(C(=O)C3(C(CC4C(C3C(C(C2(C)C)(CC1OC(=O)C(C(C5=CC=CC=C5)NC(=O)OC(C)(C)C)O)O)OC(=O)C6=CC=CC=C6)(CO4)OC(=O)C)O)C)O
Dofetilide,1,3,3,,0,0,0,0,DB00204,CN(CCC1=CC=C(C=C1)NS(=O)(=O)C)CCOC2=CC=C(C=C2)NS(=O)(=O)C
Dolutegravir sodium,1,2,2,,0,0,0,0,DB08930,CC1CCOC2N1C(=O)C3=C(C(=O)C(=CN3C2)C(=O)NCC4=C(C=C(C=C4)F)F)[O-].[Na+]
Donepezil hydrochloride,1,8,8,,0,0,0,0,DB00843,COC1=C(C=C2C(=C1)CC(C2=O)CC3CCN(CC3)CC4=CC=CC=C4)OC.Cl
Dopamine hydrochloride,0,16,16,,0,0,0,0,DB00988,C1=CC(=C(C=C1CCN)O)O.Cl
Doxapram hydrochloride,0,2,2,,0,0,0,0,DB00561,CCN1CC(C(C1=O)(C2=CC=CC=C2)C3=CC=CC=C3)CCN4CCOCC4.O.Cl
Doxazosin mesylate,1,4,4,,0,0,0,0,DB00590,COC1=C(C=C2C(=C1)C(=NC(=N2)N3CCN(CC3)C(=O)C4COC5=CC=CC=C5O4)N)OC.CS(=O)(=O)O
Doxepin hydrochloride,1,19,19,,0,0,0,0,DB01142,CN(C)CCC=C1C2=CC=CC=C2COC3=CC=CC=C31.Cl
Doxorubicin hydrochloride,1,5,5,,0,0,0,0,DB00997,CC1C(C(CC(O1)OC2CC(CC3=C2C(=C4C(=C3O)C(=O)C5=C(C4=O)C(=CC=C5)OC)O)(C(=O)CO)O)N)O.Cl
Dronedarone hydrochloride,1,25,25,,0,0,0,0,DB04855,CCCCC1=C(C2=C(O1)C=CC(=C2)NS(=O)(=O)C)C(=O)C3=CC=C(C=C3)OCCCN(CCCC)CCCC.Cl
Droperidol,0,2,2,,0,0,0,0,DB00450,C1CN(CC=C1N2C3=CC=CC=C3NC2=O)CCCC(=O)C4=CC=C(C=C4)F
Droxicam,1,2,2,,0,0,0,0,DB09215,CN1C2=C(C3=CC=CC=C3S1(=O)=O)OC(=O)N(C2=O)C4=CC=CC=N4
Droxidopa,0,10,10,,0,0,0,0,DB06262,C1=CC(=C(C=C1C(C(C(=O)O)N)O)O)O
Duloxetine hydrochloride,1,3,3,,0,0,0,0,DB00476,CNCCC(C1=CC=CS1)OC2=CC=CC3=CC=CC=C32.Cl
Dutasteride,0,3,3,,0,0,0,0,DB01126,CC12CCC3C(C1CCC2C(=O)NC4=C(C=CC(=C4)C(F)(F)F)C(F)(F)F)CCC5C3(C=CC(=O)N5)C
Dyphylline,0,7,7,,0,0,0,0,DB00651,CN1C2=C(C(=O)N(C1=O)C)N(C=N2)CC(CO)O
Ecallantide,0,1,1,,0,0,0,0,DB05311,CCC(C)C1C(=O)NC(C(=O)NCC(=O)NCC(=O)NC2CSSCC3C(=O)NC(C(=O)NC(C(=O)NC(C(=O)NC(C(=O)N4CCCC4C(=O)NC(C(=O)NC(C(=O)NC(C(=O)NC(C(=O)NC(C(=O)NC(C(=O)NC(C(=O)NC(C(=O)NC(C(=O)NC(C(=O)NC(CSSCC(C(=O)NC(C(=O)NC(C(=O)NC(C(=O)NC(CSSCC(C(=O)NC(C(=O)NC(C(=O)NC(C(=O)NC(C(=O)NC(C(=O)NC(C(=O)NCC(=O)N5CCCC5C(=O)N3)CC(=O)O)CC(=O)O)C)CCCCN)CC6=CC=CC=C6)C)NC(=O)C(CC7=CC=CC=C7)NC(=O)C(CO)NC(=O)C(CC8=CN=CN8)NC(=O)C(CCSC)NC(=O)C(C)NC(=O)C(CCC(=O)O)N)C(=O)NC(C(C)O)C(=O)NC(CCCNC(=N)N)C(=O)NC(CC(=O)O)C(=O)O)CCSC)CCCCN)CCCCN)NC(=O)C(NC(=O)C(NC(=O)C(NC(=O)C(NC(=O)C(NC(=O)C(NC(=O)C(NC(=O)C(NC(=O)C(NC(=O)C(NC(=O)CNC(=O)C(NC2=O)CCC(=O)O)CC(=O)N)CCC(=O)N)CC(=O)N)CCCNC(=N)N)CC9=CC=CC=C9)CCC(=O)O)CO)CC(C)C)CCC(=O)O)CCC(=O)O)C(=O)NC(C(=O)NC(C(=O)NC(C(=O)N1)CC1=CC=CC=C1)CCC(=O)O)CCC(=O)O)CCC(=O)N)CCCNC(=N)N)C(C)O)CC1=CC=CC=C1)C(C)CC)CC(=O)N)CC1=CC=CC=C1)CC1=CC=CC=C1)CC1=CNC2=CC=CC=C21)CCCNC(=N)N)CC1=CN=CN1)C)C)CCCNC(=N)N)CC1=CC=C(C=C1)O
Edaravone,0,1,1,,0,0,0,0,DB12243,CC1=NN(C(=O)C1)C2=CC=CC=C2
Efavirenz,1,2,2,,0,0,0,0,DB00625,C1CC1C#CC2(C3=C(C=CC(=C3)Cl)NC(=O)O2)C(F)(F)F
Eliglustat tartrate,0,1,1,,0,0,0,0,DB09039,CCCCCCCC(=O)NC(CN1CCCC1)C(C2=CC3=C(C=C2)OCCO3)O.CCCCCCCC(=O)NC(CN1CCCC1)C(C2=CC3=C(C=C2)OCCO3)O.C(C(C(=O)O)O)(C(=O)O)O
Empagliflozin,0,1,1,,0,0,0,0,DB09038,C1COCC1OC2=CC=C(C=C2)CC3=C(C=CC(=C3)C4C(C(C(C(O4)CO)O)O)O)Cl
Enalapril maleate,1,1,1,,0,0,0,0,DB00584,CCOC(=O)C(CCC1=CC=CC=C1)NC(C)C(=O)N2CCCC2C(=O)O.C(=CC(=O)O)C(=O)O
Enoxaparin sodium,1,3,3,,0,0,0,0,DB01225,CC1C(C(OC(C1OC2CC(C(C(C2O)O)OC3C(C(C(C(O3)COS(=O)(=O)O)OC4C(C(C=C(O4)C(=O)[O-])O)O)O)NC(=O)C)C(=O)[O-])CO)OC5C(C(C(OC5C(=O)[O-])OC6C7COC(O7)C(C6O)NS(=O)(=O)[O-])O)O)NC(=O)C.[Na+].[Na+].[Na+].[Na+]
Entacapone,1,1,1,,0,0,0,0,DB00494,CCN(CC)C(=O)C(=CC1=CC(=C(C(=C1)O)O)[N+](=O)[O-])C#N
Enzalutamide,0,1,1,,0,0,0,0,DB08899,CC1(C(=O)N(C(=S)N1C2=CC(=C(C=C2)C(=O)NC)F)C3=CC(=C(C=C3)C#N)C(F)(F)F)C
Ephedrine sulfate,0,5,5,,0,0,0,0,DB01364,CC(C(C1=CC=CC=C1)O)NC.CC(C(C1=CC=CC=C1)O)NC.OS(=O)(=O)O
Epinephrine,0,8,8,,0,0,0,0,DB00668,CNCC(C1=CC(=C(C=C1)O)O)O
Eplerenone,1,1,1,,0,0,0,0,DB00700,CC12CCC(=O)C=C1CC(C3C24C(O4)CC5(C3CCC56CCC(=O)O6)C)C(=O)OC
Epoetin alfa,0,1,1,,0,0,0,0,DB00016,CC1CC=CC=CC(C(CC(C(C(C(CC(=O)O1)O)OC)OC2C(C(C(C(O2)C)OC3CC(C(C(O3)C)O)(C)O)N(C)C)O)CCO)C)OC4CC(C(C(O4)C)O)(C)O
Eptifibatide,0,3,3,,0,0,0,0,DB00063,C1CC2C(=O)NC(CSSCCC(=O)NC(C(=O)NCC(=O)NC(C(=O)NC(C(=O)N2C1)CC3=CNC4=CC=CC=C43)CC(=O)O)CCCCN=C(N)N)C(=O)N
Ergocalciferol,0,2,2,,0,0,0,0,DB00153,CC(C)C(C)C=CC(C)C1CCC2C1(CCCC2=CC=C3CC(CCC3=C)O)C
Erlotinib hydrochloride,1,2,2,,0,0,0,0,DB00530,COCCOC1=C(C=C2C(=C1)C(=NC=N2)NC3=CC=CC(=C3)C#C)OCCOC.Cl
Ertugliflozin,0,1,1,,0,0,0,0,DB11827,CCOC1=CC=C(C=C1)CC2=C(C=CC(=C2)C34C(C(C(C(O3)(CO4)CO)O)O)O)Cl
Erythropoietin,0,1,1,,0,0,0,0,DB00016,CC1CC=CC=CC(C(CC(C(C(C(CC(=O)O1)O)OC)OC2C(C(C(C(O2)C)OC3CC(C(C(O3)C)O)(C)O)N(C)C)O)CCO)C)OC4CC(C(C(O4)C)O)(C)O
Esmolol hydrochloride,0,1,1,,0,0,0,0,DB00187,CC(C)NCC(COC1=CC=C(C=C1)CCC(=O)OC)O.Cl
Esomeprazole sodium,1,3,3,,0,0,0,0,DB00736,CC1=CN=C(C(=C1OC)C)CS(=O)C2=NC3=C([N-]2)C=CC(=C3)OC.[Na+]
Estazolam,0,3,3,,0,0,0,0,DB01215,C1C2=NN=CN2C3=C(C=C(C=C3)Cl)C(=N1)C4=CC=CC=C4
Estradiol valerate,1,10,10,,0,0,0,0,DB13956,CCCCC(=O)OC1CCC2C1(CCC3C2CCC4=C3C=CC(=C4)O)C
Eszopiclone,1,6,6,,0,0,0,0,DB00402,CN1CCN(CC1)C(=O)OC2C3=NC=CN=C3C(=O)N2C4=NC=C(C=C4)Cl
Etelcalcetide,0,1,1,,0,0,0,0,DB12865,CC(C(=O)NC(CCCN=C(N)N)C(=O)N)NC(=O)C(CCCN=C(N)N)NC(=O)C(CCCN=C(N)N)NC(=O)C(CCCN=C(N)N)NC(=O)C(C)NC(=O)C(CSSCC(C(=O)O)N)NC(=O)C
Ethambutol hydrochloride,1,3,3,,0,0,0,0,DB00330,CCC(CO)NCCNC(CC)CO.Cl.Cl
Ethanolamine oleate,0,1,1,,0,0,0,0,DB06689,CCCCCCCCC=CCCCCCCCC(=O)O.C(CO)N
Ethionamide,1,3,3,,0,0,0,0,DB00609,CCC1=NC=CC(=C1)C(=S)N
Etodolac,1,3,3,,0,0,0,0,DB00749,CCC1=C2C(=CC=C1)C3=C(N2)C(OCC3)(CC)CC(=O)O
Etomidate,0,4,4,,0,0,0,0,DB00292,CCOC(=O)C1=CN=CN1C(C)C2=CC=CC=C2
Etoposide,1,2,2,,0,0,0,0,DB00773,CC1OCC2C(O1)C(C(C(O2)OC3C4COC(=O)C4C(C5=CC6=C(C=C35)OCO6)C7=CC(=C(C(=C7)OC)O)OC)O)O
Etravirine,1,3,3,,0,0,0,0,DB06414,CC1=CC(=CC(=C1OC2=NC(=NC(=C2Br)N)NC3=CC=C(C=C3)C#N)C)C#N
Everolimus,1,1,1,,0,0,0,0,DB01590,CC1CCC2CC(C(=CC=CC=CC(CC(C(=O)C(C(C(=CC(C(=O)CC(OC(=O)C3CCCCN3C(=O)C(=O)C1(O2)O)C(C)CC4CCC(C(C4)OC)OCCO)C)C)O)OC)C)C)C)OC
Exemestane,1,1,1,,0,0,0,0,DB00990,CC12CCC3C(C1CCC2=O)CC(=C)C4=CC(=O)C=CC34C
Exenatide synthetic,0,1,1,,0,0,0,0,DB01276,CCC(C)C(C(=O)NC(CCC(=O)O)C(=O)NC(CC1=CNC2=CC=CC=C21)C(=O)NC(CC(C)C)C(=O)NC(CCCCN)C(=O)NC(CC(=O)N)C(=O)NCC(=O)NCC(=O)N3CCCC3C(=O)NC(CO)C(=O)NC(CO)C(=O)NCC(=O)NC(C)C(=O)N4CCCC4C(=O)N5CCCC5C(=O)N6CCCC6C(=O)NC(CO)C(=O)N)NC(=O)C(CC7=CC=CC=C7)NC(=O)C(CC(C)C)NC(=O)C(CCCNC(=N)N)NC(=O)C(C(C)C)NC(=O)C(C)NC(=O)C(CCC(=O)O)NC(=O)C(CCC(=O)O)NC(=O)C(CCC(=O)O)NC(=O)C(CCSC)NC(=O)C(CCC(=O)N)NC(=O)C(CCCCN)NC(=O)C(CO)NC(=O)C(CC(C)C)NC(=O)C(CC(=O)O)NC(=O)C(CO)NC(=O)C(C(C)O)NC(=O)C(CC8=CC=CC=C8)NC(=O)C(C(C)O)NC(=O)CNC(=O)C(CCC(=O)O)NC(=O)CNC(=O)C(CC9=CNC=N9)N
Ezetimibe,1,3,3,,0,0,0,0,DB00973,C1=CC(=CC=C1C2C(C(=O)N2C3=CC=C(C=C3)F)CCC(C4=CC=C(C=C4)F)O)O
Falnidamol,1,1,1,,0,0,0,0,DB12966,CN1CCC(CC1)NC2=NC=C3C(=N2)C(=NC=N3)NC4=CC(=C(C=C4)F)Cl
Famotidine,1,1,1,,0,0,0,0,DB00927,C1=C(N=C(S1)N=C(N)N)CSCCC(=NS(=O)(=O)N)N
Febuxostat,1,1,1,,0,0,0,0,DB04854,CC1=C(SC(=N1)C2=CC(=C(C=C2)OCC(C)C)C#N)C(=O)O
Felbamate,1,2,2,,0,0,0,0,DB00949,C1=CC=C(C=C1)C(COC(=O)N)COC(=O)N
Felodipine,1,13,13,,0,0,0,0,DB01023,CCOC(=O)C1=C(NC(=C(C1C2=C(C(=CC=C2)Cl)Cl)C(=O)OC)C)C
Fenofibrate,1,3,3,,0,0,0,0,DB01039,CC(C)OC(=O)C(C)(C)OC1=CC=C(C=C1)C(=O)C2=CC=C(C=C2)Cl
Fenofibric acid,1,6,6,,0,0,0,0,DB13873,CC(C)(C(=O)O)OC1=CC=C(C=C1)C(=O)C2=CC=C(C=C2)Cl
Fenoldopam mesylate,0,8,8,,0,0,0,0,DB00800,CS(=O)(=O)O.C1CNCC(C2=CC(=C(C(=C21)Cl)O)O)C3=CC=C(C=C3)O
Ferric maltol,0,2,2,,0,0,0,0,DB15598,CC1=C(C(=O)C=CO1)[O-].CC1=C(C(=O)C=CO1)[O-].CC1=C(C(=O)C=CO1)[O-].[Fe+3]
Fexofenadine hydrochloride,0,1,1,,0,0,0,0,DB00950,CC(C)(C1=CC=C(C=C1)C(CCCN2CCC(CC2)C(C3=CC=CC=C3)(C4=CC=CC=C4)O)O)C(=O)O.Cl
Fialuridine,1,1,1,,0,0,0,0,DB15427,C1=C(C(=O)NC(=O)N1C2C(C(C(O2)CO)O)F)I
Finasteride,1,4,4,,0,0,0,0,DB01216,CC12CCC3C(C1CCC2C(=O)NC(C)(C)C)CCC4C3(C=CC(=O)N4)C
Finerenone,0,1,1,,0,0,0,0,DB16165,CCOC1=NC=C(C2=C1C(C(=C(N2)C)C(=O)N)C3=C(C=C(C=C3)C#N)OC)C
Fingolimod hydrochloride,1,7,7,,0,0,0,0,DB08868,CCCCCCCCC1=CC=C(C=C1)CCC(CO)(CO)N.Cl
Flavoxate hydrochloride,1,3,3,,0,0,0,0,DB01148,CC1=C(OC2=C(C1=O)C=CC=C2C(=O)OCCN3CCCCC3)C4=CC=CC=C4.Cl
Flecainide acetate,1,4,4,,0,0,0,0,DB01195,CC(=O)O.C1CCNC(C1)CNC(=O)C2=C(C=CC(=C2)OCC(F)(F)F)OCC(F)(F)F
Flibanserin,0,3,3,,0,0,0,0,DB04908,C1CN(CCN1CCN2C3=CC=CC=C3NC2=O)C4=CC=CC(=C4)C(F)(F)F
Florbetaben f-18,0,1,1,,0,0,0,0,DB09148,CNC1=CC=C(C=C1)C=CC2=CC=C(C=C2)OCCOCCOCCF
Florbetapir f-18,0,1,1,,0,0,0,0,DB09149,CNC1=CC=C(C=C1)C=CC2=CN=C(C=C2)OCCOCCOCCF
Flortaucipir f-18,0,3,3,,0,0,0,0,DB14914,C1=CC2=C(C=C1C3=CN=C(C=C3)F)NC4=C2C=NC=C4
Fluciclovine f-18,0,8,8,,0,0,0,0,DB13146,C1C(CC1(C(=O)O)N)F
Fluconazole,1,1,1,,0,0,0,0,DB00196,C1=CC(=C(C=C1F)F)C(CN2C=NC=N2)(CN3C=NC=N3)O
Fludrocortisone acetate,0,3,3,,0,0,0,0,DB00687,CC(=O)OCC(=O)C1(CCC2C1(CC(C3(C2CCC4=CC(=O)CCC43C)F)O)C)O
Flumazenil,0,8,8,,0,0,0,0,DB01205,CCOC(=O)C1=C2CN(C(=O)C3=C(N2C=N1)C=CC(=C3)F)C
Fluorescein sodium,0,2,2,,0,0,0,0,DB00693,C1=CC=C(C(=C1)C2=C3C=CC(=O)C=C3OC4=C2C=CC(=C4)[O-])C(=O)[O-].[Na+].[Na+]
Fluoroestradiol f-18,0,2,2,,0,0,0,0,DB15690,CC12CCC3C(C1CC(C2O)F)CCC4=C3C=CC(=C4)O
Fluorouracil,1,4,4,,0,0,0,0,DB00544,C1=C(C(=O)NC(=O)N1)F
Fluoxetine hydrochloride,1,7,7,,0,0,0,0,DB00472,CNCCC(C1=CC=CC=C1)OC2=CC=C(C=C2)C(F)(F)F.Cl
Flurazepam hydrochloride,1,3,3,,0,0,0,0,DB00690,CCN(CC)CCN1C(=O)CN=C(C2=C1C=CC(=C2)Cl)C3=CC=CC=C3F.Cl.Cl
Flurbiprofen sodium,1,2,2,,0,0,0,0,DB00712,CC(C1=CC(=C(C=C1)C2=CC=CC=C2)F)C(=O)[O-].[Na+]
Flutamide,1,3,3,,0,0,0,0,DB00499,CC(C)C(=O)NC1=CC(=C(C=C1)[N+](=O)[O-])C(F)(F)F
Flutemetamol f-18,0,1,1,,0,0,0,0,DB09151,CNC1=C(C=C(C=C1)C2=NC3=C(S2)C=C(C=C3)O)F
Fluvastatin sodium,1,2,2,,0,0,0,0,DB01095,CC(C)N1C2=CC=CC=C2C(=C1C=CC(CC(CC(=O)[O-])O)O)C3=CC=C(C=C3)F.[Na+]
Folic acid,0,5,5,,0,0,0,0,DB00158,C1=CC(=CC=C1C(=O)NC(CCC(=O)O)C(=O)O)NCC2=CN=C3C(=N2)C(=O)NC(=N3)N
Fondaparinux sodium,1,2,2,,0,0,0,0,DB00569,COC1C(C(C(C(O1)COS(=O)(=O)[O-])OC2C(C(C(C(O2)C(=O)[O-])OC3C(C(C(C(O3)COS(=O)(=O)[O-])OC4C(C(C(C(O4)C(=O)[O-])OC5C(C(C(C(O5)COS(=O)(=O)[O-])O)O)NS(=O)(=O)[O-])O)O)OS(=O)(=O)[O-])NS(=O)(=O)[O-])O)OS(=O)(=O)[O-])O)NS(=O)(=O)[O-].[Na+].[Na+].[Na+].[Na+].[Na+].[Na+].[Na+].[Na+].[Na+].[Na+]
Fosinopril sodium,1,1,1,,0,0,0,0,DB00492,CCC(=O)OC(C(C)C)OP(=O)(CCCCC1=CC=CC=C1)CC(=O)N2CC(CC2C(=O)[O-])C3CCCCC3.[Na+]
Fosphenytoin sodium,1,1,1,,0,0,0,0,DB01320,C1=CC=C(C=C1)C2(C(=O)N(C(=O)N2)COP(=O)([O-])[O-])C3=CC=CC=C3.[Na+].[Na+]
Gabapentin,1,8,8,,0,0,0,0,DB00996,C1CCC(CC1)(CC(=O)O)CN
Gabapentin enacarbil,0,3,3,,0,0,0,0,DB08872,CC(C)C(=O)OC(C)OC(=O)NCC1(CCCCC1)CC(=O)O
Gadofosveset trisodium,0,1,1,,0,0,0,0,DB06705,C1CC(CCC1OP(=O)([O-])OCC(CN(CCN(CC(=O)[O-])CC(=O)[O-])CC(=O)[O-])N(CC(=O)[O-])CC(=O)[O-])(C2=CC=CC=C2)C3=CC=CC=C3.[Na+].[Na+].[Na+].[Gd+3]
Gallium ga-68 edotreotide,0,4,4,,0,0,0,0,DB15494,CC(C1C(=O)NC(CSSCC(C(=O)NC(C(=O)NC(C(=O)NC(C(=O)N1)CCCCN)CC2=CNC3=CC=CC=C32)CC4=CC=C(C=C4)O)NC(=O)C(CC5=CC=CC=C5)NC(=O)CN6CCN(CCN(CCN(CC6)CC(=O)[O-])CC(=O)[O-])CC(=O)[O-])C(=O)NC(CO)C(C)O)O.[Ga+3]
Gallium ga-68 gozetotide,0,2,2,,0,0,0,0,DB16019,[H+].C1=CC(=C(C=C1CCC(=O)NCCCCCC(=O)NCCCCC(C(=O)O)NC(=O)NC(CCC(=O)O)C(=O)O)CN(CCN(CC2=C(C=CC(=C2)CCC(=O)O)[O-])CC(=O)[O-])CC(=O)[O-])[O-].[Ga+3]
Ganirelix acetate,0,1,1,,0,0,0,0,DB06785,CCNC(=NCCCCC(C(=O)NC(CC(C)C)C(=O)NC(CCCCN=C(NCC)NCC)C(=O)N1CCCC1C(=O)NC(C)C(=O)N)NC(=O)C(CC2=CC=C(C=C2)O)NC(=O)C(CO)NC(=O)C(CC3=CN=CC=C3)NC(=O)C(CC4=CC=C(C=C4)Cl)NC(=O)C(CC5=CC6=CC=CC=C6C=C5)NC(=O)C)NCC.CC(=O)O.CC(=O)O
Gefitinib,1,1,1,,0,0,0,0,DB00317,COC1=C(C=C2C(=C1)N=CN=C2NC3=CC(=C(C=C3)F)Cl)OCCCN4CCOCC4
Gemcitabine hydrochloride,1,4,4,,0,0,0,0,DB00441,C1=CN(C(=O)N=C1N)C2C(C(C(O2)CO)O)(F)F.Cl
Gemfibrozil,1,6,6,,0,0,0,0,DB01241,CC1=CC(=C(C=C1)C)OCCCC(C)(C)C(=O)O
Gemifloxacin mesylate,1,4,4,,0,0,0,0,DB01155,CON=C1CN(CC1CN)C2=C(C=C3C(=O)C(=CN(C3=N2)C4CC4)C(=O)O)F.CS(=O)(=O)O
Glimepiride,1,4,4,,0,0,0,0,DB00222,CCC1=C(CN(C1=O)C(=O)NCCC2=CC=C(C=C2)S(=O)(=O)NC(=O)NC3CCC(CC3)C)C
Glipizide,1,3,3,,0,0,0,0,DB01067,CC1=CN=C(C=N1)C(=O)NCCC2=CC=C(C=C2)S(=O)(=O)NC(=O)NC3CCCCC3
Glyburide,1,9,9,,0,0,0,0,DB01016,COC1=C(C=C(C=C1)Cl)C(=O)NCCC2=CC=C(C=C2)S(=O)(=O)NC(=O)NC3CCCCC3
Glycopyrrolate,0,5,5,,0,0,0,0,DB00986,C[N+]1(CCC(C1)OC(=O)C(C2CCCC2)(C3=CC=CC=C3)O)C.[Br-]
Guaifenesin,0,1,1,,0,0,0,0,DB00874,COC1=CC=CC=C1OCC(CO)O
Heparin sodium,1,12,12,,0,0,0,0,DB01109,CC(=O)NC1C(C(C(OC1O)COS(=O)(=O)O)OC2C(C(C(C(O2)C(=O)O)OC3C(C(C(C(O3)CO)OC4C(C(C(C(O4)C(=O)O)O)O)OS(=O)(=O)O)OS(=O)(=O)O)NS(=O)(=O)O)O)OS(=O)(=O)O)O.[Na+]
Hydralazine hydrochloride,1,3,3,,0,0,0,0,DB01275,C1=CC=C2C(=C1)C=NN=C2NN.Cl
Hydrochlorothiazide,1,3,3,,0,0,0,0,DB00999,C1NC2=CC(=C(C=C2S(=O)(=O)N1)S(=O)(=O)N)Cl
Hydrocortisone acetate,0,2,2,,0,0,0,0,DB00741,CC(=O)OCC(=O)C1(CCC2C1(CC(C3C2CCC4=CC(=O)CCC34C)O)C)O
Hydroxychloroquine sulfate,1,3,3,,0,0,0,0,DB01611,CCN(CCCC(C)NC1=C2C=CC(=CC2=NC=C1)Cl)CCO.OS(=O)(=O)O
Hydroxyurea,1,2,2,,0,0,0,0,DB01005,C(=O)(N)NO
Hydroxyzine hydrochloride,0,2,2,,0,0,0,0,DB00557,C1CN(CCN1CCOCCO)C(C2=CC=CC=C2)C3=CC=C(C=C3)Cl.Cl.Cl
Ibandronate sodium,1,2,2,,0,0,0,0,DB00710,CCCCCN(C)CCC(O)(P(=O)(O)O)P(=O)(O)[O-].O.[Na+]
Ibrutinib,1,1,1,,0,0,0,0,DB09053,C=CC(=O)N1CCCC(C1)N2C3=NC=NC(=C3C(=N2)C4=CC=C(C=C4)OC5=CC=CC=C5)N
Ibuprofen,1,13,13,,0,0,0,0,DB01050,CC(C)CC1=CC=C(C=C1)C(C)C(=O)O
Idelalisib,1,1,1,,0,0,0,0,DB09054,CCC(C1=NC2=C(C(=CC=C2)F)C(=O)N1C3=CC=CC=C3)NC4=NC=NC5=C4NC=N5
Ifosfamide,1,1,1,,0,0,0,0,DB01181,C1CN(P(=O)(OC1)NCCCl)CCCl
Imatinib mesylate,1,11,11,,0,0,0,0,DB00619,CC1=C(C=C(C=C1)NC(=O)C2=CC=C(C=C2)CN3CCN(CC3)C)NC4=NC=CC(=N4)C5=CN=CC=C5.CS(=O)(=O)O
Imipramine hydrochloride,1,24,24,,0,0,0,0,DB00458,CN(C)CCCN1C2=CC=CC=C2CCC3=CC=CC=C31.Cl
Indomethacin,1,11,11,,0,0,0,0,DB00328,CC1=C(C2=C(N1C(=O)C3=CC=C(C=C3)Cl)C=CC(=C2)OC)CC(=O)O
Interferon alfa-2b,1,3,3,,0,0,0,0,DB00105,CCCN(CCOC1=C(C=C(C=C1Cl)Cl)Cl)C(=O)N2C=CN=C2.C(S(=O)(=O)[O-])(I)I.[Na+]
Iodipamide sodium,0,1,1,,0,0,0,0,DB04711,C1=C(C(=C(C(=C1I)NC(=O)CCCCC(=O)NC2=C(C=C(C(=C2I)C(=O)[O-])I)I)I)C(=O)[O-])I.[Na+].[Na+]
Ioflupane i-123,0,1,1,,0,0,0,0,DB08824,COC(=O)C1C2CCC(N2CCCF)CC1C3=CC=C(C=C3)I
Iproniazid,1,2,2,,0,0,0,0,DB04818,CC(C)NNC(=O)C1=CC=NC=C1
Irbesartan,1,2,2,,0,0,0,0,DB01029,CCCCC1=NC2(CCCC2)C(=O)N1CC3=CC=C(C=C3)C4=CC=CC=C4C5=NNN=N5
Irinotecan hydrochloride,1,2,2,,0,0,0,0,DB00762,CCC1=C2CN3C(=CC4=C(C3=O)COC(=O)C4(CC)O)C2=NC5=C1C=C(C=C5)OC(=O)N6CCC(CC6)N7CCCCC7.Cl
Isoniazid,1,7,7,,0,0,0,0,DB00951,C1=CN=CC=C1C(=O)NN
Isoproterenol hydrochloride,0,5,5,,0,0,0,0,DB01064,CC(C)NCC(C1=CC(=C(C=C1)O)O)O.Cl
Isosorbide dinitrate,0,1,1,,0,0,0,0,DB00883,C1C(C2C(O1)C(CO2)O[N+](=O)[O-])O[N+](=O)[O-]
Isotretinoin,1,2,2,,0,0,0,0,DB00982,CC1=C(C(CCC1)(C)C)C=CC(=CC=CC(=CC(=O)O)C)C
Isradipine,1,7,7,,0,0,0,0,DB00270,CC1=C(C(C(=C(N1)C)C(=O)OC(C)C)C2=CC=CC3=NON=C32)C(=O)OC
Istradefylline,0,2,2,,0,0,0,0,DB11757,CCN1C2=C(C(=O)N(C1=O)CC)N(C(=N2)C=CC3=CC(=C(C=C3)OC)OC)C
Itraconazole,1,2,2,,0,0,0,0,DB01167,CCC(C)N1C(=O)N(C=N1)C2=CC=C(C=C2)N3CCN(CC3)C4=CC=C(C=C4)OCC5COC(O5)(CN6C=NC=N6)C7=C(C=C(C=C7)Cl)Cl
Ivabradine hydrochloride,0,1,1,,0,0,0,0,DB09083,CN(CCCN1CCC2=CC(=C(C=C2CC1=O)OC)OC)CC3CC4=CC(=C(C=C34)OC)OC.Cl
Ivacaftor,1,1,1,,0,0,0,0,DB08820,CC(C)(C)C1=CC(=C(C=C1NC(=O)C2=CNC3=CC=CC=C3C2=O)O)C(C)(C)C
Ivermectin,1,2,2,,0,0,0,0,DB00602,CCC(C)C1C(CCC2(O1)CC3CC(O2)CC=C(C(C(C=CC=C4COC5C4(C(C=C(C5O)C)C(=O)O3)O)C)OC6CC(C(C(O6)C)OC7CC(C(C(O7)C)O)OC)OC)C)C
Kanamycin,0,1,1,,0,0,0,0,DB01172,C1C(C(C(C(C1N)OC2C(C(C(C(O2)CN)O)O)O)O)OC3C(C(C(C(O3)CO)O)N)O)N
Ketamine hydrochloride,1,14,14,,0,0,0,0,DB01221,CNC1(CCCCC1=O)C2=CC=CC=C2Cl.Cl
Ketoconazole,1,8,8,,0,0,0,0,DB01026,CC(=O)N1CCN(CC1)C2=CC=C(C=C2)OCC3COC(O3)(CN4C=CN=C4)C5=C(C=C(C=C5)Cl)Cl
Ketoprofen,1,3,3,,0,0,0,0,DB01009,CC(C1=CC(=CC=C1)C(=O)C2=CC=CC=C2)C(=O)O
Labetalol hydrochloride,1,3,3,,0,0,0,0,DB00598,CC(CCC1=CC=CC=C1)NCC(C2=CC(=C(C=C2)O)C(=O)N)O.Cl
Lactulose,0,1,1,,0,0,0,0,DB00581,C(C1C(C(C(C(O1)OC2C(OC(C2O)(CO)O)CO)O)O)O)O
Lamivudine,1,3,3,,0,0,0,0,DB00709,C1C(OC(S1)CO)N2C=CC(=NC2=O)N
Lamotrigine,1,18,18,,0,0,0,0,DB00555,C1=CC(=C(C(=C1)Cl)Cl)C2=C(N=C(N=N2)N)N
Lansoprazole,1,2,2,,0,0,0,0,DB00448,CC1=C(C=CN=C1CS(=O)C2=NC3=CC=CC=C3N2)OCC(F)(F)F
Leflunomide,1,4,4,,0,0,0,0,DB01097,CC1=C(C=NO1)C(=O)NC2=CC=C(C=C2)C(F)(F)F
Lemborexant,0,2,2,,0,0,0,0,DB11951,CC1=NC(=NC=C1OCC2(CC2C(=O)NC3=NC=C(C=C3)F)C4=CC(=CC=C4)F)C
Lenalidomide,1,5,5,,0,0,0,0,DB00480,C1CC(=O)NC(=O)C1N2CC3=C(C2=O)C=CC=C3N
Letermovir,1,1,1,,0,0,0,0,DB12070,COC1=C(C=C(C=C1)C(F)(F)F)N2C(C3=C(C(=CC=C3)F)N=C2N4CCN(CC4)C5=CC(=CC=C5)OC)CC(=O)O
Letrozole,1,1,1,,0,0,0,0,DB01006,C1=CC(=CC=C1C#N)C(C2=CC=C(C=C2)C#N)N3C=NC=N3
Leuprolide acetate,1,2,2,,0,0,0,0,DB00007,CCNC(=O)C1CCCN1C(=O)C(CCCN=C(N)N)NC(=O)C(CC(C)C)NC(=O)C(CC(C)C)NC(=O)C(CC2=CC=C(C=C2)O)NC(=O)C(CO)NC(=O)C(CC3=CNC4=CC=CC=C43)NC(=O)C(CC5=CN=CN5)NC(=O)C6CCC(=O)N6.CC(=O)O
Levetiracetam,1,3,3,,0,0,0,0,DB01202,CCC(C(=O)N)N1CCCC1=O
Levocarnitine,0,12,12,,0,0,0,0,DB00583,C[N+](C)(C)CC(CC(=O)[O-])O
Levofloxacin,1,4,4,,0,0,0,0,DB01137,CC1COC2=C3N1C=C(C(=O)C3=CC(=C2N4CCN(CC4)C)F)C(=O)O
Levoleucovorin,0,1,1,,0,0,0,0,DB11596,C1C(N(C2=C(N1)N=C(NC2=O)N)C=O)CNC3=CC=C(C=C3)C(=O)NC(CCC(=O)O)C(=O)O
Levonorgestrel,0,6,6,,0,0,0,0,DB00367,CCC12CCC3C(C1CCC2(C#C)O)CCC4=CC(=O)CCC34
Levorphanol tartrate,0,3,3,,0,0,0,0,DB00854,CN1CCC23CCCCC2C1CC4=C3C=C(C=C4)O.C(C(C(=O)O)O)(C(=O)O)O
Levothyroxine sodium,1,4,4,,0,0,0,0,DB00451,C1=C(C=C(C(=C1I)OC2=CC(=C(C(=C2)I)O)I)I)CC(C(=O)[O-])N.[Na+]
Lidocaine,0,8,8,,0,0,0,0,DB00281,CCN(CC)CC(=O)NC1=C(C=CC=C1C)C
Linaclotide,0,1,1,,0,0,0,0,DB08890,CC1C(=O)NC2CSSCC3C(=O)NC(C(=O)NC(C(=O)NC(CSSCC(NC(=O)CNC(=O)C(NC2=O)C(C)O)C(=O)NC(CC4=CC=C(C=C4)O)C(=O)O)C(=O)NC(CSSCC(C(=O)N3)N)C(=O)NC(C(=O)N5CCCC5C(=O)N1)CC(=O)N)CC6=CC=C(C=C6)O)CCC(=O)O
Linagliptin,1,1,1,,0,0,0,0,DB08882,CC#CCN1C2=C(N=C1N3CCCC(C3)N)N(C(=O)N(C2=O)CC4=NC5=CC=CC=C5C(=N4)C)C
Liothyronine sodium,0,3,3,,0,0,0,0,DB00279,C1=CC(=C(C=C1OC2=C(C=C(C=C2I)CC(C(=O)[O-])N)I)I)O.[Na+]
Liraglutide,1,1,1,,0,0,0,0,DB06655,CCCCCCCCCCCCCCCC(=O)NC(CCC(=O)NCCCCC(C(=O)NC(CCC(=O)O)C(=O)NC(CC1=CC=CC=C1)C(=O)NC(C(C)CC)C(=O)NC(C)C(=O)NC(CC2=CNC3=CC=CC=C32)C(=O)NC(CC(C)C)C(=O)NC(C(C)C)C(=O)NC(CCCNC(=N)N)C(=O)NCC(=O)NC(CCCNC(=N)N)C(=O)NCC(=O)O)NC(=O)C(C)NC(=O)C(C)NC(=O)C(CCC(=O)N)NC(=O)CNC(=O)C(CCC(=O)O)NC(=O)C(CC(C)C)NC(=O)C(CC4=CC=C(C=C4)O)NC(=O)C(CO)NC(=O)C(CO)NC(=O)C(C(C)C)NC(=O)C(CC(=O)O)NC(=O)C(CO)NC(=O)C(C(C)O)NC(=O)C(CC5=CC=CC=C5)NC(=O)C(C(C)O)NC(=O)CNC(=O)C(CCC(=O)O)NC(=O)C(C)NC(=O)C(CC6=CN=CN6)N)C(=O)O
Lisinopril,1,2,2,,0,0,0,0,DB00722,C1CC(N(C1)C(=O)C(CCCCN)NC(CCC2=CC=CC=C2)C(=O)O)C(=O)O
Lofexidine hydrochloride,0,6,6,,0,0,0,0,DB04948,CC(C1=NCCN1)OC2=C(C=CC=C2Cl)Cl.Cl
Lomitapide mesylate,1,1,1,,0,0,0,0,DB08827,CS(=O)(=O)O.C1CN(CCC1NC(=O)C2=CC=CC=C2C3=CC=C(C=C3)C(F)(F)F)CCCCC4(C5=CC=CC=C5C6=CC=CC=C64)C(=O)NCC(F)(F)F
Lomustine,1,1,1,,0,0,0,0,DB01206,C1CCC(CC1)NC(=O)N(CCCl)N=O
Loperamide hydrochloride,0,7,7,,0,0,0,0,DB00836,CN(C)C(=O)C(CCN1CCC(CC1)(C2=CC=C(C=C2)Cl)O)(C3=CC=CC=C3)C4=CC=CC=C4.Cl
Loracarbef,1,2,2,,0,0,0,0,DB00447,C1CC(=C(N2C1C(C2=O)NC(=O)C(C3=CC=CC=C3)N)C(=O)O)Cl
Loratadine,0,2,2,,0,0,0,0,DB00455,CCOC(=O)N1CCC(=C2C3=C(CCC4=C2N=CC=C4)C=C(C=C3)Cl)CC1
Lorazepam,1,3,3,,0,0,0,0,DB00186,C1=CC=C(C(=C1)C2=NC(C(=O)NC3=C2C=C(C=C3)Cl)O)Cl
Losartan potassium,1,2,2,,0,0,0,0,DB00678,CCCCC1=NC(=C(N1CC2=CC=C(C=C2)C3=CC=CC=C3C4=NN=N[N-]4)CO)Cl.[K+]
Lovastatin,1,3,3,,0,0,0,0,DB00227,CCC(C)C(=O)OC1CC(C=C2C1C(C(C=C2)C)CCC3CC(CC(=O)O3)O)C
Lubiprostone,0,1,1,,0,0,0,0,DB01046,CCCCC(C1(CCC2C(O1)CC(=O)C2CCCCCCC(=O)O)O)(F)F
Lumiracoxib,1,2,2,,0,0,0,0,DB01283,CC1=CC(=C(C=C1)NC2=C(C=CC=C2Cl)F)CC(=O)O
Lurasidone hydrochloride,0,6,6,,0,0,0,0,DB08815,C1CCC(C(C1)CN2CCN(CC2)C3=NSC4=CC=CC=C43)CN5C(=O)C6C7CCC(C7)C6C5=O.Cl
Lusutrombopag,0,1,1,,0,0,0,0,DB13125,CCCCCCOC(C)C1=CC=CC(=C1OC)C2=CSC(=N2)NC(=O)C3=CC(=C(C(=C3)Cl)C=C(C)C(=O)O)Cl
Macimorelin acetate,0,1,1,,0,0,0,0,DB13074,CC(=O)O.CC(C)(C(=O)NC(CC1=CNC2=CC=CC=C21)C(=O)NC(CC3=CNC4=CC=CC=C43)NC=O)N
Macitentan,1,2,2,,0,0,0,0,DB08932,CCCNS(=O)(=O)NC1=C(C(=NC=N1)OCCOC2=NC=C(C=N2)Br)C3=CC=C(C=C3)Br
Maraviroc,1,1,1,,0,0,0,0,DB04835,CC1=NN=C(N1C2CC3CCC(C2)N3CCC(C4=CC=CC=C4)NC(=O)C5CCC(CC5)(F)F)C(C)C
Maribavir,0,1,1,,0,0,0,0,DB06234,CC(C)NC1=NC2=CC(=C(C=C2N1C3C(C(C(O3)CO)O)O)Cl)Cl
Mebendazole,1,2,2,,0,0,0,0,DB00643,COC(=O)NC1=NC2=C(N1)C=C(C=C2)C(=O)C3=CC=CC=C3
Mecamylamine hydrochloride,0,4,4,,0,0,0,0,DB00657,CC1(C2CCC(C2)C1(C)NC)C.Cl
Meclizine hydrochloride,0,2,2,,0,0,0,0,DB00737,CC1=CC(=CC=C1)CN2CCN(CC2)C(C3=CC=CC=C3)C4=CC=C(C=C4)Cl.O.Cl.Cl
Mefenamic acid,1,2,2,,0,0,0,0,DB00784,CC1=C(C(=CC=C1)NC2=CC=CC=C2C(=O)O)C
Mefloquine hydrochloride,1,1,1,,0,0,0,0,DB00358,C1CCNC(C1)C(C2=CC(=NC3=C2C=CC=C3C(F)(F)F)C(F)(F)F)O.Cl
Meloxicam,1,2,2,,0,0,0,0,DB00814,CC1=CN=C(S1)NC(=O)C2=C(C3=CC=CC=C3S(=O)(=O)N2C)O
Memantine hydrochloride,1,6,6,,0,0,0,0,DB01043,CC12CC3CC(C1)(CC(C3)(C2)N)C.Cl
Meperidine hydrochloride,0,12,12,,0,0,0,0,DB00454,CCOC(=O)C1(CCN(CC1)C)C2=CC=CC=C2.Cl
Mepivacaine hydrochloride,1,1,1,,0,0,0,0,DB00961,CC1=C(C(=CC=C1)C)NC(=O)C2CCCCN2C.Cl
Meprobamate,0,9,9,,0,0,0,0,DB00371,CCCC(C)(COC(=O)N)COC(=O)N
Mercaptopurine,1,4,4,,0,0,0,0,DB01033,C1=NC2=C(N1)C(=S)N=CN2
Meropenem,1,1,1,,0,0,0,0,DB00760,CC1C2C(C(=O)N2C(=C1SC3CC(NC3)C(=O)N(C)C)C(=O)O)C(C)O
Mesalamine,1,7,7,,0,0,0,0,DB00244,C1=CC(=C(C=C1N)C(=O)O)O
Metaproterenol sulfate,0,1,1,,0,0,0,0,DB00816,CC(C)NCC(C1=CC(=CC(=C1)O)O)O.CC(C)NCC(C1=CC(=CC(=C1)O)O)O.OS(=O)(=O)O
Metformin hydrochloride,1,5,5,,0,0,0,0,DB00331,CN(C)C(=N)N=C(N)N.Cl
Methamphetamine hydrochloride,0,13,13,,0,0,0,0,DB01577,CC(CC1=CC=CC=C1)NC.Cl
Methazolamide,1,5,5,,0,0,0,0,DB00703,CC(=O)N=C1N(N=C(S1)S(=O)(=O)N)C
Methimazole,1,1,1,,0,0,0,0,DB00763,CN1C=CNC1=S
Methionine,0,5,5,,0,0,0,0,DB00134,CSCCC(C(=O)O)N
Methotrexate sodium,1,5,5,,0,0,0,0,DB00563,CN(CC1=CN=C2C(=N1)C(=NC(=N2)N)N)C3=CC=C(C=C3)C(=O)NC(CCC(=O)[O-])C(=O)[O-].[Na+].[Na+]
Methoxsalen,1,1,1,,0,0,0,0,DB00553,COC1=C2C(=CC3=C1OC=C3)C=CC(=O)O2
Methscopolamine bromide,0,3,3,,0,0,0,0,DB00462,C[N+]1(C2CC(CC1C3C2O3)OC(=O)C(CO)C4=CC=CC=C4)C.[Br-]
Methsuximide,0,1,1,,0,0,0,0,DB05246,CC1(CC(=O)N(C1=O)C)C2=CC=CC=C2
Methyldopa,1,3,3,,0,0,0,0,DB00968,CC(CC1=CC(=C(C=C1)O)O)(C(=O)O)N
Methylergonovine maleate,0,2,2,,0,0,0,0,DB00353,CCC(CO)NC(=O)C1CN(C2CC3=CNC4=CC=CC(=C34)C2=C1)C.C(=CC(=O)O)C(=O)O
Methylphenidate hydrochloride,1,3,3,,0,0,0,0,DB00422,COC(=O)C(C1CCCCN1)C2=CC=CC=C2.Cl
Methylprednisolone,1,2,2,,0,0,0,0,DB00959,CC1CC2C3CCC(C3(CC(C2C4(C1=CC(=O)C=C4)C)O)C)(C(=O)CO)O
Methyltestosterone,1,2,2,,0,0,0,0,DB06710,CC12CCC(=O)C=C1CCC3C2CCC4(C3CCC4(C)O)C
Methysergide maleate,0,8,8,,0,0,0,0,DB00247,CCC(CO)NC(=O)C1CN(C2CC3=CN(C4=CC=CC(=C34)C2=C1)C)C.C(=CC(=O)O)C(=O)O
Metoclopramide hydrochloride,1,4,4,,0,0,0,0,DB01233,CCN(CC)CCNC(=O)C1=CC(=C(C=C1OC)N)Cl.O.Cl
Metoprolol tartrate,1,3,3,,0,0,0,0,DB00264,CC(C)NCC(COC1=CC=C(C=C1)CCOC)O.CC(C)NCC(COC1=CC=C(C=C1)CCOC)O.C(C(C(=O)O)O)(C(=O)O)O
Metronidazole,1,1,1,,0,0,0,0,DB00916,CC1=NC=C(N1CCO)[N+](=O)[O-]
Metyrapone,0,2,2,,0,0,0,0,DB01011,CC(C)(C1=CN=CC=C1)C(=O)C2=CN=CC=C2
Metyrosine,0,1,1,,0,0,0,0,DB00765,CC(CC1=CC=C(C=C1)O)(C(=O)O)N
Mexiletine hydrochloride,1,2,2,,0,0,0,0,DB00379,CC1=C(C(=CC=C1)C)OCC(C)N.Cl
Micafungin sodium,1,2,2,,0,0,0,0,DB01141,CCCCCOC1=CC=C(C=C1)C2=CC(=NO2)C3=CC=C(C=C3)C(=O)NC4CC(C(NC(=O)C5C(C(CN5C(=O)C(NC(=O)C(NC(=O)C6CC(CN6C(=O)C(NC4=O)C(C)O)O)C(C(C7=CC(=C(C=C7)O)OS(=O)(=O)[O-])O)O)C(CC(=O)N)O)C)O)O)O.[Na+]
Midazolam hydrochloride,0,4,4,,0,0,0,0,DB00683,CC1=NC=C2N1C3=C(C=C(C=C3)Cl)C(=NC2)C4=CC=CC=C4F.Cl
Midodrine hydrochloride,0,3,3,,0,0,0,0,DB00211,COC1=CC(=C(C=C1)OC)C(CNC(=O)CN)O.Cl
Mifepristone,1,4,4,,0,0,0,0,DB00834,CC#CC1(CCC2C1(CC(C3=C4CCC(=O)C=C4CCC23)C5=CC=C(C=C5)N(C)C)C)O
Migalastat hydrochloride,0,1,1,,0,0,0,0,DB05018,C1C(C(C(C(N1)CO)O)O)O.Cl
Miglitol,0,4,4,,0,0,0,0,DB00491,C1C(C(C(C(N1CCO)CO)O)O)O
Miglustat,0,1,1,,0,0,0,0,DB00419,CCCCN1CC(C(C(C1CO)O)O)O
Milnacipran hydrochloride,1,3,3,,0,0,0,0,DB04896,CCN(CC)C(=O)C1(CC1CN)C2=CC=CC=C2.Cl
Minocycline hydrochloride,1,11,11,,0,0,0,0,DB01017,CN(C)C1C2CC3CC4=C(C=CC(=C4C(=C3C(=O)C2(C(=C(C1=O)C(=O)N)O)O)O)O)N(C)C.Cl
Minoxidil,0,3,3,,0,0,0,0,DB00350,C1CCN(CC1)C2=NC(=N)N(C(=C2)N)O
Mirtazapine,1,7,7,,0,0,0,0,DB00370,CN1CCN2C(C1)C3=CC=CC=C3CC4=C2N=CC=C4
Mitotane,0,5,5,,0,0,0,0,DB00648,C1=CC=C(C(=C1)C(C2=CC=C(C=C2)Cl)C(Cl)Cl)Cl
Mitoxantrone hydrochloride,1,2,2,,0,0,0,0,DB01204,C1=CC(=C2C(=C1NCCNCCO)C(=O)C3=C(C=CC(=C3C2=O)O)O)NCCNCCO.Cl.Cl
Modafinil,1,2,2,,0,0,0,0,DB00745,C1=CC=C(C=C1)C(C2=CC=CC=C2)S(=O)CC(=O)N
Montelukast sodium,1,2,2,,0,0,0,0,DB00471,CC(C)(C1=CC=CC=C1CCC(C2=CC=CC(=C2)C=CC3=NC4=C(C=CC(=C4)Cl)C=C3)SCC5(CC5)CC(=O)[O-])O.[Na+]
Morphine sulfate,0,4,4,,0,0,0,0,DB00295,CN1CCC23C4C1CC5=C2C(=C(C=C5)O)OC3C(C=C4)O.CN1CCC23C4C1CC5=C2C(=C(C=C5)O)OC3C(C=C4)O.OS(=O)(=O)O
Moxifloxacin hydrochloride,1,6,6,,0,0,0,0,DB00218,COC1=C2C(=CC(=C1N3CC4CCCNC4C3)F)C(=O)C(=CN2C5CC5)C(=O)O.Cl
Moxisylyte,1,2,2,,0,0,0,0,DB09205,CC1=CC(=C(C=C1OC(=O)C)C(C)C)OCCN(C)C
Mycophenolate mofetil,1,4,4,,0,0,0,0,DB00688,CC1=C2COC(=O)C2=C(C(=C1OC)CC=C(C)CCC(=O)OCCN3CCOCC3)O
Nabilone,0,2,2,,0,0,0,0,DB00486,CCCCCCC(C)(C)C1=CC(=C2C3CC(=O)CCC3C(OC2=C1)(C)C)O
Nafcillin sodium,1,5,5,,0,0,0,0,DB00607,CCOC1=C(C2=CC=CC=C2C=C1)C(=O)NC3C4N(C3=O)C(C(S4)(C)C)C(=O)[O-].[Na+]
Nalbuphine hydrochloride,0,3,3,,0,0,0,0,DB00844,C1CC(C1)CN2CCC34C5C(CCC3(C2CC6=C4C(=C(C=C6)O)O5)O)O.Cl
Naloxone hydrochloride,0,7,7,,0,0,0,0,DB01183,C=CCN1CCC23C4C(=O)CCC2(C1CC5=C3C(=C(C=C5)O)O4)O.Cl
Nandrolone phenpropionate,1,1,1,,0,0,0,0,DB00984,CC12CCC3C(C1CCC2OC(=O)CCC4=CC=CC=C4)CCC5=CC(=O)CCC35
Naproxen,1,4,4,,0,0,0,0,DB00788,CC(C1=CC2=C(C=C1)C=C(C=C2)OC)C(=O)O
Nefazodone hydrochloride,1,10,10,,0,0,0,0,DB01149,CCC1=NN(C(=O)N1CCOC2=CC=CC=C2)CCCN3CCN(CC3)C4=CC(=CC=C4)Cl.Cl
Nelarabine,1,4,4,,0,0,0,0,DB01280,COC1=NC(=NC2=C1N=CN2C3C(C(C(O3)CO)O)O)N
Nelfinavir mesylate,1,1,1,,0,0,0,0,DB00220,CC1=C(C=CC=C1O)C(=O)NC(CSC2=CC=CC=C2)C(CN3CC4CCCCC4CC3C(=O)NC(C)(C)C)O.CS(=O)(=O)O
Neomycin sulfate,0,2,2,,0,0,0,0,DB00994,C1C(C(C(C(C1N)OC2C(C(C(C(O2)CN)O)O)N)OC3C(C(C(O3)CO)OC4C(C(C(C(O4)CN)O)O)N)O)O)N.OS(=O)(=O)O
Nesiritide,0,3,3,,0,0,0,0,DB04899,CCC(C)C1C(=O)NC(C(=O)NC(C(=O)NC(C(=O)NC(C(=O)NCC(=O)NC(C(=O)NCC(=O)NC(CSSCC(C(=O)NC(C(=O)NCC(=O)NC(C(=O)NC(C(=O)NC(C(=O)NC(C(=O)NC(C(=O)N1)CCCNC(=N)N)CC(=O)O)CCSC)CCCCN)CCCNC(=N)N)CC2=CC=CC=C2)NC(=O)CNC(=O)C(CO)NC(=O)CNC(=O)C(CCC(=O)N)NC(=O)C(C(C)C)NC(=O)C(CCSC)NC(=O)C(CCCCN)NC(=O)C3CCCN3C(=O)C(CO)N)C(=O)NC(CCCCN)C(=O)NC(C(C)C)C(=O)NC(CC(C)C)C(=O)NC(CCCNC(=N)N)C(=O)NC(CCCNC(=N)N)C(=O)NC(CC4=CNC=N4)C(=O)O)CC(C)C)CO)CO)CO)CO
Nevirapine,1,2,2,,0,0,0,0,DB00238,CC1=C2C(=NC=C1)N(C3=C(C=CC=N3)C(=O)N2)C4CC4
Niacin,1,5,5,,0,0,0,0,DB00627,C1=CC(=CN=C1)C(=O)O
Nialamide,1,3,3,,0,0,0,0,DB04820,C1=CC=C(C=C1)CNC(=O)CCNNC(=O)C2=CC=NC=C2
Nifedipine,1,8,8,,0,0,0,0,DB01115,CC1=C(C(C(=C(N1)C)C(=O)OC)C2=CC=CC=C2[N+](=O)[O-])C(=O)OC
Nifurtimox,0,1,1,,0,0,0,0,DB11820,CC1CS(=O)(=O)CCN1N=CC2=CC=C(O2)[N+](=O)[O-]
Nilotinib hydrochloride,1,2,2,,0,0,0,0,DB04868,CC1=C(C=C(C=C1)C(=O)NC2=CC(=CC(=C2)C(F)(F)F)N3C=C(N=C3)C)NC4=NC=CC(=N4)C5=CN=CC=C5.Cl
Nilutamide,1,1,1,,0,0,0,0,DB00665,CC1(C(=O)N(C(=O)N1)C2=CC(=C(C=C2)[N+](=O)[O-])C(F)(F)F)C
Nimesulide,1,4,4,,0,0,0,0,DB04743,CS(=O)(=O)NC1=C(C=C(C=C1)[N+](=O)[O-])OC2=CC=CC=C2
Niperotidine,1,1,1,,0,0,0,0,DB13760,CN(C)CC1=CC=C(O1)CSCCNC(=C[N+](=O)[O-])NCC2=CC3=C(C=C2)OCO3
Nitazoxanide,0,1,1,,0,0,0,0,DB00507,CC(=O)OC1=CC=CC=C1C(=O)NC2=NC=C(S2)[N+](=O)[O-]
Nitrofurantoin,1,3,3,,0,0,0,0,DB00698,C1C(=O)NC(=O)N1N=CC2=CC=C(O2)[N+](=O)[O-]
Nitroglycerin,0,4,4,,0,0,0,0,DB00727,C(C(CO[N+](=O)[O-])O[N+](=O)[O-])O[N+](=O)[O-]
Nizatidine,1,1,1,,0,0,0,0,DB00585,CNC(=C[N+](=O)[O-])NCCSCC1=CSC(=N1)CN(C)C
Nomifensine,1,8,8,,0,0,0,0,DB04821,CN1CC(C2=C(C1)C(=CC=C2)N)C3=CC=CC=C3
Norethindrone acetate,0,3,3,,0,0,0,0,DB00717,CC(=O)OC1(CCC2C1(CCC3C2CCC4=CC(=O)CCC34)C)C#C
Norfloxacin,1,7,7,,0,0,0,0,DB01059,CCN1C=C(C(=O)C2=CC(=C(C=C21)N3CCNCC3)F)C(=O)O
Nortriptyline hydrochloride,1,15,15,,0,0,0,0,DB00540,CNCCC=C1C2=CC=CC=C2CCC3=CC=CC=C31.Cl
Obeticholic acid,1,1,1,,0,0,0,0,DB05990,CCC1C2CC(CCC2(C3CCC4(C(C3C1O)CCC4C(C)CCC(=O)O)C)C)O
Octreotide acetate,1,1,1,,0,0,0,0,DB00104,CC(C1C(=O)NC(CSSCC(C(=O)NC(C(=O)NC(C(=O)NC(C(=O)N1)CCCCN)CC2=CNC3=CC=CC=C32)CC4=CC=CC=C4)NC(=O)C(CC5=CC=CC=C5)N)C(=O)NC(CO)C(C)O)O.CC(=O)O.CC(=O)O
Ofloxacin,1,5,5,,0,0,0,0,DB01165,CC1COC2=C3N1C=C(C(=O)C3=CC(=C2N4CCN(CC4)C)F)C(=O)O
Olanzapine,1,20,20,,0,0,0,0,DB00334,CC1=CC2=C(S1)NC3=CC=CC=C3N=C2N4CCN(CC4)C
Olaparib,1,4,4,,0,0,0,0,DB09074,C1CC1C(=O)N2CCN(CC2)C(=O)C3=C(C=CC(=C3)CC4=NNC(=O)C5=CC=CC=C54)F
Olsalazine sodium,1,3,3,,0,0,0,0,DB01250,C1=CC(=C(C=C1N=NC2=CC(=C(C=C2)[O-])C(=O)O)C(=O)O)[O-].[Na+].[Na+]
Omeprazole,1,3,3,,0,0,0,0,DB00338,CC1=CN=C(C(=C1OC)C)CS(=O)C2=NC3=C(N2)C=C(C=C3)OC
Ondansetron hydrochloride,1,5,5,,0,0,0,0,DB00904,CC1=NC=CN1CC2CCC3=C(C2=O)C4=CC=CC=C4N3C.Cl
Opicapone,0,1,1,,0,0,0,0,DB11632,CC1=C(C(=[N+](C(=C1Cl)C)[O-])Cl)C2=NOC(=N2)C3=CC(=C(C(=C3)O)O)[N+](=O)[O-]
Orlistat,1,4,4,,0,0,0,0,DB01083,CCCCCCCCCCCC(CC1C(C(=O)O1)CCCCCC)OC(=O)C(CC(C)C)NC=O
Orphenadrine hydrochloride,0,7,7,,0,0,0,0,DB01173,CC1=CC=CC=C1C(C2=CC=CC=C2)OCCN(C)C.Cl
Osimertinib mesylate,1,1,1,,0,0,0,0,DB09330,CN1C=C(C2=CC=CC=C21)C3=NC(=NC=C3)NC4=C(C=C(C(=C4)NC(=O)C=C)N(C)CCN(C)C)OC.CS(=O)(=O)O
Ospemifene,0,1,1,,0,0,0,0,DB04938,C1=CC=C(C=C1)C(=C(C2=CC=CC=C2)C3=CC=C(C=C3)OCCO)CCCl
Oxacillin sodium,1,10,10,,0,0,0,0,DB00713,CC1=C(C(=NO1)C2=CC=CC=C2)C(=O)NC3C4N(C3=O)C(C(S4)(C)C)C(=O)[O-].O.[Na+]
Oxandrolone,1,1,1,,0,0,0,0,DB00621,CC12CCC3C(C1CCC2(C)O)CCC4C3(COC(=O)C4)C
Oxaprozin,1,2,2,,0,0,0,0,DB00991,C1=CC=C(C=C1)C2=C(OC(=N2)CCC(=O)O)C3=CC=CC=C3
Oxcarbazepine,1,2,2,,0,0,0,0,DB00776,C1C2=CC=CC=C2N(C3=CC=CC=C3C1=O)C(=O)N
Oxycodone hydrochloride,1,3,3,,0,0,0,0,DB00497,CN1CCC23C4C(=O)CCC2(C1CC5=C3C(=C(C=C5)OC)O4)O.Cl
Oxymetholone,1,2,2,,0,0,0,0,DB06412,CC12CCC3C(C1CCC2(C)O)CCC4C3(CC(=CO)C(=O)C4)C
Oxymorphone hydrochloride,0,2,2,,0,0,0,0,DB01192,CN1CCC23C4C(=O)CCC2(C1CC5=C3C(=C(C=C5)O)O4)O.Cl
Oxytocin,0,4,4,,0,0,0,0,DB00107,CCC(C)C1C(=O)NC(C(=O)NC(C(=O)NC(CSSCC(C(=O)NC(C(=O)N1)CC2=CC=C(C=C2)O)N)C(=O)N3CCCC3C(=O)NC(CC(C)C)C(=O)NCC(=O)N)CC(=O)N)CCC(=O)N
Paclitaxel,1,3,3,,0,0,0,0,DB01229,CC1=C2C(C(=O)C3(C(CC4C(C3C(C(C2(C)C)(CC1OC(=O)C(C(C5=CC=CC=C5)NC(=O)C6=CC=CC=C6)O)O)OC(=O)C7=CC=CC=C7)(CO4)OC(=O)C)O)C)OC(=O)C
Pafolacianine sodium,0,1,1,,0,0,0,0,DB15413,CC1(C2=C(C=CC(=C2)S(=O)(=O)[O-])[N+](=C1C=CC3=C(C(=CC=C4C(C5=C(N4CCCCS(=O)(=O)[O-])C=CC(=C5)S(=O)(=O)[O-])(C)C)CCC3)OC6=CC=C(C=C6)CC(C(=O)[O-])NC(=O)C7=CC=C(C=C7)NCC8=CN=C9C(=N8)C(=O)NC(=N9)N)CCCCS(=O)(=O)[O-])C.[Na+].[Na+].[Na+].[Na+]
Palbociclib,1,2,2,,0,0,0,0,DB09073,CC1=C(C(=O)N(C2=NC(=NC=C12)NC3=NC=C(C=C3)N4CCNCC4)C5CCCC5)C(=O)C
Paliperidone,1,15,15,,0,0,0,0,DB01267,CC1=C(C(=O)N2CCCC(C2=N1)O)CCN3CCC(CC3)C4=NOC5=C4C=CC(=C5)F
Pantoprazole sodium,1,3,3,,0,0,0,0,DB00213,COC1=C(C(=NC=C1)CS(=O)C2=NC3=C([N-]2)C=CC(=C3)OC(F)F)OC.[Na+]
Papaverine hydrochloride,1,5,5,,0,0,0,0,DB01113,COC1=C(C=C(C=C1)CC2=NC=CC3=CC(=C(C=C32)OC)OC)OC.Cl
Paromomycin sulfate,0,3,3,,0,0,0,0,DB01421,C1C(C(C(C(C1N)OC2C(C(C(C(O2)CO)O)O)N)OC3C(C(C(O3)CO)OC4C(C(C(C(O4)CN)O)O)N)O)O)N.OS(=O)(=O)O
Paroxetine hydrochloride,1,12,12,,0,0,0,0,DB00715,C1CNCC(C1C2=CC=C(C=C2)F)COC3=CC4=C(C=C3)OCO4.Cl
Pazopanib hydrochloride,1,10,10,,0,0,0,0,DB06589,CC1=C(C=C(C=C1)NC2=NC=CC(=N2)N(C)C3=CC4=NN(C(=C4C=C3)C)C)S(=O)(=O)N.Cl
Pegfilgrastim,0,1,1,,0,0,0,0,DB00019,CC(C(C(=O)O)N)OC1C(C(C(C(O1)COC2(CC(C(C(O2)C(C(CO)O)O)NC(=O)CNC(=O)OCCOC)O)C(=O)O)O)O)NC(=O)C
Penbutolol sulfate,0,4,4,,0,0,0,0,DB01359,CC(C)(C)NCC(COC1=CC=CC=C1C2CCCC2)O.CC(C)(C)NCC(COC1=CC=CC=C1C2CCCC2)O.OS(=O)(=O)O
Penicillin v potassium,0,5,5,,0,0,0,0,DB00417,CC1(C(N2C(S1)C(C2=O)NC(=O)COC3=CC=CC=C3)C(=O)[O-])C.[K+]
Pentagastrin,0,1,1,,0,0,0,0,DB00183,CC(C)(C)OC(=O)NCCC(=O)NC(CC1=CNC2=CC=CC=C21)C(=O)NC(CCSC)C(=O)NC(CC(=O)O)C(=O)NC(CC3=CC=CC=C3)C(=O)N
Pentostatin,1,1,1,,0,0,0,0,DB00552,C1C(C(OC1N2C=NC3=C2NC=NCC3O)CO)O
Perampanel,0,4,4,,0,0,0,0,DB08883,C1=CC=C(C=C1)N2C=C(C=C(C2=O)C3=CC=CC=C3C#N)C4=CC=CC=N4
Perhexiline,1,4,4,,0,0,0,0,DB01074,C1CCC(CC1)C(CC2CCCCN2)C3CCCCC3
Perphenazine,1,3,3,,0,0,0,0,DB00850,C1CN(CCN1CCCN2C3=CC=CC=C3SC4=C2C=C(C=C4)Cl)CCO
Pexidartinib hydrochloride,1,4,4,,0,0,0,0,DB12978,C1=CC(=NC=C1CC2=CNC3=C2C=C(C=N3)Cl)NCC4=CN=C(C=C4)C(F)(F)F.Cl
Phendimetrazine tartrate,0,3,3,,0,0,0,0,DB01579,CC1C(OCCN1C)C2=CC=CC=C2.C(C(C(=O)O)O)(C(=O)O)O
Phenelzine sulfate,1,7,7,,0,0,0,0,DB00780,C1=CC=C(C=C1)CCNN.OS(=O)(=O)O
Phenobarbital sodium,1,7,7,,0,0,0,0,DB01174,CCC1(C(=O)NC(=NC1=O)[O-])C2=CC=CC=C2.[Na+]
Phenoxybenzamine hydrochloride,0,9,9,,0,0,0,0,DB00925,CC(COC1=CC=CC=C1)N(CCCl)CC2=CC=CC=C2.Cl
Phentolamine mesylate,0,4,4,,0,0,0,0,DB00692,CC1=CC=C(C=C1)N(CC2=NCCN2)C3=CC(=CC=C3)O.CS(=O)(=O)O
Phenytoin,1,10,10,,0,0,0,0,DB00252,C1=CC=C(C=C1)C2(C(=O)NC(=O)N2)C3=CC=CC=C3
Phytonadione,0,2,2,,0,0,0,0,DB01022,CC1=C(C(=O)C2=CC=CC=C2C1=O)CC=C(C)CCCC(C)CCCC(C)CCCC(C)C
Piflufolastat f-18,0,1,1,,0,0,0,0,DB14805,C1=CC(=NC=C1C(=O)NCCCCC(C(=O)O)NC(=O)NC(CCC(=O)O)C(=O)O)F
Pimavanserin tartrate,0,3,3,,0,0,0,0,DB05316,CC(C)COC1=CC=C(C=C1)CNC(=O)N(CC2=CC=C(C=C2)F)C3CCN(CC3)C.CC(C)COC1=CC=C(C=C1)CNC(=O)N(CC2=CC=C(C=C2)F)C3CCN(CC3)C.C(C(C(=O)O)O)(C(=O)O)O
Pimozide,0,4,4,,0,0,0,0,DB01100,C1CN(CCC1N2C3=CC=CC=C3NC2=O)CCCC(C4=CC=C(C=C4)F)C5=CC=C(C=C5)F
Pindolol,0,5,5,,0,0,0,0,DB00960,CC(C)NCC(COC1=CC=CC2=C1C=CN2)O
Pioglitazone hydrochloride,1,2,2,,0,0,0,0,DB01132,CCC1=CN=C(C=C1)CCOC2=CC=C(C=C2)CC3C(=O)NC(=O)S3.Cl
Pirfenidone,1,1,1,,0,0,0,0,DB04951,CC1=CN(C(=O)C=C1)C2=CC=CC=C2
Piroxicam,1,2,2,,0,0,0,0,DB00554,CN1C(=C(C2=CC=CC=C2S1(=O)=O)O)C(=O)NC3=CC=CC=N3
Pitolisant hydrochloride,0,2,2,,0,0,0,0,DB11642,C1CCN(CC1)CCCOCCCC2=CC=C(C=C2)Cl.Cl
Plerixafor,0,1,1,,0,0,0,0,DB06809,C1CNCCNCCCN(CCNC1)CC2=CC=C(C=C2)CN3CCCNCCNCCCNCC3
Pomalidomide,1,3,3,,0,0,0,0,DB08910,C1CC(=O)NC(=O)C1N2C(=O)C3=C(C2=O)C(=CC=C3)N
Posaconazole,1,1,1,,0,0,0,0,DB01263,CCC(C(C)O)N1C(=O)N(C=N1)C2=CC=C(C=C2)N3CCN(CC3)C4=CC=C(C=C4)OCC5CC(OC5)(CN6C=NC=N6)C7=C(C=C(C=C7)F)F
Pralnacasan,1,1,1,,0,0,0,0,DB04875,CCOC1C(CC(=O)O1)NC(=O)C2CCCN3N2C(=O)C(CCC3=O)NC(=O)C4=NC=CC5=CC=CC=C54
Pramlintide acetate,0,5,5,,0,0,0,0,DB01278,CCC(C)C(C(=O)NC(CC(C)C)C(=O)N1CCCC1C(=O)N2CCCC2C(=O)NC(C(C)O)C(=O)NC(CC(=O)N)C(=O)NC(C(C)C)C(=O)NCC(=O)NC(CO)C(=O)NC(CC(=O)N)C(=O)NC(C(C)O)C(=O)NC(CC3=CC=C(C=C3)O)C(=O)N)NC(=O)C4CCCN4C(=O)CNC(=O)C(CC5=CC=CC=C5)NC(=O)C(CC(=O)N)NC(=O)C(CC(=O)N)NC(=O)C(CO)NC(=O)C(CO)NC(=O)C(CC6=CNC=N6)NC(=O)C(C(C)C)NC(=O)C(CC(C)C)NC(=O)C(CC7=CC=CC=C7)NC(=O)C(CC(=O)N)NC(=O)C(C)NC(=O)C(CC(C)C)NC(=O)C(CCCNC(=N)N)NC(=O)C(CCC(=O)N)NC(=O)C(C(C)O)NC(=O)C(C)NC(=O)C8CSSCC(C(=O)NC(C(=O)NC(C(=O)NC(C(=O)NC(C(=O)N8)C(C)O)C)C(C)O)CC(=O)N)NC(=O)C(CCCCN)N.CC(=O)O
Prasugrel hydrochloride,1,1,1,,0,0,0,0,DB06209,CC(=O)OC1=CC2=C(S1)CCN(C2)C(C3=CC=CC=C3F)C(=O)C4CC4.Cl
Pravastatin sodium,1,2,2,,0,0,0,0,DB00175,CCC(C)C(=O)OC1CC(C=C2C1C(C(C=C2)C)CCC(CC(CC(=O)[O-])O)O)O.[Na+]
Prednisolone,1,1,1,,0,0,0,0,DB00860,CC12CC(C3C(C1CCC2(C(=O)CO)O)CCC4=CC(=O)C=CC34C)O
Prednisone,1,1,1,,0,0,0,0,DB00635,CC12CC(=O)C3C(C1CCC2(C(=O)CO)O)CCC4=CC(=O)C=CC34C
Pregabalin,1,1,1,,0,0,0,0,DB00230,CC(C)CC(CC(=O)O)CN
Primidone,0,11,11,,0,0,0,0,DB00794,CCC1(C(=O)NCNC1=O)C2=CC=CC=C2
Procainamide hydrochloride,1,3,3,,0,0,0,0,DB01035,CCN(CC)CCNC(=O)C1=CC=C(C=C1)N.Cl
Procarbazine hydrochloride,1,1,1,,0,0,0,0,DB01168,CC(C)NC(=O)C1=CC=C(C=C1)CNNC.Cl
Prochlorperazine maleate,1,4,4,,0,0,0,0,DB00433,CN1CCN(CC1)CCCN2C3=CC=CC=C3SC4=C2C=C(C=C4)Cl.C(=CC(=O)O)C(=O)O.C(=CC(=O)O)C(=O)O
Procyclidine hydrochloride,0,5,5,,0,0,0,0,DB00387,C1CCC(CC1)C(CCN2CCCC2)(C3=CC=CC=C3)O.Cl
Progesterone,1,10,10,,0,0,0,0,DB00396,CC(=O)C1CCC2C1(CCC3C2CCC4=CC(=O)CCC34C)C
Promethazine hydrochloride,1,13,13,,0,0,0,0,DB01069,CC(CN1C2=CC=CC=C2SC3=CC=CC=C31)N(C)C.Cl
Propafenone hydrochloride,1,4,4,,0,0,0,0,DB01182,CCCNCC(COC1=CC=CC=C1C(=O)CCC2=CC=CC=C2)O.Cl
Propofol,1,5,5,,0,0,0,0,DB00818,CC(C)C1=C(C(=CC=C1)C(C)C)O
Propoxyphene hydrochloride,1,5,5,,0,0,0,0,DB00647,CCC(=O)OC(CC1=CC=CC=C1)(C2=CC=CC=C2)C(C)CN(C)C.Cl
Propylthiouracil,1,2,2,,0,0,0,0,DB00550,CCCC1=CC(=O)NC(=S)N1
Protirelin,0,1,1,,0,0,0,0,DB09421,C1CC(N(C1)C(=O)C(CC2=CN=CN2)NC(=O)C3CCC(=O)N3)C(=O)N
Protriptyline hydrochloride,0,2,2,,0,0,0,0,DB00344,CNCCCC1C2=CC=CC=C2C=CC3=CC=CC=C13.Cl
Pseudoephedrine hydrochloride,0,13,13,,0,0,0,0,DB00852,CC(C(C1=CC=CC=C1)O)NC.Cl
Pyrazinamide,1,2,2,,0,0,0,0,DB00339,C1=CN=C(C=N1)C(=O)N
Pyridoxine hydrochloride,0,2,2,,0,0,0,0,DB00165,CC1=NC=C(C(=C1O)CO)CO.Cl
Pyrimethamine,1,4,4,,0,0,0,0,DB00205,CCC1=C(C(=NC(=N1)N)N)C2=CC=C(C=C2)Cl
Quazepam,0,3,3,,0,0,0,0,DB01589,C1C(=S)N(C2=C(C=C(C=C2)Cl)C(=N1)C3=CC=CC=C3F)CC(F)(F)F
Quinapril hydrochloride,1,1,1,,0,0,0,0,DB00881,CCOC(=O)C(CCC1=CC=CC=C1)NC(C)C(=O)N2CC3=CC=CC=C3CC2C(=O)O.Cl
Quinine sulfate,1,2,2,,0,0,0,0,DB00468,COC1=CC2=C(C=CN=C2C=C1)C(C3CC4CCN3CC4C=C)O.COC1=CC2=C(C=CN=C2C=C1)C(C3CC4CCN3CC4C=C)O.OS(=O)(=O)O
Rabeprazole sodium,1,1,1,,0,0,0,0,DB01129,CC1=C(C=CN=C1CS(=O)C2=NC3=CC=CC=C3[N-]2)OCCCOC.[Na+]
Raloxifene hydrochloride,1,4,4,,0,0,0,0,DB00481,C1CCN(CC1)CCOC2=CC=C(C=C2)C(=O)C3=C(SC4=C3C=CC(=C4)O)C5=CC=C(C=C5)O.Cl
Raltegravir potassium,1,2,2,,0,0,0,0,DB06817,CC1=NN=C(O1)C(=O)NC(C)(C)C2=NC(=C(C(=O)N2C)[O-])C(=O)NCC3=CC=C(C=C3)F.[K+]
Ramelteon,0,2,2,,0,0,0,0,DB00980,CCC(=O)NCCC1CCC2=C1C3=C(C=C2)OCC3
Ramipril,1,2,2,,0,0,0,0,DB00178,CCOC(=O)C(CCC1=CC=CC=C1)NC(C)C(=O)N2C3CCCC3CC2C(=O)O
Ranitidine hydrochloride,1,2,2,,0,0,0,0,DB00863,CNC(=C[N+](=O)[O-])NCCSCC1=CC=C(O1)CN(C)C.Cl
Ranolazine,0,6,6,,0,0,0,0,DB00243,CC1=C(C(=CC=C1)C)NC(=O)CN2CCN(CC2)CC(COC3=CC=CC=C3OC)O
Regadenoson,0,1,1,,0,0,0,0,DB06213,CNC(=O)C1=CN(N=C1)C2=NC(=C3C(=N2)N(C=N3)C4C(C(C(O4)CO)O)O)N
Regorafenib,1,18,18,,0,0,0,0,DB08896,CNC(=O)C1=NC=CC(=C1)OC2=CC(=C(C=C2)NC(=O)NC3=CC(=C(C=C3)Cl)C(F)(F)F)F
Remdesivir,1,4,4,,0,0,0,0,DB14761,CCC(CC)COC(=O)C(C)NP(=O)(OCC1C(C(C(O1)(C#N)C2=CC=C3N2N=CN=C3N)O)O)OC4=CC=CC=C4
Remifentanil hydrochloride,1,3,3,,0,0,0,0,DB00899,CCC(=O)N(C1=CC=CC=C1)C2(CCN(CC2)CCC(=O)OC)C(=O)OC.Cl
Repaglinide,1,4,4,,0,0,0,0,DB00912,CCOC1=C(C=CC(=C1)CC(=O)NC(CC(C)C)C2=CC=CC=C2N3CCCCC3)C(=O)O
Reserpine,0,3,3,,0,0,0,0,DB00206,COC1C(CC2CN3CCC4=C(C3CC2C1C(=O)OC)NC5=C4C=CC(=C5)OC)OC(=O)C6=CC(=C(C(=C6)OC)OC)OC
Ribavirin,1,5,5,,0,0,0,0,DB00811,C1=NC(=NN1C2C(C(C(O2)CO)O)O)C(=O)N
Riboflavin 5'-phosphate,0,54,54,,0,0,0,0,DB03247,CC1=CC2=C(C=C1C)N(C3=NC(=O)NC(=O)C3=N2)CC(C(C(COP(=O)(O)O)O)O)O
Rifabutin,1,5,5,,0,0,0,0,DB00615,CC1C=CC=C(C(=O)NC2=C(C3=C(C4=C(C(=C3O)C)OC(C4=O)(OC=CC(C(C(C(C(C(C1O)C)O)C)OC(=O)C)C)OC)C)C5=NC6(CCN(CC6)CC(C)C)N=C25)O)C
Rifampin,1,2,2,,0,0,0,0,DB01045,CC1C=CC=C(C(=O)NC2=C(C(=C3C(=C2O)C(=C(C4=C3C(=O)C(O4)(OC=CC(C(C(C(C(C(C1O)C)O)C)OC(=O)C)C)OC)C)C)O)O)C=NN5CCN(CC5)C)C
Rifamycin sodium,0,5,5,,0,0,0,0,DB11753,CC1C=CC=C(C(=O)NC2=CC(=C3C(=C2O)C(=C(C4=C3C(=O)C(O4)(OC=CC(C(C(C(C(C(C1O)C)O)C)OC(=O)C)C)OC)C)C)O)[O-])C.[Na+]
Rilpivirine hydrochloride,1,4,4,,0,0,0,0,DB08864,CC1=CC(=CC(=C1NC2=NC(=NC=C2)NC3=CC=C(C=C3)C#N)C)C=CC#N.Cl
Riluzole,1,3,3,,0,0,0,0,DB00740,C1=CC2=C(C=C1OC(F)(F)F)SC(=N2)N
Rimantadine hydrochloride,0,1,1,,0,0,0,0,DB00478,CC(C12CC3CC(C1)CC(C3)C2)N.Cl
Rimegepant sulfate,0,1,1,,0,0,0,0,DB12457,C1CC(C2=C(C=CC=N2)C(C1C3=C(C(=CC=C3)F)F)N)OC(=O)N4CCC(CC4)N5C6=C(NC5=O)N=CC=C6.C1CC(C2=C(C=CC=N2)C(C1C3=C(C(=CC=C3)F)F)N)OC(=O)N4CCC(CC4)N5C6=C(NC5=O)N=CC=C6.O.O.O.OS(=O)(=O)O
Riociguat,0,2,2,,0,0,0,0,DB08931,CN(C1=C(N=C(N=C1N)C2=NN(C3=C2C=CC=N3)CC4=CC=CC=C4F)N)C(=O)OC
Risperidone,1,12,12,,0,0,0,0,DB00734,CC1=C(C(=O)N2CCCCC2=N1)CCN3CCC(CC3)C4=NOC5=C4C=CC(=C5)F
Ritonavir,1,3,3,,0,0,0,0,DB00503,CC(C)C1=NC(=CS1)CN(C)C(=O)NC(C(C)C)C(=O)NC(CC2=CC=CC=C2)CC(C(CC3=CC=CC=C3)NC(=O)OCC4=CN=CS4)O
Rivaroxaban,1,1,1,,0,0,0,0,DB06228,C1COCC(=O)N1C2=CC=C(C=C2)N3CC(OC3=O)CNC(=O)C4=CC=C(S4)Cl
Rivastigmine tartrate,1,2,2,,0,0,0,0,DB00989,CCN(C)C(=O)OC1=CC=CC(=C1)C(C)N(C)C.C(C(C(=O)O)O)(C(=O)O)O
Roflumilast,0,1,1,,0,0,0,0,DB01656,C1CC1COC2=C(C=CC(=C2)C(=O)NC3=C(C=NC=C3Cl)Cl)OC(F)F
Rolapitant hydrochloride,0,1,1,,0,0,0,0,DB09291,CC(C1=CC(=CC(=C1)C(F)(F)F)C(F)(F)F)OCC2(CCC3(CCC(=O)N3)CN2)C4=CC=CC=C4.O.Cl
Romidepsin,0,6,6,,0,0,0,0,DB06176,CC=C1C(=O)NC(C(=O)OC2CC(=O)NC(C(=O)NC(CSSCCC=C2)C(=O)N1)C(C)C)C(C)C
Ropinirole hydrochloride,1,4,4,,0,0,0,0,DB00268,CCCN(CCC)CCC1=C2CC(=O)NC2=CC=C1.Cl
Rosiglitazone maleate,1,7,7,,0,0,0,0,DB00412,CN(CCOC1=CC=C(C=C1)CC2C(=O)NC(=O)S2)C3=CC=CC=N3.C(=CC(=O)O)C(=O)O
Safinamide mesylate,0,1,1,,0,0,0,0,DB06654,CC(C(=O)N)NCC1=CC=C(C=C1)OCC2=CC(=CC=C2)F.CS(=O)(=O)O
Salsalate,1,2,2,,0,0,0,0,DB01399,C1=CC=C(C(=C1)C(=O)OC2=CC=CC=C2C(=O)O)O
Saquinavir mesylate,1,2,2,,0,0,0,0,DB01232,CC(C)(C)NC(=O)C1CC2CCCCC2CN1CC(C(CC3=CC=CC=C3)NC(=O)C(CC(=O)N)NC(=O)C4=NC5=CC=CC=C5C=C4)O.CS(=O)(=O)O
Saxagliptin hydrochloride,1,1,1,,0,0,0,0,DB06335,C1C2CC2N(C1C#N)C(=O)C(C34CC5CC(C3)CC(C5)(C4)O)N.Cl
Scopolamine,0,8,8,,0,0,0,0,DB00747,CN1C2CC(CC1C3C2O3)OC(=O)C(CO)C4=CC=CC=C4
Selegiline hydrochloride,0,3,3,,0,0,0,0,DB01037,CC(CC1=CC=CC=C1)N(C)CC#C.Cl
Selexipag,0,1,1,,0,0,0,0,DB11362,CC(C)N(CCCCOCC(=O)NS(=O)(=O)C)C1=CN=C(C(=N1)C2=CC=CC=C2)C3=CC=CC=C3
Semaglutide,1,1,1,,0,0,0,0,DB13928,CCC(C)C(C(=O)NC(C)C(=O)NC(CC1=CNC2=CC=CC=C21)C(=O)NC(CC(C)C)C(=O)NC(C(C)C)C(=O)NC(CCCNC(=N)N)C(=O)NCC(=O)NC(CCCNC(=N)N)C(=O)NCC(=O)O)NC(=O)C(CC3=CC=CC=C3)NC(=O)C(CCC(=O)O)NC(=O)C(CCCCNC(=O)COCCOCCNC(=O)COCCOCCNC(=O)CCC(C(=O)O)NC(=O)CCCCCCCCCCCCCCCCC(=O)O)NC(=O)C(C)NC(=O)C(C)NC(=O)C(CCC(=O)N)NC(=O)CNC(=O)C(CCC(=O)O)NC(=O)C(CC(C)C)NC(=O)C(CC4=CC=C(C=C4)O)NC(=O)C(CO)NC(=O)C(CO)NC(=O)C(C(C)C)NC(=O)C(CC(=O)O)NC(=O)C(CO)NC(=O)C(C(C)O)NC(=O)C(CC5=CC=CC=C5)NC(=O)C(C(C)O)NC(=O)CNC(=O)C(CCC(=O)O)NC(=O)C(C)(C)NC(=O)C(CC6=CN=CN6)N
Sertraline hydrochloride,1,5,5,,0,0,0,0,DB01104,CNC1CCC(C2=CC=CC=C12)C3=CC(=C(C=C3)Cl)Cl.Cl
Setmelanotide acetate,0,1,1,,0,0,0,0,DB11700,CC1C(=O)NC(C(=O)NC(C(=O)NC(C(=O)NC(C(=O)NC(CSSCC(C(=O)N1)NC(=O)C(CCCN=C(N)N)NC(=O)C)C(=O)N)CC2=CNC3=CC=CC=C32)CCCN=C(N)N)CC4=CC=CC=C4)CC5=CN=CN5.CC(=O)O.CC(=O)O.CC(=O)O
Sibutramine hydrochloride,1,3,3,,0,0,0,0,DB01105,CC(C)CC(C1(CCC1)C2=CC=C(C=C2)Cl)N(C)C.Cl
Sildenafil citrate,1,6,6,,0,0,0,0,DB00203,CCCC1=NN(C2=C1N=C(NC2=O)C3=C(C=CC(=C3)S(=O)(=O)N4CCN(CC4)C)OCC)C.C(C(=O)O)C(CC(=O)O)(C(=O)O)O
Simvastatin,1,3,3,,0,0,0,0,DB00641,CCC(C)(C)C(=O)OC1CC(C=C2C1C(C(C=C2)C)CCC3CC(CC(=O)O3)O)C
Sincalide,0,2,2,,0,0,0,0,DB09142,CSCCC(C(=O)NCC(=O)NC(CC1=CNC2=CC=CC=C21)C(=O)NC(CCSC)C(=O)NC(CC(=O)O)C(=O)NC(CC3=CC=CC=C3)C(=O)N)NC(=O)C(CC4=CC=C(C=C4)OS(=O)(=O)O)NC(=O)C(CC(=O)O)N
Sirolimus,1,1,1,,0,0,0,0,DB00877,CC1CCC2CC(C(=CC=CC=CC(CC(C(=O)C(C(C(=CC(C(=O)CC(OC(=O)C3CCCCN3C(=O)C(=O)C1(O2)O)C(C)CC4CCC(C(C4)OC)O)C)C)O)OC)C)C)C)OC
Sitaxsentan,1,2,2,,0,0,0,0,DB06268,CC1=CC2=C(C=C1CC(=O)C3=C(C=CS3)S(=O)(=O)NC4=C(C(=NO4)C)Cl)OCO2
Sodium bicarbonate,0,2,2,,0,0,0,0,DB01390,C(=O)(O)[O-].[Na+]
Sodium oxybate,0,2,2,,0,0,0,0,DB09072,C(CC(=O)[O-])CO.[Na+]
Sofosbuvir,0,2,2,,0,0,0,0,DB08934,CC(C)OC(=O)C(C)NP(=O)(OCC1C(C(C(O1)N2C=CC(=O)NC2=O)(C)F)O)OC3=CC=CC=C3
Solriamfetol hydrochloride,0,2,2,,0,0,0,0,DB14754,C1=CC=C(C=C1)CC(COC(=O)N)N.Cl
Spironolactone,1,7,7,,0,0,0,0,DB00421,CC(=O)SC1CC2=CC(=O)CCC2(C3C1C4CCC5(C4(CC3)C)CCC(=O)O5)C
Stavudine,1,2,2,,0,0,0,0,DB00649,CC1=CN(C(=O)NC1=O)C2C=CC(O2)CO
Stiripentol,0,4,4,,0,0,0,0,DB09118,CC(C)(C)C(C=CC1=CC2=C(C=C1)OCO2)O
Streptomycin sulfate,0,2,2,,0,0,0,0,DB01082,CC1C(C(C(O1)OC2C(C(C(C(C2O)O)N=C(N)N)O)N=C(N)N)OC3C(C(C(C(O3)CO)O)O)NC)(C=O)O.CC1C(C(C(O1)OC2C(C(C(C(C2O)O)N=C(N)N)O)N=C(N)N)OC3C(C(C(C(O3)CO)O)O)NC)(C=O)O.OS(=O)(=O)O.OS(=O)(=O)O.OS(=O)(=O)O
Sufentanil citrate,0,3,3,,0,0,0,0,DB00708,CCC(=O)N(C1=CC=CC=C1)C2(CCN(CC2)CCC3=CC=CS3)COC.C(C(=O)O)C(CC(=O)O)(C(=O)O)O
Sulfadiazine,1,2,2,,0,0,0,0,DB00359,C1=CN=C(N=C1)NS(=O)(=O)C2=CC=C(C=C2)N
Sulfamethizole,1,1,1,,0,0,0,0,DB00576,CC1=NN=C(S1)NS(=O)(=O)C2=CC=C(C=C2)N
Sulfasalazine,1,15,15,,0,0,0,0,DB00795,C1=CC=NC(=C1)NS(=O)(=O)C2=CC=C(C=C2)N=NC3=CC(=C(C=C3)O)C(=O)O
Sulfathiazole,1,1,1,,0,0,0,0,DB06147,C1=CC(=CC=C1N)S(=O)(=O)NC2=NC=CS2
Sulindac,1,7,7,,0,0,0,0,DB00605,CC1=C(C2=C(C1=CC3=CC=C(C=C3)S(=O)C)C=CC(=C2)F)CC(=O)O
Suvorexant,0,2,2,,0,0,0,0,DB09034,CC1CCN(CCN1C(=O)C2=C(C=CC(=C2)C)N3N=CC=N3)C4=NC5=C(O4)C=CC(=C5)Cl
Tacrolimus,1,2,2,,0,0,0,0,DB00864,CC1CC(C2C(CC(C(O2)(C(=O)C(=O)N3CCCCC3C(=O)OC(C(C(CC(=O)C(C=C(C1)C)CC=C)O)C)C(=CC4CCC(C(C4)OC)O)C)O)C)OC)OC
Tadalafil,1,3,3,,0,0,0,0,DB00820,CN1CC(=O)N2C(C1=O)CC3=C(C2C4=CC5=C(C=C4)OCO5)NC6=CC=CC=C36
Tamoxifen citrate,1,10,10,,0,0,0,0,DB00675,CCC(=C(C1=CC=CC=C1)C2=CC=C(C=C2)OCCN(C)C)C3=CC=CC=C3.C(C(=O)O)C(CC(=O)O)(C(=O)O)O
Tamsulosin hydrochloride,1,3,3,,0,0,0,0,DB00706,CCOC1=CC=CC=C1OCCNC(C)CC2=CC(=C(C=C2)OC)S(=O)(=O)N.Cl
Tapentadol hydrochloride,0,5,5,,0,0,0,0,DB06204,CCC(C1=CC(=CC=C1)O)C(C)CN(C)C.Cl
Tasosartan,1,2,2,,0,0,0,0,DB01349,CC1=C2CCC(=O)N(C2=NC(=N1)C)CC3=CC=C(C=C3)C4=CC=CC=C4C5=NNN=N5
Tecovirimat,0,1,1,,0,0,0,0,DB12020,C1C2C1C3C=CC2C4C3C(=O)N(C4=O)NC(=O)C5=CC=C(C=C5)C(F)(F)F
Telmisartan,1,2,2,,0,0,0,0,DB00966,CCCC1=NC2=C(N1CC3=CC=C(C=C3)C4=CC=CC=C4C(=O)O)C=C(C=C2C)C5=NC6=CC=CC=C6N5C
Temsirolimus,0,1,1,,0,0,0,0,DB06287,CC1CCC2CC(C(=CC=CC=CC(CC(C(=O)C(C(C(=CC(C(=O)CC(OC(=O)C3CCCCN3C(=O)C(=O)C1(O2)O)C(C)CC4CCC(C(C4)OC)OC(=O)C(C)(CO)CO)C)C)O)OC)C)C)C)OC
Tenapanor hydrochloride,0,1,1,,0,0,0,0,DB11761,CN1CC(C2=C(C1)C(=CC(=C2)Cl)Cl)C3=CC(=CC=C3)S(=O)(=O)NCCOCCOCCNC(=O)NCCCCNC(=O)NCCOCCOCCNS(=O)(=O)C4=CC=CC(=C4)C5CN(CC6=C5C=C(C=C6Cl)Cl)C.Cl.Cl
Teniposide,1,2,2,,0,0,0,0,DB00444,COC1=CC(=CC(=C1O)OC)C2C3C(COC3=O)C(C4=CC5=C(C=C24)OCO5)OC6C(C(C7C(O6)COC(O7)C8=CC=CS8)O)O
Terazosin hydrochloride,0,7,7,,0,0,0,0,DB01162,COC1=C(C=C2C(=C1)C(=NC(=N2)N3CCN(CC3)C(=O)C4CCCO4)N)OC.O.O.Cl
Terbinafine hydrochloride,1,2,2,,0,0,0,0,DB00857,CC(C)(C)C#CC=CCN(C)CC1=CC=CC2=CC=CC=C21.Cl
Terbutaline sulfate,1,3,3,,0,0,0,0,DB00871,CC(C)(C)NCC(C1=CC(=CC(=C1)O)O)O.CC(C)(C)NCC(C1=CC(=CC(=C1)O)O)O.OS(=O)(=O)O
Teriflunomide,1,3,3,,0,0,0,0,DB08880,CC(=C(C#N)C(=O)NC1=CC=C(C=C1)C(F)(F)F)O
Teriparatide acetate,1,2,2,,0,0,0,0,DB06285,CCC(C)C(C(=O)NC(CCC(=O)N)C(=O)NC(CC(C)C)C(=O)NC(CCSC)C(=O)NC(CC1=CNC=N1)C(=O)NC(CC(=O)N)C(=O)NC(CC(C)C)C(=O)NCC(=O)NC(CCCCN)C(=O)NC(CC2=CNC=N2)C(=O)NC(CC(C)C)C(=O)NC(CC(=O)N)C(=O)NC(CO)C(=O)NC(CCSC)C(=O)NC(CCC(=O)O)C(=O)NC(CCCNC(=N)N)C(=O)NC(C(C)C)C(=O)NC(CCC(=O)O)C(=O)NC(CC3=CNC4=CC=CC=C43)C(=O)NC(CC(C)C)C(=O)NC(CCCNC(=N)N)C(=O)NC(CCCCN)C(=O)NC(CCCCN)C(=O)NC(CC(C)C)C(=O)NC(CCC(=O)N)C(=O)NC(CC(=O)O)C(=O)NC(C(C)C)C(=O)NC(CC5=CNC=N5)C(=O)NC(CC(=O)N)C(=O)NC(CC6=CC=CC=C6)C(=O)O)NC(=O)C(CCC(=O)O)NC(=O)C(CO)NC(=O)C(C(C)C)NC(=O)C(CO)N.CC(=O)O.O
Testosterone enanthate,1,3,3,,0,0,0,0,DB13944,CCCCCCC(=O)OC1CCC2C1(CCC3C2CCC4=CC(=O)CCC34C)C
Thalidomide,1,3,3,,0,0,0,0,DB01041,C1CC(=O)NC(=O)C1N2C(=O)C3=CC=CC=C3C2=O
Thiabendazole,1,1,1,,0,0,0,0,DB00730,C1=CC=C2C(=C1)NC(=N2)C3=CSC=N3
Thiamine hydrochloride,0,2,2,,0,0,0,0,DB00152,CC1=C(SC=[N+]1CC2=CN=C(N=C2N)C)CCO.Cl.[Cl-]
Thioridazine hydrochloride,1,6,6,,0,0,0,0,DB00679,CN1CCCCC1CCN2C3=CC=CC=C3SC4=C2C=C(C=C4)SC.Cl
Thyrotropin alfa,0,1,1,,0,0,0,0,DB00024,C1CC(N(C1)C(=O)C(CC2=CN=CN2)NC(=O)C3CCC(=O)N3)C(=O)N
Ticagrelor,0,1,1,,0,0,0,0,DB08816,CCCSC1=NC(=C2C(=N1)N(N=N2)C3CC(C(C3O)O)OCCO)NC4CC4C5=CC(=C(C=C5)F)F
Ticlopidine hydrochloride,1,2,2,,0,0,0,0,DB00208,C1CN(CC2=C1SC=C2)CC3=CC=CC=C3Cl.Cl
Tigecycline,1,5,5,,0,0,0,0,DB00560,CC(C)(C)NCC(=O)NC1=CC(=C2CC3CC4C(C(=O)C(=C(C4(C(=O)C3=C(C2=C1O)O)O)O)C(=O)N)N(C)C)N(C)C
Tipranavir,1,2,2,,0,0,0,0,DB00932,CCCC1(CC(=C(C(=O)O1)C(CC)C2=CC(=CC=C2)NS(=O)(=O)C3=NC=C(C=C3)C(F)(F)F)O)CCC4=CC=CC=C4
Tirofiban hydrochloride,0,2,2,,0,0,0,0,DB00775,CCCCS(=O)(=O)NC(CC1=CC=C(C=C1)OCCCCC2CCNCC2)C(=O)O.Cl
Tizanidine hydrochloride,1,3,3,,0,0,0,0,DB00697,C1CN=C(N1)NC2=C(C=CC3=NSN=C32)Cl.Cl
Tolazamide,1,2,2,,0,0,0,0,DB00839,CC1=CC=C(C=C1)S(=O)(=O)NC(=O)NN2CCCCCC2
Tolcapone,1,1,1,,0,0,0,0,DB00323,CC1=CC=C(C=C1)C(=O)C2=CC(=C(C(=C2)O)O)[N+](=O)[O-]
Tolmetin sodium,1,2,2,,0,0,0,0,DB00500,CC1=CC=C(C=C1)C(=O)C2=CC=C(N2C)CC(=O)[O-].[Na+]
Tolrestat,1,4,4,,0,0,0,0,DB02383,CN(CC(=O)O)C(=S)C1=CC=CC2=C1C=CC(=C2C(F)(F)F)OC
Tolterodine tartrate,1,5,5,,0,0,0,0,DB01036,CC1=CC(=C(C=C1)O)C(CCN(C(C)C)C(C)C)C2=CC=CC=C2.C(C(C(=O)O)O)(C(=O)O)O
Tolvaptan,1,2,2,,0,0,0,0,DB06212,CC1=CC=CC=C1C(=O)NC2=CC(=C(C=C2)C(=O)N3CCCC(C4=C3C=CC(=C4)Cl)O)C
Topiramate,1,10,10,,0,0,0,0,DB00273,CC1(OC2COC3(C(C2O1)OC(O3)(C)C)COS(=O)(=O)N)C
Topotecan hydrochloride,0,2,2,,0,0,0,0,DB01030,CCC1(C2=C(COC1=O)C(=O)N3CC4=CC5=C(C=CC(=C5CN(C)C)O)N=C4C3=C2)O.Cl
Tramadol hydrochloride,1,15,15,,0,0,0,0,DB00193,CN(C)CC1CCCCC1(C2=CC(=CC=C2)OC)O.Cl
Trandolapril,1,1,1,,0,0,0,0,DB00519,CCOC(=O)C(CCC1=CC=CC=C1)NC(C)C(=O)N2C3CCCCC3CC2C(=O)O
Tranexamic acid,0,1,1,,0,0,0,0,DB00302,C1CC(CCC1CN)C(=O)O
Tranylcypromine sulfate,1,2,2,,0,0,0,0,DB00752,C1C(C1N)C2=CC=CC=C2.C1C(C1N)C2=CC=CC=C2.OS(=O)(=O)O
Trazodone hydrochloride,1,8,8,,0,0,0,0,DB00656,C1CN(CCN1CCCN2C(=O)N3C=CC=CC3=N2)C4=CC(=CC=C4)Cl.Cl
Tretinoin,1,16,16,,0,0,0,0,DB00755,CC1=C(C(CCC1)(C)C)C=CC(=CC=CC(=CC(=O)O)C)C
Triamterene,1,4,4,,0,0,0,0,DB00384,C1=CC=C(C=C1)C2=NC3=C(N=C(N=C3N=C2N)N)N
Trientine hydrochloride,0,1,1,,0,0,0,0,DB06824,C(CNCCNCCN)N.Cl.Cl
Trifluoperazine hydrochloride,1,9,9,,0,0,0,0,DB00831,CN1CCN(CC1)CCCN2C3=CC=CC=C3SC4=C2C=C(C=C4)C(F)(F)F.Cl.Cl
Trihexyphenidyl hydrochloride,0,6,6,,0,0,0,0,DB00376,C1CCC(CC1)C(CCN2CCCCC2)(C3=CC=CC=C3)O.Cl
Trimethoprim,1,2,2,,0,0,0,0,DB00440,COC1=CC(=CC(=C1OC)OC)CC2=CN=C(N=C2N)N
Triprolidine hydrochloride,0,1,1,,0,0,0,0,DB00427,CC1=CC=C(C=C1)C(=CCN2CCCC2)C3=CC=CC=N3.Cl
Troglitazone,1,9,9,,0,0,0,0,DB00197,CC1=C(C2=C(CCC(O2)(C)COC3=CC=C(C=C3)CC4C(=O)NC(=O)S4)C(=C1O)C)C
Trovafloxacin mesylate,1,5,5,,0,0,0,0,DB00685,CS(=O)(=O)O.C1C2C(C2N)CN1C3=C(C=C4C(=O)C(=CN(C4=N3)C5=C(C=C(C=C5)F)F)C(=O)O)F
Tyramine,0,1,1,,0,0,0,0,DB08841,C1=CC(=CC=C1CCN)O
Ubrogepant,0,1,1,,0,0,0,0,DB15328,CC1C(CC(C(=O)N1CC(F)(F)F)NC(=O)C2=CC3=C(CC4(C3)C5=C(NC4=O)N=CC=C5)N=C2)C6=CC=CC=C6
Ulipristal acetate,1,3,3,,0,0,0,0,DB08867,CC(=O)C1(CCC2C1(CC(C3=C4CCC(=O)C=C4CCC23)C5=CC=C(C=C5)N(C)C)C)OC(=O)C
Urofollitropin,0,1,1,,0,0,0,0,DB00094,CCC(C)C1C(=O)NC(C(=O)NC(C(=O)NC(CSSCC(C(=O)NC(C(=O)N1)CC2=CC=C(C=C2)O)N)C(=O)N3CCCC3C(=O)NC(CC(C)C)C(=O)NCC(=O)N)CC(=O)N)C(C)O
Urokinase,0,8,8,,0,0,0,0,DB00013,CC(C)OC(=O)NC1=CC2=C(C=C1)N=C(N2)C3=CSC=N3
Valaciclovir,1,2,2,,0,0,0,0,DB00577,CC(C)C(C(=O)OCCOCN1C=NC2=C1N=C(NC2=O)N)N
Valdecoxib,1,3,3,,0,0,0,0,DB00580,CC1=C(C(=NO1)C2=CC=CC=C2)C3=CC=C(C=C3)S(=O)(=O)N
Valproic acid,1,16,16,,0,0,0,0,DB00313,CCCC(CCC)C(=O)O
Valsartan,1,1,1,,0,0,0,0,DB00177,CCCCC(=O)N(CC1=CC=C(C=C1)C2=CC=CC=C2C3=NNN=N3)C(C(C)C)C(=O)O
Varenicline tartrate,1,5,5,,0,0,0,0,DB01273,C1C2CNCC1C3=CC4=NC=CN=C4C=C23.C(C(C(=O)O)O)(C(=O)O)O
Vemurafenib,1,1,1,,0,0,0,0,DB08881,CCCS(=O)(=O)NC1=C(C(=C(C=C1)F)C(=O)C2=CNC3=C2C=C(C=N3)C4=CC=C(C=C4)Cl)F
Venetoclax,1,1,1,,0,0,0,0,DB11581,CC1(CCC(=C(C1)C2=CC=C(C=C2)Cl)CN3CCN(CC3)C4=CC(=C(C=C4)C(=O)NS(=O)(=O)C5=CC(=C(C=C5)NCC6CCOCC6)[N+](=O)[O-])OC7=CN=C8C(=C7)C=CN8)C
Venlafaxine hydrochloride,1,3,3,,0,0,0,0,DB00285,CN(C)CC(C1=CC=C(C=C1)OC)C2(CCCCC2)O.Cl
Verapamil hydrochloride,1,13,13,,0,0,0,0,DB00661,CC(C)C(CCCN(C)CCC1=CC(=C(C=C1)OC)OC)(C#N)C2=CC(=C(C=C2)OC)OC.Cl
Vericiguat,0,2,2,,0,0,0,0,DB15456,COC(=O)NC1=C(N=C(N=C1N)C2=NN(C3=C2C=C(C=N3)F)CC4=CC=CC=C4F)N
Vibegron,0,1,1,,0,0,0,0,DB14895,C1CC(NC1CC2=CC=C(C=C2)NC(=O)C3CCC4=NC=CC(=O)N34)C(C5=CC=CC=C5)O
Vilazodone hydrochloride,0,2,2,,0,0,0,0,DB06684,C1CN(CCN1CCCCC2=CNC3=C2C=C(C=C3)C#N)C4=CC5=C(C=C4)OC(=C5)C(=O)N.Cl
Viloxazine hydrochloride,0,13,13,,0,0,0,0,DB09185,CCOC1=CC=CC=C1OCC2CNCCO2.Cl
Vinblastine sulfate,1,7,7,,0,0,0,0,DB00570,CCC1(CC2CC(C3=C(CCN(C2)C1)C4=CC=CC=C4N3)(C5=C(C=C6C(=C5)C78CCN9C7C(C=CC9)(C(C(C8N6C)(C(=O)OC)O)OC(=O)C)CC)OC)C(=O)OC)O.OS(=O)(=O)O
Vincristine sulfate,1,2,2,,0,0,0,0,DB00541,CCC1(CC2CC(C3=C(CCN(C2)C1)C4=CC=CC=C4N3)(C5=C(C=C6C(=C5)C78CCN9C7C(C=CC9)(C(C(C8N6C=O)(C(=O)OC)O)OC(=O)C)CC)OC)C(=O)OC)O.OS(=O)(=O)O
Vitamin C,0,25,25,,0,0,0,0,DB00126,C(C(C1C(=C(C(=O)O1)O)O)O)O
Vitamin E,0,10,10,,0,0,0,0,DB00163,CC1=C(C2=C(CCC(O2)(C)CCCC(C)CCCC(C)CCCC(C)C)C(=C1O)C)C
Voclosporin,0,4,4,,0,0,0,0,DB11693,CCC1C(=O)N(CC(=O)N(C(C(=O)NC(C(=O)N(C(C(=O)NC(C(=O)NC(C(=O)N(C(C(=O)N(C(C(=O)N(C(C(=O)N(C(C(=O)N1)C(C(C)CC=CC=C)O)C)C(C)C)C)CC(C)C)C)CC(C)C)C)C)C)CC(C)C)C)C(C)C)CC(C)C)C)C
Vorapaxar sulfate,0,1,1,,0,0,0,0,DB09030,CCOC(=O)NC1CCC2C(C1)CC3C(C2C=CC4=NC=C(C=C4)C5=CC(=CC=C5)F)C(OC3=O)C.OS(=O)(=O)O
Voriconazole,1,1,1,,0,0,0,0,DB00582,CC(C1=NC=NC=C1F)C(CN2C=NC=N2)(C3=C(C=C(C=C3)F)F)O
Vorinostat,0,7,7,,0,0,0,0,DB02546,C1=CC=C(C=C1)NC(=O)CCCCCCC(=O)NO
Vosoritide,0,1,1,,0,0,0,0,DB11928,CCC(C)C1C(=O)NCC(=O)NC(C(=O)NC(C(=O)NC(C(=O)NCC(=O)NC(C(=O)NCC(=O)NC(CSSCC(C(=O)NC(C(=O)NCC(=O)NC(C(=O)NC(C(=O)NC(C(=O)NC(C(=O)NC(C(=O)N1)CCCNC(=N)N)CC(=O)O)CC(C)C)CCCCN)CC(C)C)CC2=CC=CC=C2)NC(=O)CNC(=O)C(CCCCN)NC(=O)C(CO)NC(=O)C(CC(C)C)NC(=O)CNC(=O)C(CCCCN)NC(=O)C(CCCCN)NC(=O)C(CC(=O)N)NC(=O)C(C)NC(=O)CNC(=O)C(CCCCN)NC(=O)C(CC3=CC=C(C=C3)O)NC(=O)C(CCCCN)NC(=O)C(CCCNC(=N)N)NC(=O)C(C)NC(=O)C(CC(=O)N)NC(=O)C4CCCN4C(=O)C(CC5=CN=CN5)NC(=O)C(CCC(=O)O)NC(=O)C(CCC(=O)N)NC(=O)CNC(=O)C6CCCN6)C(=O)O)CC(C)C)CO)CCSC)CO
Voxelotor,0,1,1,,0,0,0,0,DB14975,CC(C)N1C(=CC=N1)C2=C(C=CC=N2)COC3=CC=CC(=C3C=O)O
Warfarin sodium,1,2,2,,0,0,0,0,DB00682,CC(=O)CC(C1=CC=CC=C1)C2=C(C3=CC=CC=C3OC2=O)[O-].[Na+]
Ximelagatran,1,1,1,,0,0,0,0,DB04898,CCOC(=O)CNC(C1CCCCC1)C(=O)N2CCC2C(=O)NCC3=CC=C(C=C3)C(=NO)N
Zafirlukast,1,1,1,,0,0,0,0,DB00549,CC1=CC=CC=C1S(=O)(=O)NC(=O)C2=CC(=C(C=C2)CC3=CN(C4=C3C=C(C=C4)NC(=O)OC5CCCC5)C)OC
Zaleplon,0,1,1,,0,0,0,0,DB00962,CCN(C1=CC=CC(=C1)C2=CC=NC3=C(C=NN23)C#N)C(=O)C
Zanubrutinib,1,15,15,,0,0,0,0,DB15035,C=CC(=O)N1CCC(CC1)C2CCNC3=C(C(=NN23)C4=CC=C(C=C4)OC5=CC=CC=C5)C(=O)N
Zidovudine,1,4,4,,0,0,0,0,DB00495,CC1=CN(C(=O)NC1=O)C2CC(C(O2)CO)N=[N+]=[N-]
Zileuton,1,1,1,,0,0,0,0,DB00744,CC(C1=CC2=CC=CC=C2S1)N(C(=O)N)O
Zimelidine,1,3,3,,0,0,0,0,DB04832,CN(C)CC=C(C1=CC=C(C=C1)Br)C2=CN=CC=C2
Ziprasidone hydrochloride,1,27,27,,0,0,0,0,DB00246,C1CN(CCN1CCC2=C(C=C3C(=C2)CC(=O)N3)Cl)C4=NSC5=CC=CC=C54.Cl
Zoledronic acid,1,2,2,,0,0,0,0,DB00399,C1=CN(C=N1)CC(O)(P(=O)(O)O)P(=O)(O)O
Zonisamide,1,32,32,,0,0,0,0,DB00909,C1=CC=C2C(=C1)C(=NO2)CS(=O)(=O)N
