dilirank_name,smiles,is_dili,drugbank_id,targets,n_targets
Abacavir sulfate,C1CC1NC2=C3C(=NC(=N2)N)N(C=N3)C4CC(C=C4)CO.C1CC1NC2=C3C(=NC(=N2)N)N(C=N3)C4CC(C=C4)CO.OS(=O)(=O)O,0,DB01048,"['Q72547', 'P03366']",2
Abaloparatide,CCC(C)C(C(=O)NC(CCC(=O)N)C(=O)NC(CC(=O)O)C(=O)NC(CC(C)C)C(=O)NC(CCCNC(=N)N)C(=O)NC(CCCNC(=N)N)C(=O)NC(CCCNC(=N)N)C(=O)NC(CCC(=O)O)C(=O)NC(CC(C)C)C(=O)NC(CC(C)C)C(=O)NC(CCC(=O)O)C(=O)NC(CCCCN)C(=O)NC(CC(C)C)C(=O)NC(CC(C)C)C(=O)NC(C)(C)C(=O)NC(CCCCN)C(=O)NC(CC(C)C)C(=O)NC(CC1=CN=CN1)C(=O)NC(C(C)O)C(=O)NC(C)C(=O)N)NC(=O)C(CO)NC(=O)C(CCCCN)NC(=O)CNC(=O)C(CCCCN)NC(=O)C(CC(=O)O)NC(=O)C(CC2=CN=CN2)NC(=O)C(CC(C)C)NC(=O)C(CC(C)C)NC(=O)C(CCC(=O)N)NC(=O)C(CC3=CN=CN3)NC(=O)C(CCC(=O)O)NC(=O)C(CO)NC(=O)C(C(C)C)NC(=O)C(C)N,0,DB05084,['Q03431'],1
Abemaciclib,CCN1CCN(CC1)CC2=CN=C(C=C2)NC3=NC=C(C(=N3)C4=CC5=C(C(=C4)F)N=C(N5C(C)C)C)F,1,DB12001,"['P11802', 'Q00534']",2
Abiraterone acetate,CC(=O)OC1CCC2(C3CCC4(C(C3CC=C2C1)CC=C4C5=CN=CC=C5)C)C,1,DB05812,['P05093'],1
Acarbose,CC1C(C(C(C(O1)OC2C(OC(C(C2O)O)OC(C(CO)O)C(C(C=O)O)O)CO)O)O)NC3C=C(C(C(C3O)O)O)CO,1,DB00284,"['O43451', 'P14410', 'P04746', 'P10253']",4
Acebutolol hydrochloride,CCCC(=O)NC1=CC(=C(C=C1)OCC(CNC(C)C)O)C(=O)C.Cl,1,DB01193,"['P08588', 'P07550']",2
Aceclofenac,C1=CC=C(C(=C1)CC(=O)OCC(=O)O)NC2=C(C=CC=C2Cl)Cl,1,DB06736,"['P35354', 'P23219']",2
Acetaminophen,CC(=O)NC1=CC=C(C=C1)O,1,DB00316,"['P35354', 'P31645', 'P23975', 'P23219', 'Q15185', 'Q8NER1']",6
Acetazolamide,CC(=O)NC1=NN=C(S1)S(=O)(=O)N,1,DB00819,"['P00915', 'P00918', 'P22748', 'O43570', 'Q9ULX7', 'P07451', 'P43166', 'P29972']",8
Acetylcysteine,CC(=O)NC(CS)C(=O)O,0,DB06151,"['P48637', 'Q9UPY5', 'Q03154', 'O14920', 'O15111', 'Q13224', 'Q05586', 'Q12879', 'O15399', 'Q8TCU5']",10
Acitretin,CC1=CC(=C(C(=C1C=CC(=CC=CC(=CC(=O)O)C)C)C)C)OC,1,DB00459,"['P19793', 'P40763', 'P10276', 'P10826', 'P13631', 'P48443', 'P28702', 'P09455']",8
Acyclovir,C1=NC2=C(N1COCCO)N=C(NC2=O)N,1,DB00787,"['P04293', 'P09252']",2
Adefovir dipivoxil,CC(C)(C)C(=O)OCOP(=O)(COCCN1C=NC2=C(N=CN=C21)N)OCOC(=O)C(C)(C)C,1,DB00718,['P24024'],1
Adenosine,C1=NC(=C2C(=N1)N(C=N2)C3C(C(C(O3)CO)O)O)N,0,DB00640,"['P30542', 'P29274', 'P29275', 'P0DMS8']",4
Albendazole,CCCSC1=CC2=C(C=C1)N=C(N2)NC(=O)OC,1,DB00518,"['F1L7U3', 'Q71U36', 'P68371', 'P83223']",4
Albuterol,CC(C)(C)NCC(C1=CC(=C(C=C1)O)CO)O,0,DB01001,"['P07550', 'P08588', 'P13945']",3
Alclofenac,C=CCOC1=C(C=C(C=C1)CC(=O)O)Cl,1,DB13167,['P35354'],1
Alendronate sodium,C(CC(O)(P(=O)(O)O)P(=O)(O)[O-])CN.O.O.O.[Na+],1,DB00630,"['P14324', 'P29074', 'Q13332', 'P23469', 'P38606']",5
Alfentanil hydrochloride,CCC(=O)N(C1=CC=CC=C1)C2(CCN(CC2)CCN3C(=O)N(N=N3)CC)COC.Cl,0,DB00802,['P35372'],1
Alfuzosin hydrochloride,CN(CCCNC(=O)C1CCCO1)C2=NC3=CC(=C(C=C3C(=N2)N)OC)OC.Cl,1,DB00346,"['P35348', 'P35348', 'P35368', 'P25100']",4
Allopurinol,C1=NNC2=C1C(=O)NC=N2,1,DB00437,['P47989'],1
Alosetron hydrochloride,CC1=C(N=CN1)CN2CCC3=C(C2=O)C4=CC=CC=C4N3C.Cl,1,DB00969,['P46098'],1
Alpelisib,CC1=C(SC(=N1)NC(=O)N2CCCC2C(=O)N)C3=CC(=NC=C3)C(C)(C)C(F)(F)F,1,DB12015,['P42336'],1
Alprazolam,CC1=NN=C2N1C3=C(C=C(C=C3)Cl)C(=NC2)C4=CC=CC=C4,1,DB00404,"['P14867', 'P30536', 'P14867']",3
Alvimopan,CC1CN(CCC1(C)C2=CC(=CC=C2)O)CC(CC3=CC=CC=C3)C(=O)NCC(=O)O,0,DB06274,"['P35372', 'P41145', 'P41143']",3
Amifampridine,C1=CN=CC(=C1N)N,0,DB11640,['Q09470'],1
Amifostine,C(CN)CNCCSP(=O)(O)O,0,DB01143,['P10696'],1
Amikacin sulfate,C1C(C(C(C(C1NC(=O)C(CCN)O)OC2C(C(C(C(O2)CO)O)N)O)O)OC3C(C(C(C(O3)CN)O)O)O)N.OS(=O)(=O)O.OS(=O)(=O)O,0,DB00479,['P0A7S3'],1
Amiloride hydrochloride,C1(=C(N=C(C(=N1)Cl)N)N)C(=O)N=C(N)N.O.O.Cl,1,DB00594,"['P37088', 'P51168', 'P51170', 'P51172', 'P19801', 'Q16515', 'P78348', 'P19634', 'P00749']",9
Amineptine,C1CC2=CC=CC=C2C(C3=CC=CC=C31)NCCCCCCC(=O)O,1,DB04836,"['Q01959', 'P23975', 'P31645']",3
Aminocaproic acid,C(CCC(=O)O)CCN,0,DB00513,"['P00747', 'P00750', 'P08519']",3
Aminohippurate sodium,C1=CC(=CC=C1C(=O)NCC(=O)[O-])N.[Na+],0,DB00345,['Q8TCC7'],1
Aminophylline,CN1C2=C(C(=O)N(C1=O)C)NC=N2.CN1C2=C(C(=O)N(C1=O)C)NC=N2.C(CN)N,0,DB01223,"['Q14432', 'P30542', 'P0DMS8', 'Q92769']",4
Aminosalicylic acid ,C1=CC(=C(C=C1N)O)C(=O)O,0,DB00233,"['P23219', 'P00374', 'P35354', 'O15111', 'P09917', 'Q9NZK7']",6
Amiodarone hydrochloride,CCCCC1=C(C2=CC=CC=C2O1)C(=O)C3=CC(=C(C(=C3)I)OCCN(CC)CC)I.Cl,1,DB01118,"['Q12809', 'P08588', 'Q9P0X4', 'Q13936', 'P10827', 'P37231', 'Q07869', 'Q86YN6']",8
Amisulpride,CCN1CCCC1CNC(=O)C2=CC(=C(C=C2OC)N)S(=O)(=O)CC,1,DB06288,"['P34969', 'P28223', 'P14416', 'P35462', 'P35372', 'P41143', 'P41145']",7
Amitriptyline hydrochloride,CN(C)CCC=C1C2=CC=CC=C2CCC3=CC=CC=C31.Cl,1,DB00321,"['P23975', 'P31645', 'P28223', 'P08908', 'P41143', 'P41145', 'P04629', 'Q16620', 'P35348', 'P25100', 'P08913', 'P35367', 'O43526', 'Q09470', 'P25021', 'Q9H3N8', 'Q99720', 'P28335', 'P35368', 'P34969', 'P28221', 'P35372', 'P28222', 'P50406', 'O43525', 'P08909', 'P11229', 'Q12809']",28
Amoxicillin,CC1(C(N2C(S1)C(C2=O)NC(=O)C(C3=CC=C(C=C3)O)N)C(=O)O)C,1,DB01060,['Q8L103'],1
Amphetamine sulfate,CC(CC1=CC=CC=C1)N.CC(CC1=CC=CC=C1)N.OS(=O)(=O)O,1,DB00182,"['Q05940', 'Q01959', 'Q16568', 'Q96RJ0', 'P21397', 'P23975', 'P35348', 'P08588', 'P14416', 'P27338', 'P31645']",11
Ampicillin sodium,CC1(C(N2C(S1)C(C2=O)NC(=O)C(C3=CC=CC=C3)N)C(=O)[O-])C.[Na+],1,DB00415,"['Q8DNB6', 'Q7CRA4', 'Q75Y35', 'Q8DR59', 'P0A3M6', 'P46059', 'Q16348', 'Q02763']",8
Anastrozole,CC(C)(C#N)C1=CC(=CC(=C1)CN2C=NC=N2)C(C)(C)C#N,1,DB01217,['P11511'],1
Angiotensin ii acetate,CCC(C)C(C(=O)NC(CC1=CN=CN1)C(=O)N2CCCC2C(=O)NC(CC3=CC=CC=C3)C(=O)O)NC(=O)C(CC4=CC=C(C=C4)O)NC(=O)C(C(C)C)NC(=O)C(CCCN=C(N)N)NC(=O)C(CC(=O)O)N.CC(=O)O,0,DB11842,"['P50052', 'P30556']",2
Anidulafungin,CCCCCOC1=CC=C(C=C1)C2=CC=C(C=C2)C3=CC=C(C=C3)C(=O)NC4CC(C(NC(=O)C5C(C(CN5C(=O)C(NC(=O)C(NC(=O)C6CC(CN6C(=O)C(NC4=O)C(C)O)O)C(C(C7=CC=C(C=C7)O)O)O)C(C)O)C)O)O)O,1,DB00362,"['A2QLK4', 'P40989']",2
Apalutamide,CNC(=O)C1=C(C=C(C=C1)N2C(=S)N(C(=O)C23CCC3)C4=CC(=C(N=C4)C#N)C(F)(F)F)F,0,DB11901,"['P10275', 'P14867']",2
Apixaban,COC1=CC=C(C=C1)N2C3=C(CCN(C3=O)C4=CC=C(C=C4)N5CCCCC5=O)C(=N2)C(=O)N,1,DB06605,['P00742'],1
Aplaviroc,CCCCN1C(=O)C(NC(=O)C12CCN(CC2)CC3=CC=C(C=C3)OC4=CC=C(C=C4)C(=O)O)C(C5CCCCC5)O,1,DB06497,['P51681'],1
Apomorphine hydrochloride,CN1CCC2=C3C1CC4=C(C3=CC=C2)C(=C(C=C4)O)O.CN1CCC2=C3C1CC4=C(C3=CC=C2)C(=C(C=C4)O)O.O.Cl.Cl,0,DB00714,"['P21917', 'P14416', 'P35462', 'P21918', 'P21728', 'P18825', 'P18089', 'P08908', 'P28223', 'P41595', 'P28335', 'P08913', 'P28221', 'P28222']",14
Apremilast,CCOC1=C(C=CC(=C1)C(CS(=O)(=O)C)N2C(=O)C3=C(C2=O)C(=CC=C3)NC(=O)C)OC,0,DB05676,"['Q86V67', 'P11802', 'Q00534']",3
Argatroban,CC1CCN(C(C1)C(=O)O)C(=O)C(CCCN=C(N)N)NS(=O)(=O)C2=CC=CC3=C2NCC(C3)C,0,DB00278,['P00734'],1
Arginine hydrochloride,C(CC(C(=O)O)N)CN=C(N)N.Cl,0,DB00125,"['Q8WY07', 'Q96A70', 'P04424', 'P35228', 'P30825', 'P78540', 'O43246', 'P00966', 'P29474']",9
Aripiprazole,C1CC(=O)NC2=C1C=CC(=C2)OCCCCN3CCN(CC3)C4=C(C(=CC=C4)Cl)Cl,1,DB01238,"['P14416', 'P28223', 'P08908', 'P35348', 'P35368', 'P35462', 'P28221', 'P34969', 'P08913', 'P18825', 'P35367', 'P28222', 'P28335', 'P46098', 'P50406', 'P21728', 'P21917', 'P18089', 'P28566', 'P21918', 'P41595', 'P47898', 'P08588', 'P07550', 'P25021', 'Q9Y5N1', 'Q9H3N8', 'P11229', 'P08172', 'P20309', 'P08173', 'P08912', 'P41145', 'P35372', 'P41143', 'Q05586', 'Q01959', 'P31645']",38
Aripiprazole lauroxil,CCCCCCCCCCCC(=O)OCN1C(=O)CCC2=C1C=C(C=C2)OCCCCN3CCN(CC3)C4=C(C(=CC=C4)Cl)Cl,1,DB14185,"['P14416', 'P08908', 'P28223', 'P28222', 'P28221', 'P28566', 'P21728', 'P21918', 'P35462', 'P21917', 'P28335', 'P46098', 'P50406', 'P34969', 'P35367', 'P35348', 'P35368', 'P08913', 'P18089', 'P18825', 'P11229', 'P08172', 'P20309', 'P08173', 'P08912']",25
Aspirin,CC(=O)OC1=CC=CC=C1C(=O)O,1,DB00945,"['P23219', 'P04035', 'P35354', 'Q04828', 'Q13131', 'P25101', 'P04637', 'P11021', 'P51812', 'P25963', 'P98066', 'P29466', 'P42574', 'O14920', 'P28482', 'P24385', 'P01106', 'P12004', 'Q99519']",19
Atazanavir sulfate,CC(C)(C)C(C(=O)NC(CC1=CC=CC=C1)C(CN(CC2=CC=C(C=C2)C3=CC=CC=N3)NC(=O)C(C(C)(C)C)NC(=O)OC)O)NC(=O)OC.OS(=O)(=O)O,1,DB01072,"['Q72874', 'P03366']",2
Atenolol,CC(C)NCC(COC1=CC=C(C=C1)CC(=O)N)O,1,DB00335,"['P08588', 'P07550']",2
Atomoxetine hydrochloride,CC1=CC=CC=C1OC(CCNC)C2=CC=CC=C2.Cl,1,DB00289,"['P23975', 'P31645', 'Q05586', 'P48549', 'P41145']",5
Atropine,CN1C2CCC1CC(C2)OC(=O)C(CO)C3=CC=CC=C3,0,DB00572,"['P11229', 'P08172', 'P20309', 'P08173', 'P08912', 'P23415', 'P43681', 'P17787']",8
Auranofin,CCP(CC)CC.CC(=O)OCC1C(C(C(C(O1)[S-])OC(=O)C)OC(=O)C)OC(=O)C.[Au+],1,DB00995,"['P11474', 'O95718', 'P62508', 'P30044', 'O14920']",5
Avanafil,COC1=C(C=C(C=C1)CNC2=NC(=NC=C2C(=O)NCC3=NC=CC=N3)N4CCCC4CO)Cl,0,DB06237,['O76074'],1
Avatrombopag maleate,C1CCC(CC1)N2CCN(CC2)C3=C(N=C(S3)NC(=O)C4=CC(=C(N=C4)N5CCC(CC5)C(=O)O)Cl)C6=CC(=CS6)Cl.C(=CC(=O)O)C(=O)O,0,DB11995,['P40238'],1
Azathioprine,CN1C=NC(=C1SC2=NC=NC3=C2NC=N3)[N+](=O)[O-],1,DB00993,"['Q06203', 'P63000']",2
Azithromycin,CCC1C(C(C(N(CC(CC(C(C(C(C(C(=O)O1)C)OC2CC(C(C(O2)C)O)(C)OC)C)OC3C(C(CC(O3)C)N(C)C)O)(C)O)C)C)C)O)(C)O,1,DB00207,['Q9UM07'],1
Bacitracin,CCC(C)C1C(=O)NC(C(=O)NC(C(=O)NC(C(=O)NC(C(=O)NCCCCC(C(=O)NC(C(=O)N1)CCCN)NC(=O)C(C(C)CC)NC(=O)C(CCC(=O)O)NC(=O)C(CC(C)C)NC(=O)C2CSC(=N2)C(C(C)CC)N)CC(=O)N)CC(=O)O)CC3=CN=CN3)CC4=CC=CC=C4,0,DB00626,"['P14735', 'P01023']",2
Baclofen,C1=CC(=CC=C1C(CC(=O)O)CN)Cl,1,DB00181,"['O75899', 'P61073', 'Q9UBS5']",3
Baloxavir marboxil,COC(=O)OCOC1=C2C(=O)N3CCOCC3N(N2C=CC1=O)C4C5=C(CSC6=CC=CC=C46)C(=C(C=C5)F)F,0,DB13997,['P03433'],1
Benazepril hydrochloride,CCOC(=O)C(CCC1=CC=CC=C1)NC2CCC3=CC=CC=C3N(C2=O)CC(=O)O.Cl,1,DB00542,['P12821'],1
Bendazac,C1=CC=C(C=C1)CN2C3=CC=CC=C3C(=N2)OCC(=O)O,1,DB13501,"['P23219', 'P35354']",2
Bendroflumethiazide,C1=CC=C(C=C1)CC2NC3=C(C=C(C(=C3)C(F)(F)F)S(=O)(=O)N)S(=O)(=O)N2,1,DB00436,"['P55017', 'Q13621', 'Q12791', 'P00915', 'P00918', 'P22748']",6
Benoxaprofen,CC(C1=CC2=C(C=C1)OC(=N2)C3=CC=C(C=C3)Cl)C(=O)O,1,DB04812,['P24752'],1
Benzbromarone,CCC1=C(C2=CC=CC=C2O1)C(=O)C3=CC(=C(C(=C3)Br)O)Br,1,DB12319,"['Q5XXA6', 'Q96S37', 'P33527', 'P11712', 'P33261']",5
Benzonatate,CCCCNC1=CC=C(C=C1)C(=O)OCCOCCOCCOCCOCCOCCOCCOCCOCCOC,1,DB00868,['Q14524'],1
Benzphetamine hydrochloride,CC(CC1=CC=CC=C1)N(C)CC2=CC=CC=C2.Cl,0,DB00865,"['Q05940', 'P08913', 'P35348', 'Q01959']",4
Benztropine mesylate,CN1C2CCC1CC(C2)OC(C3=CC=CC=C3)C4=CC=CC=C4.CS(=O)(=O)O,0,DB00245,"['P11229', 'Q01959', 'P35367', 'P31645', 'P23975']",5
Betaine,C[N+](C)(C)CC(=O)[O-],0,DB06756,['Q93088'],1
Betrixaban,CN(C)C(=N)C1=CC=C(C=C1)C(=O)NC2=C(C=C(C=C2)OC)C(=O)NC3=NC=C(C=C3)Cl,0,DB12364,['P00742'],1
Bexarotene,CC1=CC2=C(C=C1C(=C)C3=CC=C(C=C3)C(=O)O)C(CCC2(C)C)(C)C,1,DB00307,"['P19793', 'P28702', 'P48443']",3
Bicalutamide,CC(CS(=O)(=O)C1=CC=C(C=C1)F)(C(=O)NC2=CC(=C(C=C2)C#N)C(F)(F)F)O,1,DB01128,['P10275'],1
Biperiden hydrochloride,C1CCN(CC1)CCC(C2CC3CC2C=C3)(C4=CC=CC=C4)O.Cl,0,DB00810,['P11229'],1
Bisacodyl,CC(=O)OC1=CC=C(C=C1)C(C2=CC=C(C=C2)OC(=O)C)C3=CC=CC=N3,0,DB09020,"['Q92482', 'P05023']",2
Bivalirudin,CCC(C)C(C(=O)N1CCCC1C(=O)NC(CCC(=O)O)C(=O)NC(CCC(=O)O)C(=O)NC(CC2=CC=C(C=C2)O)C(=O)NC(CC(C)C)C(=O)O)NC(=O)C(CCC(=O)O)NC(=O)C(CCC(=O)O)NC(=O)C(CC3=CC=CC=C3)NC(=O)C(CC(=O)O)NC(=O)CNC(=O)C(CC(=O)N)NC(=O)CNC(=O)CNC(=O)CNC(=O)CNC(=O)C4CCCN4C(=O)C(CCCNC(=N)N)NC(=O)C5CCCN5C(=O)C(CC6=CC=CC=C6)N,0,DB00006,['P00734'],1
Bortezomib,B(C(CC(C)C)NC(=O)C(CC1=CC=CC=C1)NC(=O)C2=NC=CN=C2)(O)O,1,DB00188,"['P28074', 'P07477', 'P20618']",3
Bosentan,CC(C)(C)C1=CC=C(C=C1)S(=O)(=O)NC2=C(C(=NC(=N2)C3=NC=CC=N3)OCCO)OC4=CC=CC=C4OC,1,DB00559,"['P24530', 'P25101']",2
Brexanolone,CC(=O)C1CCC2C1(CCC3C2CCC4C3(CCC(C4)O)C)C,0,DB11859,"['O14764', 'Q99928', 'P14867', 'P18507', 'P14867', 'P47870']",6
Brexpiprazole,C1CN(CCN1CCCCOC2=CC3=C(C=C2)C=CC(=O)N3)C4=C5C=CSC5=CC=C4,0,DB09128,"['P08908', 'P14416', 'P35462', 'P28223', 'P41595', 'P34969', 'P35348', 'P35368', 'P25100', 'P18825', 'P35367', 'P11229']",12
Brivaracetam,CCCC1CC(=O)N(C1)C(CC)C(=O)N,0,DB05541,"['Q7L0J3', 'P35498']",2
Bromfenac sodium,C1=CC(=C(C(=C1)C(=O)C2=CC=C(C=C2)Br)N)CC(=O)[O-].C1=CC(=C(C(=C1)C(=O)C2=CC=C(C=C2)Br)N)CC(=O)[O-].O.O.O.[Na+].[Na+],1,DB00963,"['P35354', 'P23219']",2
Bromocriptine mesylate,CC(C)CC1C(=O)N2CCCC2C3(N1C(=O)C(O3)(C(C)C)NC(=O)C4CN(C5CC6=C(NC7=CC=CC(=C67)C5=C4)Br)C)O.CS(=O)(=O)O,1,DB01200,"['P14416', 'P35462', 'P28221', 'P08913', 'P08908', 'P18825', 'P18089', 'P41595', 'P21917', 'P28223', 'P28222', 'P28335', 'P21918', 'P21728', 'P35348', 'P35368', 'P25100', 'P34969']",18
Brompheniramine maleate,CN(C)CCC(C1=CC=C(C=C1)Br)C2=CC=CC=N2.C(=CC(=O)O)C(=O)O,0,DB00835,"['P35367', 'P11229', 'P08172', 'P20309', 'P08173', 'P08912']",6
Budesonide,CCCC1OC2CC3C4CCC5=CC(=O)C=CC5(C4C(CC3(C2(O1)C(=O)CO)C)O)C,0,DB01222,"['P04150', 'P04083']",2
Bupropion hydrochloride,CC(C(=O)C1=CC(=CC=C1)Cl)NC(C)(C)C.Cl,1,DB01156,"['Q01959', 'P31645', 'P23975', 'P32297', 'P46098']",5
Butorphanol tartrate,C1CCC2(C3CC4=C(C2(C1)CCN3CC5CCC5)C=C(C=C4)O)O.C(C(C(=O)O)O)(C(=O)O)O,0,DB00611,"['P41145', 'P41143', 'P35372']",3
Cabergoline,CCNC(=O)N(CCCN(C)C)C(=O)C1CC2C(CC3=CNC4=CC=CC2=C34)N(C1)CC=C,0,DB00248,"['P14416', 'P41595', 'P35462', 'P28223', 'P18089', 'P28221', 'P21917', 'P08913', 'P08908', 'P18825', 'P21918', 'P21728', 'P28222', 'P28335', 'P34969', 'P35348', 'P35368', 'P25100', 'P08588', 'P07550', 'P21728']",21
Caffeine citrate,CN1C=NC2=C1C(=O)N(C(=O)N2C)C.C(C(=O)O)C(CC(=O)O)(C(=O)O)O,0,DB00201,"['P30542', 'P21589', 'P29274', 'P29275', 'P0DMS8', 'Q08499', 'Q07343', 'P21817', 'P27815', 'P78527', 'O00329', 'P42336', 'P42338', 'Q14643', 'Q13315']",15
Calcitonin salmon,CC(C)CC1C(=O)NC(C(=O)NC(C(=O)NC(CSSCC(C(=O)NC(C(=O)NC(C(=O)N1)CC(=O)N)CO)N)C(=O)NC(C(C)C)C(=O)NC(CC(C)C)C(=O)NCC(=O)NC(CCCCN)C(=O)NC(CC(C)C)C(=O)NC(CO)C(=O)NC(CCC(=O)N)C(=O)NC(CCC(=O)O)C(=O)NC(CC(C)C)C(=O)NC(CC2=CN=CN2)C(=O)NC(CCCCN)C(=O)NC(CC(C)C)C(=O)NC(CCC(=O)N)C(=O)NC(C(C)O)C(=O)NC(CC3=CC=C(C=C3)O)C(=O)N4CCCC4C(=O)NC(CCCNC(=N)N)C(=O)NC(C(C)O)C(=O)NC(CC(=O)N)C(=O)NC(C(C)O)C(=O)NCC(=O)NC(CO)C(=O)NCC(=O)NC(C(C)O)C(=O)N5CCCC5C(=O)N)C(C)O)CO,0,DB00017,['P30988'],1
Calcitriol,CC(CCCC(C)(C)O)C1CCC2C1(CCCC2=CC=C3CC(CC(C3=C)O)O)C,0,DB00136,"['P11473', 'P31260']",2
Calcium acetate,CC(=O)[O-].CC(=O)[O-].[Ca+2],0,DB01373,"['Q13936', 'P98194', 'P02585', 'P63316', 'Q01082', 'P04271', 'P20810', 'P49747', 'P19801', 'Q99584', 'P05187', 'P05109', 'P06702', 'P29034', 'P00450', 'P12644', 'P08493', 'Q8TAB3', 'O75340', 'P0DP23']",20
Canagliflozin,CC1=C(C=C(C=C1)C2C(C(C(C(O2)CO)O)O)O)CC3=CC=C(S3)C4=CC=C(C=C4)F,1,DB08907,['P31639'],1
Candesartan cilexetil,CCOC1=NC2=CC=CC(=C2N1CC3=CC=C(C=C3)C4=CC=CC=C4C5=NNN=N5)C(=O)OC(C)OC(=O)OC6CCCCC6,1,DB00796,['P30556'],1
Cangrelor,CSCCNC1=C2C(=NC(=N1)SCCC(F)(F)F)N(C=N2)C3C(C(C(O3)COP(=O)(O)OP(=O)(C(P(=O)(O)O)(Cl)Cl)O)O)O,0,DB06441,['Q9H244'],1
Capecitabine,CCCCCOC(=O)NC1=NC(=O)N(C=C1F)C2C(C(C(O2)C)O)O,1,DB01101,"['P12461', 'P04818']",2
Capmatinib hydrochloride,CNC(=O)C1=C(C=C(C=C1)C2=NN3C(=CN=C3N=C2)CC4=CC5=C(C=C4)N=CC=C5)F.O.Cl.Cl,1,DB11791,['P08581'],1
Captopril,CC(CS)C(=O)N1CCCC1C(=O)O,1,DB01197,"['P12821', 'P08253', 'P14780', 'P09960', 'P46663']",5
Carbamazepine,C1=CC=C2C(=C1)C=CC3=CC=CC=C3N2C(=O)N,1,DB00564,"['P35498', 'P43681', 'O75469']",3
Carbinoxamine maleate,CN(C)CCOC(C1=CC=C(C=C1)Cl)C2=CC=CC=N2.C(=CC(=O)O)C(=O)O,0,DB00748,['P35367'],1
Carboprost tromethamine,CCCCCC(C)(C=CC1C(CC(C1CC=CCCCC(=O)O)O)O)O.C(C(CO)(CO)N)O,0,DB00429,"['P34995', 'P43088']",2
Carfilzomib,CC(C)CC(C(=O)C1(CO1)C)NC(=O)C(CC2=CC=CC=C2)NC(=O)C(CC(C)C)NC(=O)C(CCC3=CC=CC=C3)NC(=O)CN4CCOCC4,1,DB08889,"['P28074', 'P28062', 'P20618', 'P28065', 'P49721', 'P40306']",6
Carglumic acid,C(CC(=O)O)C(C(=O)O)NC(=O)N,0,DB06775,['P31327'],1
Carisoprodol,CCCC(C)(COC(=O)N)COC(=O)NC(C)C,0,DB00395,"['P14867', 'P47870', 'P18507', 'P31644', 'P34903']",5
Carvedilol,COC1=CC=CC=C1OCCNCC(COC2=CC=CC3=C2C4=CC=CC=C4N3)O,1,DB01136,"['P08588', 'P35348', 'P35348', 'O95298', 'P07550', 'P15692', 'P16860', 'P17302', 'Q12809', 'P19320', 'P25100', 'P35368', 'P18825', 'P18089', 'P08913', 'P16581', 'Q16665', 'P48050', 'P63252']",19
Cefaclor,C1C(=C(N2C(S1)C(C2=O)NC(=O)C(C3=CC=CC=C3)N)C(=O)O)Cl,1,DB00833,"['Q75Y35', 'Q8XJ01']",2
Cefazolin sodium,CC1=NN=C(S1)SCC2=C(N3C(C(C3=O)NC(=O)CN4C=NN=N4)SC2)C(=O)[O-].[Na+],1,DB01327,"['P02918', 'P02919', 'P76577', 'P0AD65', 'P0AD68', 'P27169', 'P40933', 'P60568']",8
Cefdinir,C=CC1=C(N2C(C(C2=O)NC(=O)C(=NO)C3=CSC(=N3)N)SC1)C(=O)O,1,DB00535,"['P08149', 'Q60FT7', 'P05164']",3
Cefepime hydrochloride,C[N+]1(CCCC1)CC2=C(N3C(C(C3=O)NC(=O)C(=NOC)C4=CSC(=N4)N)SC2)C(=O)O.O.Cl.[Cl-],1,DB01413,"['P02918', 'P02919', 'P0AD65', 'P0AD68', 'Q9X6W0', 'Q51504', 'Q9X6V3']",7
Cefixime,C=CC1=C(N2C(C(C2=O)NC(=O)C(=NOCC(=O)O)C3=CSC(=N3)N)SC1)C(=O)O,1,DB00671,"['P0AEB2', 'P0AD65']",2
Cefoperazone sodium,CCN1CCN(C(=O)C1=O)C(=O)NC(C2=CC=C(C=C2)O)C(=O)NC3C4N(C3=O)C(=C(CS4)CSC5=NN=NN5C)C(=O)[O-].[Na+],1,DB01329,"['P0AD68', 'P02919', 'P0AD65', 'Q07806', 'Q9X6W0', 'P08506', 'P02918', 'P0AEB2', 'P24228']",9
Cefotaxime sodium,CC(=O)OCC1=C(N2C(C(C2=O)NC(=O)C(=NOC)C3=CSC(=N3)N)SC1)C(=O)[O-].[Na+],1,DB00493,"['Q7CRA4', 'Q8DNB6', 'P42971', 'Q8DR59', 'P0A3M6', 'Q4U2R8', 'Q8TCC7', 'Q9NSA0', 'Q9Y694', 'P46059', 'P02768', 'B2ZTR6', 'Q16348']",13
Cefprozil,CC=CC1=C(N2C(C(C2=O)NC(=O)C(C3=CC=C(C=C3)O)N)SC1)C(=O)O,1,DB01150,"['Q04707', 'P14677', 'P0A3M5']",3
Ceftaroline fosamil,CCON=C(C1=NSC(=N1)NP(=O)(O)O)C(=O)NC2C3N(C2=O)C(=C(CS3)SC4=NC(=CS4)C5=CC=[N+](C=C5)C)C(=O)[O-],1,DB06590,['P0AEB2'],1
Ceftazidime,CC(C)(C(=O)O)ON=C(C1=CSC(=N1)N)C(=O)NC2C3N(C2=O)C(=C(CS3)C[N+]4=CC=CC=C4)C(=O)[O-],1,DB00438,"['P0AD68', 'P02918', 'P02919', 'P0AD65', 'Q47066']",5
Ceftriaxone sodium,CN1C(=NC(=O)C(=O)[N-]1)SCC2=C(N3C(C(C3=O)NC(=O)C(=NOC)C4=CSC(=N4)N)SC2)C(=O)[O-].[Na+].[Na+],1,DB01212,"['P0A3M6', 'Q9NSA0', 'Q4U2R8', 'Q8TCC7', 'P46059']",5
Cefuroxime sodium,CON=C(C1=CC=CO1)C(=O)NC2C3N(C2=O)C(=C(CS3)COC(=O)N)C(=O)[O-].[Na+],1,DB01112,['Q8XJ01'],1
Celecoxib,CC1=CC=C(C=C1)C2=CC(=NN2C3=CC=C(C=C3)S(=O)(=O)N)C(F)(F)F,1,DB00482,"['P35354', 'P40763', 'Q99519', 'P00918', 'P07451', 'P55287', 'O15530']",7
Cephalexin,CC1=C(N2C(C(C2=O)NC(=O)C(C3=CC=CC=C3)N)SC1)C(=O)O,1,DB00567,"['Q75Y35', 'Q8DNB6', 'Q7CRA4', 'P0A3M6', 'Q8DR59']",5
Ceritinib,CC1=CC(=C(C=C1C2CCNCC2)OC(C)C)NC3=NC=C(C(=N3)NC4=CC=CC=C4S(=O)(=O)C(C)C)Cl,1,DB09063,['Q9UM73'],1
Cetirizine hydrochloride,C1CN(CCN1CCOCC(=O)O)C(C2=CC=CC=C2)C3=CC=C(C=C3)Cl.Cl.Cl,1,DB00341,['P35367'],1
Chloramphenicol,C1=CC(=CC=C1C(C(CO)NC(=O)C(Cl)Cl)O)[N+](=O)[O-],0,DB00446,"['P0ADY7', 'P24093', 'P08174']",3
Chlorcyclizine hydrochloride,CN1CCN(CC1)C(C2=CC=CC=C2)C3=CC=C(C=C3)Cl.Cl,1,DB08936,['P35367'],1
Chlordiazepoxide hydrochloride,CN=C1CN(C(=C2C=C(C=CC2=N1)Cl)C3=CC=CC=C3)O.Cl,1,DB00475,"['P30536', 'P14867', 'P14867']",3
Chlormezanone,CN1C(S(=O)(=O)CCC1=O)C2=CC=C(C=C2)Cl,1,DB01178,['P30536'],1
Chlorothiazide,C1=C2C(=CC(=C1Cl)S(=O)(=O)N)S(=O)(=O)N=CN2,1,DB00880,"['P55017', 'P00915', 'P00918']",3
Chlorpheniramine maleate,CN(C)CCC(C1=CC=C(C=C1)Cl)C2=CC=CC=N2.C(=CC(=O)O)C(=O)O,0,DB01114,"['P35367', 'P31645', 'P23975', 'Q01959']",4
Chlorpromazine hydrochloride,CN(C)CCCN1C2=CC=CC=C2SC3=C1C=C(C=C3)Cl.Cl,1,DB00477,"['P14416', 'P21728', 'P08908', 'P28223', 'P35348', 'P35368', 'P35367', 'Q12809', 'P21728', 'P35462', 'P21917', 'P21918', 'P28335', 'P28223', 'P35348', 'P08913', 'P11229', 'P20309', 'P17405', 'P02763', 'P50406', 'P34969', 'Q9H3N8', 'P0DP23']",24
Chlorpropamide,CCCNC(=O)NS(=O)(=O)C1=CC=C(C=C1)Cl,1,DB00672,"['Q09428', 'P78508']",2
Chlorzoxazone,C1=CC2=C(C=C1Cl)NC(=O)O2,1,DB00356,['Q12791'],1
Cimetidine,CC1=C(N=CN1)CSCCNC(=NC)NC#N,1,DB00501,['P25021'],1
Cinacalcet hydrochloride,CC(C1=CC=CC2=CC=CC=C21)NCCCC3=CC(=CC=C3)C(F)(F)F.Cl,0,DB01012,['P41180'],1
Ciprofloxacin hydrochloride,C1CC1N2C=C(C(=O)C3=CC(=C(C=C32)N4CCNCC4)F)C(=O)O.O.Cl,1,DB00537,"['P43702', 'P0A0K8', 'P12461', 'P43700', 'P20831', 'P11388', 'Q12809', 'P0AES4', 'P0C1U9', 'Q59192', 'P05653', 'C3T8E2', 'B4YQT9']",13
Cisplatin,N.N.Cl[Pt]Cl,1,DB00515,"['P29372', 'P01023', 'P02787', 'O00244']",4
Cladribine,C1C(C(OC1N2C=NC3=C(N=C(N=C32)Cl)N)CO)O,1,DB00242,"['P23921', 'P00813', 'P31350', 'Q7LG56', 'P09884', 'Q07864', 'P56282', 'Q9NRF9', 'Q9NR33', 'P00491', 'P09874']",11
Clarithromycin,CCC1C(C(C(C(=O)C(CC(C(C(C(C(C(=O)O1)C)OC2CC(C(C(O2)C)O)(C)OC)C)OC3C(C(CC(O3)C)N(C)C)O)(C)OC)C)C)O)(C)O,1,DB01211,"['P0A7J6', 'Q12809', 'Q9Y6L6', 'Q9NPD5']",4
Clevidipine,CCCC(=O)OCOC(=O)C1=C(NC(=C(C1C2=C(C(=CC=C2)Cl)Cl)C(=O)OC)C)C,0,DB04920,"['O60840', 'Q13698', 'Q01668', 'Q13936']",4
Clindamycin hydrochloride,CCCC1CC(N(C1)C)C(=O)NC(C2C(C(C(C(O2)SC)O)O)O)C(C)Cl.Cl,1,DB01190,['Q2G0P0'],1
Clofibrate,CCOC(=O)C(C)(C)OC1=CC=C(C=C1)Cl,1,DB00636,"['Q07869', 'P06858']",2
Clomiphene citrate,CCN(CC)CCOC1=CC=C(C=C1)C(=C(C2=CC=CC=C2)Cl)C3=CC=CC=C3.C(C(=O)O)C(CC(=O)O)(C(=O)O)O,1,DB00882,"['P03372', 'P04278']",2
Clomipramine hydrochloride,CN(C)CCCN1C2=CC=CC=C2CCC3=C1C=C(C=C3)Cl.Cl,1,DB01242,"['P31645', 'P28223', 'P41595', 'P28335', 'P23975', 'P09211']",6
Clonazepam,C1C(=O)NC2=C(C=C(C=C2)[N+](=O)[O-])C(=N1)C3=CC=CC=C3Cl,1,DB01068,"['P14867', 'P14867', 'O75469']",3
Clotrimazole,C1=CC=C(C=C1)C(C2=CC=CC=C2)(C3=CC=CC=C3Cl)N4C=CN=C4,1,DB00257,"['P25025', 'P10613', 'O15554', 'O75469', 'Q8TDS4']",5
Cloxacillin sodium,CC1=C(C(=NO1)C2=CC=CC=C2Cl)C(=O)NC3C4N(C3=O)C(C(S4)(C)C)C(=O)[O-].[Na+],1,DB01147,"['P0AEB2', 'P59676', 'Q8DR59']",3
Clozapine,CN1CCN(CC1)C2=NC3=C(C=CC(=C3)Cl)NC4=CC=CC=C42,1,DB00363,"['P14416', 'P28223', 'P21728', 'P35462', 'P21917', 'P21918', 'P08908', 'P28222', 'P28221', 'P28566', 'P46098', 'P28335', 'P50406', 'P34969', 'P18825', 'P35367', 'Q9H3N8', 'P35348', 'P35368', 'P08913', 'P18089', 'P11229', 'P08172', 'P20309', 'P08173', 'P08912', 'Q9NYX4', 'P09211', 'Q9UBS5', 'O75899', 'P14867', 'P18505', 'Q8N1C3']",33
Codeine sulfate,CN1CCC23C4C1CC5=C2C(=C(C=C5)OC)OC3C(C=C4)O.CN1CCC23C4C1CC5=C2C(=C(C=C5)OC)OC3C(C=C4)O.O.O.O.OS(=O)(=O)O,0,DB00318,"['P35372', 'P41145', 'P41143']",3
Colistimethate sodium,CCC(C)CCCCC(=O)NCCC1C(=O)NC(C(=O)NC(C(=O)NC(C(=O)NC(C(=O)NC(C(=O)NC(C(=O)NC(C(=O)N1)CC(C)C)CCN)CC(C)C)CCN)CCN)CCN)C(C)O,0,DB01111,['P0AC13'],1
Conivaptan hydrochloride,CC1=NC2=C(N1)CCN(C3=CC=CC=C32)C(=O)C4=CC=C(C=C4)NC(=O)C5=CC=CC=C5C6=CC=CC=C6.Cl,0,DB00872,"['P37288', 'P30518']",2
Copper cu-64 dotatate,CC(C1C(=O)NC(CSSCC(C(=O)NC(C(=O)NC(C(=O)NC(C(=O)N1)CCCCN)CC2=CNC3=CC=CC=C32)CC4=CC=C(C=C4)O)NC(=O)C(CC5=CC=CC=C5)NC(=O)CN6CCN(CCN(CCN(CC6)CC(=O)[O-])CC(=O)[O-])CC(=O)O)C(=O)NC(C(C)O)C(=O)O)O.[Cu+2],0,DB15873,['P30874'],1
Corticorelin ovine triflutate,CCC(C)C(C(=O)NC(CO)C(=O)NC(CC(C)C)C(=O)NC(CC(=O)O)C(=O)NC(CC(C)C)C(=O)NC(C(C)O)C(=O)NC(CC1=CC=CC=C1)C(=O)NC(CC2=CN=CN2)C(=O)NC(CC(C)C)C(=O)NC(CC(C)C)C(=O)NC(CCCNC(=N)N)C(=O)NC(CCC(=O)O)C(=O)NC(C(C)C)C(=O)NC(CC(C)C)C(=O)NC(CCC(=O)O)C(=O)NC(CCSC)C(=O)NC(C(C)O)C(=O)NC(CCCCN)C(=O)NC(C)C(=O)NC(CC(=O)O)C(=O)NC(CCC(=O)N)C(=O)NC(CC(C)C)C(=O)NC(C)C(=O)NC(CCC(=O)N)C(=O)NC(CCC(=O)N)C(=O)NC(C)C(=O)NC(CC3=CN=CN3)C(=O)NC(CO)C(=O)NC(CC(=O)N)C(=O)NC(CCCNC(=N)N)C(=O)NC(CCCCN)C(=O)NC(CC(C)C)C(=O)NC(CC(C)C)C(=O)NC(CC(=O)O)C(=O)NC(C(C)CC)C(=O)NC(C)C(=O)N)NC(=O)C4CCCN4C(=O)C5CCCN5C(=O)C(CCC(=O)O)NC(=O)C(CCC(=O)N)NC(=O)C(CO)N,0,DB09067,"['P34998', 'Q13324']",2
Corticotropin,CC(C)CC(C(=O)NC(CCC(=O)O)C(=O)NC(CC1=CC=CC=C1)C(=O)O)NC(=O)C2CCCN2C(=O)C(CC3=CC=CC=C3)NC(=O)C(C)NC(=O)C(CCC(=O)O)NC(=O)C(C)NC(=O)C(CO)NC(=O)C(CCC(=O)O)NC(=O)C(CC(=O)O)NC(=O)C(CCC(=O)O)NC(=O)C(C)NC(=O)CNC(=O)C(CC(=O)N)NC(=O)C4CCCN4C(=O)C(CC5=CC=C(C=C5)O)NC(=O)C(C(C)C)NC(=O)C(CCCCN)NC(=O)C(C(C)C)NC(=O)C6CCCN6C(=O)C(CCCNC(=N)N)NC(=O)C(CCCNC(=N)N)NC(=O)C(CCCCN)NC(=O)C(CCCCN)NC(=O)CNC(=O)C(C(C)C)NC(=O)C7CCCN7C(=O)C(CCCCN)NC(=O)CNC(=O)C(CC8=CNC9=CC=CC=C98)NC(=O)C(CCCNC(=N)N)NC(=O)C(CC1=CC=CC=C1)NC(=O)C(CC1=CN=CN1)NC(=O)C(CCC(=O)O)NC(=O)C(CCSC)NC(=O)C(CO)NC(=O)C(CC1=CC=C(C=C1)O)NC(=O)C(CO)N,0,DB01285,"['Q01718', 'P06850']",2
Cosyntropin,CC(C)C(C(=O)NCC(=O)NC(CCCCN)C(=O)NC(CCCCN)C(=O)NC(CCCNC(=N)N)C(=O)NC(CCCNC(=N)N)C(=O)N1CCCC1C(=O)NC(C(C)C)C(=O)NC(CCCCN)C(=O)NC(C(C)C)C(=O)NC(CC2=CC=C(C=C2)O)C(=O)N3CCCC3C(=O)O)NC(=O)C4CCCN4C(=O)C(CCCCN)NC(=O)CNC(=O)C(CC5=CNC6=CC=CC=C65)NC(=O)C(CCCNC(=N)N)NC(=O)C(CC7=CC=CC=C7)NC(=O)C(CC8=CNC=N8)NC(=O)C(CCC(=O)O)NC(=O)C(CCSC)NC(=O)C(CO)NC(=O)C(CC9=CC=C(C=C9)O)NC(=O)C(CO)N,0,DB01284,['Q01718'],1
Crizotinib,CC(C1=C(C=CC(=C1Cl)F)Cl)OC2=C(N=CC(=C2)C3=CN(N=C3)C4CCNCC4)N,1,DB08865,"['Q9UM73', 'P08581', 'P08922', 'Q04912']",4
Cromoglicate,C1=CC2=C(C(=C1)OCC(COC3=CC=CC4=C3C(=O)C=C(O4)C(=O)O)O)C(=O)C=C(O2)C(=O)O,1,DB01003,"['P07900', 'P25815']",2
Cupric chloride,Cl[Cu]Cl,0,DB09131,"['P04070', 'P04080']",2
Cyanocobalamin,CC1=CC2=C(C=C1C)[N+](=CN2)C3C(C(C(O3)CO)OP(=O)(O)OC(C)CNC(=O)CCC4(C(C5C6(C(C(C(=N6)C(=C7C(C(C(=CC8=NC(=C(C4=N5)C)C(C8(C)C)CCC(=N)[O-])N7)CCC(=N)[O-])(C)CC(=O)N)C)CCC(=N)[O-])(C)CC(=O)N)C)CC(=O)N)C)O.[C]#N.[Co+2],0,DB00115,"['Q99707', 'P22033', 'Q9UBK8', 'Q8IVH4', 'Q9Y4U1', 'P42898']",6
Cyclobenzaprine hydrochloride,CN(C)CCC=C1C2=CC=CC=C2C=CC3=CC=CC=C31.Cl,1,DB00924,"['P18825', 'P28223', 'P41595', 'P28335', 'P50406', 'P31645', 'P23975', 'P34969', 'O00206', 'Q06278']",10
Cyclofenil,CC(=O)OC1=CC=C(C=C1)C(=C2CCCCC2)C3=CC=C(C=C3)OC(=O)C,1,DB13472,['P03372'],1
Cyclophosphamide,C1CNP(=O)(OC1)N(CCCl)CCCl,1,DB00531,['O75469'],1
Cyclosporine,CCC1C(=O)N(CC(=O)N(C(C(=O)NC(C(=O)N(C(C(=O)NC(C(=O)NC(C(=O)N(C(C(=O)N(C(C(=O)N(C(C(=O)N(C(C(=O)N1)C(C(C)CC=CC)O)C)C(C)C)C)CC(C)C)C)CC(C)C)C)C)C)CC(C)C)C)C(C)C)CC(C)C)C)C,1,DB00091,"['P49069', 'Q08209', 'Q96LZ3', 'P62937', 'P30405']",5
Cyproheptadine hydrochloride,CN1CCC(=C2C3=CC=CC=C3C=CC4=CC=CC=C42)CC1.Cl,1,DB00434,"['P35367', 'P28223', 'P28335', 'P25021', 'P41595', 'P11229', 'P08172', 'P20309', 'P34969']",9
Cytarabine,C1=CN(C(=O)N=C1N)C2C(C(C(O2)CO)O)O,1,DB00987,"['P06746', 'P04293']",2
Dabigatran etexilate mesylate,CCCCCCOC(=O)NC(=N)C1=CC=C(C=C1)NCC2=NC3=C(N2C)C=CC(=C3)C(=O)N(CCC(=O)OCC)C4=CC=CC=N4.CS(=O)(=O)O,1,DB06695,['P00734'],1
Dacarbazine,CN(C)N=NC1=C(NC=N1)C(=O)N,1,DB00851,"['Q14181', 'P52209']",2
Dacomitinib,COC1=C(C=C2C(=C1)N=CN=C2NC3=CC(=C(C=C3)F)Cl)NC(=O)C=CCN4CCCCC4,1,DB11963,"['Q15303', 'P04626', 'P00533']",3
Dactinomycin,CC1C(C(=O)NC(C(=O)N2CCCC2C(=O)N(CC(=O)N(C(C(=O)O1)C(C)C)C)C)C(C)C)NC(=O)C3=C4C(=C(C=C3)C)OC5=C(C(=O)C(=C(C5=N4)C(=O)NC6C(OC(=O)C(N(C(=O)CN(C(=O)C7CCCN7C(=O)C(NC6=O)C(C)C)C)C)C(C)C)C)N)C,1,DB00970,"['P11388', 'P11387']",2
Dalfampridine,C1=CN=CC=C1N,0,DB06637,"['Q09470', 'P16389', 'P22001', 'P22459', 'P22460', 'P17658', 'Q96RP8', 'Q16322', 'Q14721', 'Q92953', 'P48547', 'Q96PR1', 'Q14003', 'Q9NSA2', 'Q9NZV8', 'Q9UK17']",16
Dalteparin sodium,C1N(CN(CN1CCO)CC[O-])CCO.[Na+],1,DB06779,"['P01008', 'P15692', 'P16109']",3
Danazol,CC12CCC3C(C1CCC2(C#C)O)CCC4=CC5=C(CC34C)C=NO5,1,DB01406,"['P03372', 'P10275', 'P06401', 'P30968', 'Q96P88', 'P13500']",6
Dantrolene sodium,C1C(=NC(=O)N1N=CC2=CC=C(O2)C3=CC=C(C=C3)[N+](=O)[O-])[O-].[Na+],1,DB01219,['P21817'],1
Dapagliflozin,CCOC1=CC=C(C=C1)CC2=C(C=CC(=C2)C3C(C(C(C(O3)CO)O)O)O)Cl,0,DB06292,['P31639'],1
Dapsone,C1=CC(=CC=C1N)S(=O)(=O)C2=CC=C(C=C2)N,1,DB00250,"['P0C0X2', 'P0C0X1']",2
Daptomycin,CCCCCCCCCC(=O)NC(CC1=CNC2=CC=CC=C21)C(=O)NC(CC(=O)N)C(=O)NC(CC(=O)O)C(=O)NC3C(OC(=O)C(NC(=O)C(NC(=O)C(NC(=O)CNC(=O)C(NC(=O)C(NC(=O)C(NC(=O)C(NC(=O)CNC3=O)CCCN)CC(=O)O)C)CC(=O)O)CO)C(C)CC(=O)O)CC(=O)C4=CC=CC=C4N)C,1,DB00080,['P0AC13'],1
Darunavir,CC(C)CN(CC(C(CC1=CC=CC=C1)NC(=O)OC2COC3C2CCO3)O)S(=O)(=O)C4=CC=C(C=C4)N,1,DB01264,"['Q72874', 'P03366']",2
Dasatinib,CC1=C(C(=CC=C1)Cl)NC(=O)C2=CN=C(S2)NC3=CC(=NC(=N3)C)N4CCN(CC4)CCO,1,DB01254,"['P00519', 'P12931', 'P29317', 'P06239', 'P07947', 'P10721', 'P09619', 'P06241', 'P11274', 'P51692', 'P42684', 'Q06187', 'Q92570', 'P41240', 'P54756', 'P54760', 'P09769', 'P42685', 'P11142', 'P07948', 'Q9NYL2', 'Q16539', 'Q06203']",23
Daunorubicin hydrochloride,CC1C(C(CC(O1)OC2CC(CC3=C2C(=C4C(=C3O)C(=O)C5=C(C4=O)C(=CC=C5)OC)O)(C(=O)C)O)N)O.Cl,0,DB00694,"['P11388', 'Q02880']",2
Deferoxamine mesylate,CC(=O)N(CCCCCNC(=O)CCC(=O)N(CCCCCNC(=O)CCC(=O)N(CCCCCN)O)O)O.CS(=O)(=O)O,1,DB00746,['P05067'],1
Defibrotide sodium,CC(C)C1=C(C=C(C(=C1)C2=NNC(=O)N2C3=CC4=C(C=C3)N(C=C4)C)O)OP(=O)(O)O,0,DB04932,"['P30542', 'P29274', 'P29275']",3
Deflazacort,CC1=NC2(C(O1)CC3C2(CC(C4C3CCC5=CC(=O)C=CC45C)O)C)C(=O)COC(=O)C,0,DB11921,['P04150'],1
Deoxycholic acid,CC(CCC(=O)O)C1CCC2C1(C(CC3C2CCC4C3(CCC(C4)O)C)O)C,0,DB03619,"['P12004', 'P07445', 'Q8GGK7', 'Q7Z2Z2', 'P54965', 'P25553', 'P31224', 'P33517', 'Q03736', 'Q96RI1', 'P09211', 'Q8TDU6', 'P08263']",13
Desloratadine,C1CC2=C(C=CC(=C2)Cl)C(=C3CCNCC3)C4=C1C=CC=N4,1,DB00967,['P35367'],1
Deutetrabenazine,CC(C)CC1CN2CCC3=CC(=C(C=C3C2CC1=O)OC)OC,0,DB12161,['Q05940'],1
Dexbrompheniramine maleate,CN(C)CCC(C1=CC=C(C=C1)Br)C2=CC=CC=N2.C(=CC(=O)O)C(=O)O,0,DB00405,['P35367'],1
Dexlansoprazole,CC1=C(C=CN=C1CS(=O)C2=NC3=CC=CC=C3N2)OCC(F)(F)F,1,DB05351,"['P20648', 'P51164', 'O94760']",3
Dexmethylphenidate hydrochloride,COC(=O)C(C1CCCCN1)C2=CC=CC=C2.Cl,1,DB06701,"['Q01959', 'P23975', 'P31645']",3
Dextroamphetamine sulfate,CC(CC1=CC=CC=C1)N.CC(CC1=CC=CC=C1)N.OS(=O)(=O)O,0,DB01576,"['Q05940', 'P23975', 'Q01959', 'Q96RJ0', 'P35368', 'P35348']",6
Diazepam,CN1C(=O)CN=C(C2=C1C=CC(=C2)Cl)C3=CC=CC=C3,1,DB00829,"['P30536', 'P14867', 'P14867']",3
Dichlorphenamide,C1=C(C=C(C(=C1S(=O)(=O)N)Cl)Cl)S(=O)(=O)N,0,DB01144,"['P00918', 'P00915', 'P22748', 'P43166', 'P07451']",5
Diclofenac sodium,C1=CC=C(C(=C1)CC(=O)[O-])NC2=C(C=CC=C2Cl)Cl.[Na+],1,DB00586,"['P35354', 'P23219']",2
Dicloxacillin sodium,CC1=C(C(=NO1)C2=C(C=CC=C2Cl)Cl)C(=O)NC3C4N(C3=O)C(C(S4)(C)C)C(=O)[O-].[Na+],1,DB00485,"['A0A0E1R3H3', 'Q7CRA4', 'Q8DNB6', 'Q75Y35', 'Q8DR59', 'P0A3M6']",6
Dicyclomine hydrochloride,CCN(CC)CCOC(=O)C1(CCCCC1)C2CCCCC2.Cl,0,DB00804,"['P11229', 'P20309', 'P08172']",3
Didanosine,C1CC(OC1CO)N2C=NC3=C2N=CNC3=O,1,DB00900,"['Q72547', 'P03366', 'P00491']",3
Diethylpropion hydrochloride,CCN(CC)C(C)C(=O)C1=CC=CC=C1.Cl,0,DB00937,"['P23975', 'P31645', 'Q01959']",3
Difelikefalin acetate,CC(C)CC(C(=O)NC(CCCCN)C(=O)N1CCC(CC1)(C(=O)O)N)NC(=O)C(CC2=CC=CC=C2)NC(=O)C(CC3=CC=CC=C3)N.CC(=O)O,0,DB11938,['P41145'],1
Diflunisal,C1=CC(=C(C=C1C2=C(C=C(C=C2)F)F)C(=O)O)O,1,DB00861,"['P35354', 'P23219']",2
Digoxin,CC1C(C(CC(O1)OC2C(OC(CC2O)OC3C(OC(CC3O)OC4CCC5(C(C4)CCC6C5CC(C7(C6(CCC7C8=CC(=O)OC8)O)C)O)C)C)C)O)O,0,DB00390,"['P50993', 'P13637', 'P05026', 'P14415', 'P54709', 'Q6ZQN7', 'P05023']",7
Dihydroergotamine mesylate,CC1(C(=O)N2C(C(=O)N3CCCC3C2(O1)O)CC4=CC=CC=C4)NC(=O)C5CC6C(CC7=CNC8=CC=CC6=C78)N(C5)C.CS(=O)(=O)O,0,DB00320,"['P28222', 'P28221', 'P30939', 'P14416', 'P08913', 'P08908', 'P28566', 'P28223', 'P41595', 'P28335', 'P35348', 'P08913', 'P35462', 'P21917', 'Q13639', 'P13945']",16
Diltiazem hydrochloride,CC(=O)OC1C(SC2=CC=CC=C2N(C1=O)CCN(C)C)C3=CC=C(C=C3)OC.Cl,1,DB00343,"['Q13936', 'P54289', 'Q06432']",3
Dimenhydrinate,CN1C2=C(C(=O)N(C1=O)C)NC(=N2)Cl.CN(C)CCOC(C1=CC=CC=C1)C2=CC=CC=C2,0,DB00985,['P35367'],1
Dimercaprol,C(C(CS)S)O,0,DB06782,['P05067'],1
Dimethyl fumarate,COC(=O)C=CC(=O)OC,1,DB08908,"['Q14145', 'Q04206']",2
Diphenhydramine hydrochloride,CN(C)CCOC(C1=CC=CC=C1)C2=CC=CC=C2.Cl,0,DB01075,"['P50135', 'P35367', 'P08172']",3
Diphenoxylate,CCOC(=O)C1(CCN(CC1)CCC(C#N)(C2=CC=CC=C2)C3=CC=CC=C3)C4=CC=CC=C4,0,DB01081,"['P35372', 'P41143']",2
Disulfiram,CCN(CC)C(=S)SSC(=S)N(CC)CC,1,DB00822,"['P09172', 'P51648', 'P05091']",3
Dobutamine hydrochloride,CC(CCC1=CC=C(C=C1)O)NCCC2=CC(=C(C=C2)O)O.Cl,0,DB00841,"['P35348', 'P08588', 'P07550', 'P03372']",4
Docetaxel,CC1=C2C(C(=O)C3(C(CC4C(C3C(C(C2(C)C)(CC1OC(=O)C(C(C5=CC=CC=C5)NC(=O)OC(C)(C)C)O)O)OC(=O)C6=CC=CC=C6)(CO4)OC(=O)C)O)C)O,1,DB01248,"['Q9H4B7', 'P10415', 'O75469']",3
Dofetilide,CN(CCC1=CC=C(C=C1)NS(=O)(=O)C)CCOC2=CC=C(C=C2)NS(=O)(=O)C,1,DB00204,"['Q12809', 'O95069', 'Q14500']",3
Dolutegravir sodium,CC1CCOC2N1C(=O)C3=C(C(=O)C(=CN3C2)C(=O)NCC4=C(C=C(C=C4)F)F)[O-].[Na+],1,DB08930,"['P03366', 'Q7ZJM1']",2
Donepezil hydrochloride,COC1=C(C=C2C(=C1)CC(C2=O)CC3CCN(CC3)CC4=CC=CC=C4)OC.Cl,1,DB00843,"['P22303', 'P28223', 'P06276', 'P29475', 'P98066', 'P01584', 'Q00653', 'Q05586']",8
Dopamine hydrochloride,C1=CC(=C(C=C1CCN)O)O.Cl,0,DB00988,"['P14416', 'P21728', 'P21918', 'P35462', 'P21917', 'Q01959', 'P09172', 'P08908', 'P34969', 'P21728', 'P23975', 'P31645', 'P46098', 'O95264', 'P00441', 'Q05940']",16
Doxapram hydrochloride,CCN1CC(C(C1=O)(C2=CC=CC=C2)C3=CC=CC=C3)CCN4CCOCC4.O.Cl,0,DB00561,"['O14649', 'Q9NPC2']",2
Doxazosin mesylate,COC1=C(C=C2C(=C1)C(=NC(=N2)N3CCN(CC3)C(=O)C4COC5=CC=CC=C5O4)N)OC.CS(=O)(=O)O,1,DB00590,"['P35348', 'P25100', 'Q12809', 'P35368']",4
Doxepin hydrochloride,CN(C)CCC=C1C2=CC=CC=C2COC3=CC=CC=C31.Cl,1,DB01142,"['P35367', 'P25021', 'P23975', 'P31645', 'P28223', 'P41595', 'P28335', 'P11229', 'P08172', 'P20309', 'P08173', 'P08912', 'P35348', 'P35368', 'P25100', 'P08908', 'P50406', 'Q9H3N8', 'Q12809']",19
Doxorubicin hydrochloride,CC1C(C(CC(O1)OC2CC(CC3=C2C(=C4C(=C3O)C(=O)C5=C(C4=O)C(=CC=C5)OC)O)(C(=O)CO)O)N)O.Cl,1,DB00997,"['P11388', 'O14746', 'P11387', 'Q02880', 'Q14978']",5
Dronedarone hydrochloride,CCCCC1=C(C2=C(O1)C=CC(=C2)NS(=O)(=O)C)C(=O)C3=CC=C(C=C3)OCCCN(CCCC)CCCC.Cl,1,DB04855,"['P35348', 'P22460', 'P35368', 'P25100', 'P08913', 'P18089', 'P18825', 'Q12809', 'Q13936', 'Q01668', 'O60840', 'Q13698', 'Q02641', 'Q08289', 'P54284', 'O00305', 'O95069', 'Q14524', 'P48549', 'P51787', 'Q14500', 'P32418', 'Q9UK17', 'P08588', 'P10827']",25
Droperidol,C1CN(CC=C1N2C3=CC=CC=C3NC2=O)CCCC(=O)C4=CC=C(C=C4)F,0,DB00450,"['P35348', 'P14416']",2
Droxicam,CN1C2=C(C3=CC=CC=C3S1(=O)=O)OC(=O)N(C2=O)C4=CC=CC=N4,1,DB09215,"['P23219', 'P35354']",2
Droxidopa,C1=CC(=C(C=C1C(C(C(=O)O)N)O)O)O,0,DB06262,"['P35348', 'P35368', 'P25100', 'P08913', 'P18089', 'P18825', 'P08588', 'P07550', 'P13945', 'P00439']",10
Duloxetine hydrochloride,CNCCC(C1=CC=CS1)OC2=CC=CC3=CC=CC=C32.Cl,1,DB00476,"['P31645', 'P23975', 'Q01959']",3
Dutasteride,CC12CCC3C(C1CCC2C(=O)NC4=C(C=CC(=C4)C(F)(F)F)C(F)(F)F)CCC5C3(C=CC(=O)N5)C,0,DB01126,"['P18405', 'Q9H8P0', 'P31213']",3
Dyphylline,CN1C2=C(C(=O)N(C1=O)C)N(C=N2)CC(CO)O,0,DB00651,"['Q07343', 'P21589', 'P27815', 'Q08493', 'Q08499', 'P30542', 'P29274']",7
Ecallantide,CCC(C)C1C(=O)NC(C(=O)NCC(=O)NCC(=O)NC2CSSCC3C(=O)NC(C(=O)NC(C(=O)NC(C(=O)NC(C(=O)N4CCCC4C(=O)NC(C(=O)NC(C(=O)NC(C(=O)NC(C(=O)NC(C(=O)NC(C(=O)NC(C(=O)NC(C(=O)NC(C(=O)NC(C(=O)NC(CSSCC(C(=O)NC(C(=O)NC(C(=O)NC(C(=O)NC(CSSCC(C(=O)NC(C(=O)NC(C(=O)NC(C(=O)NC(C(=O)NC(C(=O)NC(C(=O)NCC(=O)N5CCCC5C(=O)N3)CC(=O)O)CC(=O)O)C)CCCCN)CC6=CC=CC=C6)C)NC(=O)C(CC7=CC=CC=C7)NC(=O)C(CO)NC(=O)C(CC8=CN=CN8)NC(=O)C(CCSC)NC(=O)C(C)NC(=O)C(CCC(=O)O)N)C(=O)NC(C(C)O)C(=O)NC(CCCNC(=N)N)C(=O)NC(CC(=O)O)C(=O)O)CCSC)CCCCN)CCCCN)NC(=O)C(NC(=O)C(NC(=O)C(NC(=O)C(NC(=O)C(NC(=O)C(NC(=O)C(NC(=O)C(NC(=O)C(NC(=O)C(NC(=O)CNC(=O)C(NC2=O)CCC(=O)O)CC(=O)N)CCC(=O)N)CC(=O)N)CCCNC(=N)N)CC9=CC=CC=C9)CCC(=O)O)CO)CC(C)C)CCC(=O)O)CCC(=O)O)C(=O)NC(C(=O)NC(C(=O)NC(C(=O)N1)CC1=CC=CC=C1)CCC(=O)O)CCC(=O)O)CCC(=O)N)CCCNC(=N)N)C(C)O)CC1=CC=CC=C1)C(C)CC)CC(=O)N)CC1=CC=CC=C1)CC1=CC=CC=C1)CC1=CNC2=CC=CC=C21)CCCNC(=N)N)CC1=CN=CN1)C)C)CCCNC(=N)N)CC1=CC=C(C=C1)O,0,DB05311,['P03952'],1
Edaravone,CC1=NN(C(=O)C1)C2=CC=CC=C2,0,DB12243,['P10415'],1
Efavirenz,C1CC1C#CC2(C3=C(C=CC(=C3)Cl)NC(=O)O2)C(F)(F)F,1,DB00625,"['P03366', 'Q72547']",2
Eliglustat tartrate,CCCCCCCC(=O)NC(CN1CCCC1)C(C2=CC3=C(C=C2)OCCO3)O.CCCCCCCC(=O)NC(CN1CCCC1)C(C2=CC3=C(C=C2)OCCO3)O.C(C(C(=O)O)O)(C(=O)O)O,0,DB09039,['Q16739'],1
Empagliflozin,C1COCC1OC2=CC=C(C=C2)CC3=C(C=CC(=C3)C4C(C(C(C(O4)CO)O)O)O)Cl,0,DB09038,['P31639'],1
Enalapril maleate,CCOC(=O)C(CCC1=CC=CC=C1)NC(C)C(=O)N2CCCC2C(=O)O.C(=CC(=O)O)C(=O)O,1,DB00584,['P12821'],1
Enoxaparin sodium,CC1C(C(OC(C1OC2CC(C(C(C2O)O)OC3C(C(C(C(O3)COS(=O)(=O)O)OC4C(C(C=C(O4)C(=O)[O-])O)O)O)NC(=O)C)C(=O)[O-])CO)OC5C(C(C(OC5C(=O)[O-])OC6C7COC(O7)C(C6O)NS(=O)(=O)[O-])O)O)NC(=O)C.[Na+].[Na+].[Na+].[Na+],1,DB01225,"['P01008', 'P00742', 'P00734']",3
Entacapone,CCN(CC)C(=O)C(=CC1=CC(=C(C(=C1)O)O)[N+](=O)[O-])C#N,1,DB00494,['P21964'],1
Enzalutamide,CC1(C(=O)N(C(=S)N1C2=CC(=C(C=C2)C(=O)NC)F)C3=CC(=C(C=C3)C#N)C(F)(F)F)C,0,DB08899,['P10275'],1
Ephedrine sulfate,CC(C(C1=CC=CC=C1)O)NC.CC(C(C1=CC=CC=C1)O)NC.OS(=O)(=O)O,0,DB01364,"['P14416', 'P35348', 'P08588', 'P07550', 'P23975']",5
Epinephrine,CNCC(C1=CC(=C(C=C1)O)O)O,0,DB00668,"['P35348', 'P35368', 'P08588', 'P07550', 'P08913', 'P18089', 'P25100', 'P01375']",8
Eplerenone,CC12CCC(=O)C=C1CC(C3C24C(O4)CC5(C3CCC56CCC(=O)O6)C)C(=O)OC,1,DB00700,['P08235'],1
Epoetin alfa,CC1CC=CC=CC(C(CC(C(C(C(CC(=O)O1)O)OC)OC2C(C(C(C(O2)C)OC3CC(C(C(O3)C)O)(C)O)N(C)C)O)CCO)C)OC4CC(C(C(O4)C)O)(C)O,0,DB00016,['P19235'],1
Eptifibatide,C1CC2C(=O)NC(CSSCCC(=O)NC(C(=O)NCC(=O)NC(C(=O)NC(C(=O)N2C1)CC3=CNC4=CC=CC=C43)CC(=O)O)CCCCN=C(N)N)C(=O)N,0,DB00063,"['P05106', 'P08514', 'A0A024R8I1']",3
Ergocalciferol,CC(C)C(C)C=CC(C)C1CCC2C1(CCCC2=CC=C3CC(CCC3=C)O)C,0,DB00153,"['P11473', 'Q06432']",2
Erlotinib hydrochloride,COCCOC1=C(C=C2C(=C1)C(=NC=N2)NC3=CC=CC(=C3)C#C)OCCOC.Cl,1,DB00530,"['O75469', 'P00533']",2
Ertugliflozin,CCOC1=CC=C(C=C1)CC2=C(C=CC(=C2)C34C(C(C(C(O3)(CO4)CO)O)O)O)Cl,0,DB11827,['P31639'],1
Erythropoietin,CC1CC=CC=CC(C(CC(C(C(C(CC(=O)O1)O)OC)OC2C(C(C(C(O2)C)OC3CC(C(C(O3)C)O)(C)O)N(C)C)O)CCO)C)OC4CC(C(C(O4)C)O)(C)O,0,DB00016,['P19235'],1
Esmolol hydrochloride,CC(C)NCC(COC1=CC=C(C=C1)CCC(=O)OC)O.Cl,0,DB00187,['P08588'],1
Esomeprazole sodium,CC1=CN=C(C(=C1OC)C)CS(=O)C2=NC3=C([N-]2)C=CC(=C3)OC.[Na+],1,DB00736,"['P20648', 'P51164', 'O94760']",3
Estazolam,C1C2=NN=CN2C3=C(C=C(C=C3)Cl)C(=N1)C4=CC=CC=C4,0,DB01215,"['P14867', 'P30536', 'P14867']",3
Estradiol valerate,CCCCC(=O)OC1CCC2C1(CCC3C2CCC4=C3C=CC(=C4)O)C,1,DB13956,"['P03372', 'Q92731', 'O75469', 'P43681', 'Q15596', 'Q99527', 'P00846', 'Q14457', 'P37059', 'P62508']",10
Eszopiclone,CN1CCN(CC1)C(=O)OC2C3=NC=CN=C3C(=O)N2C4=NC=C(C=C4)Cl,1,DB00402,"['P14867', 'P30536', 'P14867', 'P47869', 'P34903', 'P31644']",6
Etelcalcetide,CC(C(=O)NC(CCCN=C(N)N)C(=O)N)NC(=O)C(CCCN=C(N)N)NC(=O)C(CCCN=C(N)N)NC(=O)C(CCCN=C(N)N)NC(=O)C(C)NC(=O)C(CSSCC(C(=O)O)N)NC(=O)C,0,DB12865,['P41180'],1
Ethambutol hydrochloride,CCC(CO)NCCNC(CC)CO.Cl.Cl,1,DB00330,"['P9WNL5', 'P9WNL7', 'P9WNL9']",3
Ethanolamine oleate,CCCCCCCCC=CCCCCCCCC(=O)O.C(CO)N,0,DB06689,['P00748'],1
Ethionamide,CCC1=NC=CC(=C1)C(=S)N,1,DB00609,"['P9WGR1', 'Q16236', 'P9WIE5']",3
Etodolac,CCC1=C2C(=CC=C1)C3=C(N2)C(OCC3)(CC)CC(=O)O,1,DB00749,"['P35354', 'P23219', 'P19793']",3
Etomidate,CCOC(=O)C1=CN=CN1C(C)C2=CC=CC=C2,0,DB00292,"['Q99928', 'P14867', 'P18089', 'P14867']",4
Etoposide,CC1OCC2C(O1)C(C(C(O2)OC3C4COC(=O)C4C(C5=CC6=C(C=C35)OCO6)C7=CC(=C(C(=C7)OC)O)OC)O)O,1,DB00773,"['P11388', 'Q02880']",2
Etravirine,CC1=CC(=CC(=C1OC2=NC(=NC(=C2Br)N)NC3=CC=C(C=C3)C#N)C)C#N,1,DB06414,"['P03366', 'P04585', 'Q72547']",3
Everolimus,CC1CCC2CC(C(=CC=CC=CC(CC(C(=O)C(C(C(=CC(C(=O)CC(OC(=O)C3CCCCN3C(=O)C(=O)C1(O2)O)C(C)CC4CCC(C(C4)OC)OCCO)C)C)O)OC)C)C)C)OC,1,DB01590,['P42345'],1
Exemestane,CC12CCC3C(C1CCC2=O)CC(=C)C4=CC(=O)C=CC34C,1,DB00990,['P11511'],1
Exenatide synthetic,CCC(C)C(C(=O)NC(CCC(=O)O)C(=O)NC(CC1=CNC2=CC=CC=C21)C(=O)NC(CC(C)C)C(=O)NC(CCCCN)C(=O)NC(CC(=O)N)C(=O)NCC(=O)NCC(=O)N3CCCC3C(=O)NC(CO)C(=O)NC(CO)C(=O)NCC(=O)NC(C)C(=O)N4CCCC4C(=O)N5CCCC5C(=O)N6CCCC6C(=O)NC(CO)C(=O)N)NC(=O)C(CC7=CC=CC=C7)NC(=O)C(CC(C)C)NC(=O)C(CCCNC(=N)N)NC(=O)C(C(C)C)NC(=O)C(C)NC(=O)C(CCC(=O)O)NC(=O)C(CCC(=O)O)NC(=O)C(CCC(=O)O)NC(=O)C(CCSC)NC(=O)C(CCC(=O)N)NC(=O)C(CCCCN)NC(=O)C(CO)NC(=O)C(CC(C)C)NC(=O)C(CC(=O)O)NC(=O)C(CO)NC(=O)C(C(C)O)NC(=O)C(CC8=CC=CC=C8)NC(=O)C(C(C)O)NC(=O)CNC(=O)C(CCC(=O)O)NC(=O)CNC(=O)C(CC9=CNC=N9)N,0,DB01276,['P43220'],1
Ezetimibe,C1=CC(=CC=C1C2C(C(=O)N2C3=CC=C(C=C3)F)CCC(C4=CC=C(C=C4)F)O)O,1,DB00973,"['Q9UHC9', 'P35610', 'P15144']",3
Falnidamol,CN1CCC(CC1)NC2=NC=C3C(=N2)C(=NC=N3)NC4=CC(=C(C=C4)F)Cl,1,DB12966,['P00533'],1
Famotidine,C1=C(N=C(S1)N=C(N)N)CSCCC(=NS(=O)(=O)N)N,1,DB00927,['P25021'],1
Febuxostat,CC1=C(SC(=N1)C2=CC(=C(C=C2)OCC(C)C)C#N)C(=O)O,1,DB04854,['P47989'],1
Felbamate,C1=CC=C(C=C1)C(COC(=O)N)COC(=O)N,1,DB00949,"['Q13224', 'Q12879']",2
Felodipine,CCOC(=O)C1=C(NC(=C(C1C2=C(C(=CC=C2)Cl)Cl)C(=O)OC)C)C,1,DB01023,"['Q13936', 'P54289', 'Q08289', 'Q01668', 'Q13698', 'O95180', 'Q9NY47', 'Q01064', 'P54750', 'P08235', 'P02585', 'P63316', 'P0DP23']",13
Fenofibrate,CC(C)OC(=O)C(C)(C)OC1=CC=C(C=C1)C(=O)C2=CC=C(C=C2)Cl,1,DB01039,"['Q07869', 'O75469', 'Q9NPA2']",3
Fenofibric acid,CC(C)(C(=O)O)OC1=CC=C(C=C1)C(=O)C2=CC=C(C=C2)Cl,1,DB13873,"['Q07869', 'P07148', 'Q9NPA2', 'P37231', 'Q03181', 'O75469']",6
Fenoldopam mesylate,CS(=O)(=O)O.C1CNCC(C2=CC(=C(C(=C21)Cl)O)O)C3=CC=C(C=C3)O,0,DB00800,"['P21918', 'P21728', 'P35368', 'P25100', 'P35348', 'P18089', 'P18825', 'P08913']",8
Ferric maltol,CC1=C(C(=O)C=CO1)[O-].CC1=C(C(=O)C=CO1)[O-].CC1=C(C(=O)C=CO1)[O-].[Fe+3],0,DB15598,"['P05106', 'P49281']",2
Fexofenadine hydrochloride,CC(C)(C1=CC=C(C=C1)C(CCCN2CCC(CC2)C(C3=CC=CC=C3)(C4=CC=CC=C4)O)O)C(=O)O.Cl,0,DB00950,['P35367'],1
Fialuridine,C1=C(C(=O)NC(=O)N1C2C(C(C(O2)CO)O)F)I,1,DB15427,['P04293'],1
Finasteride,CC12CCC3C(C1CCC2C(=O)NC(C)(C)C)CCC4C3(C=CC(=O)N4)C,1,DB01216,"['P31213', 'Q9H8P0', 'P18405', 'P51857']",4
Finerenone,CCOC1=NC=C(C2=C1C(C(=C(N2)C)C(=O)N)C3=C(C=C(C=C3)C#N)OC)C,0,DB16165,['P08235'],1
Fingolimod hydrochloride,CCCCCCCCC1=CC=C(C=C1)CCC(CO)(CO)N.Cl,1,DB08868,"['P35462', 'Q9NYA1', 'Q9H228', 'P21453', 'Q99500', 'Q13547', 'O95977']",7
Flavoxate hydrochloride,CC1=C(OC2=C(C1=O)C=CC=C2C(=O)OCCN3CCCCC3)C4=CC=CC=C4.Cl,1,DB01148,"['P11229', 'P08912', 'P08172']",3
Flecainide acetate,CC(=O)O.C1CCNC(C1)CNC(=O)C2=C(C=CC(=C2)OCC(F)(F)F)OCC(F)(F)F,1,DB01195,"['P35499', 'Q14524', 'Q12809', 'Q92736']",4
Flibanserin,C1CN(CCN1CCN2C3=CC=CC=C3NC2=O)C4=CC=CC(=C4)C(F)(F)F,0,DB04908,"['P08908', 'P28223', 'P21917']",3
Florbetaben f-18,CNC1=CC=C(C=C1)C=CC2=CC=C(C=C2)OCCOCCOCCF,0,DB09148,['P05067'],1
Florbetapir f-18,CNC1=CC=C(C=C1)C=CC2=CN=C(C=C2)OCCOCCOCCF,0,DB09149,['P05067'],1
Flortaucipir f-18,C1=CC2=C(C=C1C3=CN=C(C=C3)F)NC4=C2C=NC=C4,0,DB14914,"['P10636', 'P21397', 'P27338']",3
Fluciclovine f-18,C1C(CC1(C(=O)O)N)F,0,DB13146,"['Q15758', 'Q9UM01', 'Q8WY07', 'Q05586', 'P42261', 'P42262', 'P42263', 'P48058']",8
Fluconazole,C1=CC(=C(C=C1F)F)C(CN2C=NC=N2)(CN3C=NC=N3)O,1,DB00196,['P10613'],1
Fludrocortisone acetate,CC(=O)OCC(=O)C1(CCC2C1(CC(C3(C2CCC4=CC(=O)CCC43C)F)O)C)O,0,DB00687,"['P10275', 'P08235', 'P04150']",3
Flumazenil,CCOC(=O)C1=C2CN(C(=O)C3=C(N2C=N1)C=CC(=C3)F)C,0,DB01205,"['P30536', 'P18507', 'P47869', 'Q99928', 'P34903', 'P31644', 'P14867', 'P14867']",8
Fluorescein sodium,C1=CC=C(C(=C1)C2=C3C=CC(=O)C=C3OC4=C2C=CC(=C4)[O-])C(=O)[O-].[Na+].[Na+],0,DB00693,"['Q8TCC7', 'P06310']",2
Fluoroestradiol f-18,CC12CCC3C(C1CC(C2O)F)CCC4=C3C=CC(=C4)O,0,DB15690,"['P03372', 'Q92731']",2
Fluorouracil,C1=C(C(=O)NC(=O)N1)F,1,DB00544,"['O14746', 'Q12882', 'P12461', 'P04818']",4
Fluoxetine hydrochloride,CNCCC(C1=CC=CC=C1)OC2=CC=C(C=C2)C(F)(F)F.Cl,1,DB00472,"['P31645', 'P28335', 'Q15822', 'P32297', 'P30926', 'P61024', 'Q12809']",7
Flurazepam hydrochloride,CCN(CC)CCN1C(=O)CN=C(C2=C1C=CC(=C2)Cl)C3=CC=CC=C3F.Cl.Cl,1,DB00690,"['P30536', 'P14867', 'P14867']",3
Flurbiprofen sodium,CC(C1=CC(=C(C=C1)C2=CC=CC=C2)F)C(=O)[O-].[Na+],1,DB00712,"['P35354', 'P23219']",2
Flutamide,CC(C)C(=O)NC1=CC(=C(C=C1)[N+](=O)[O-])C(F)(F)F,1,DB00499,"['P10275', 'P35869', 'O75469']",3
Flutemetamol f-18,CNC1=C(C=C(C=C1)C2=NC3=C(S2)C=C(C=C3)O)F,0,DB09151,['P05067'],1
Fluvastatin sodium,CC(C)N1C2=CC=CC=C2C(=C1C=CC(CC(CC(=O)[O-])O)O)C3=CC=C(C=C3)F.[Na+],1,DB01095,"['P04035', 'Q92769']",2
Folic acid,C1=CC(=CC=C1C(=O)NC(CCC(=O)O)C(=O)O)NCC2=CN=C3C(=N2)C(=O)NC(=N3)N,0,DB00158,"['Q96NT5', 'P41440', 'P41439', 'P14207', 'P15328']",5
Fondaparinux sodium,COC1C(C(C(C(O1)COS(=O)(=O)[O-])OC2C(C(C(C(O2)C(=O)[O-])OC3C(C(C(C(O3)COS(=O)(=O)[O-])OC4C(C(C(C(O4)C(=O)[O-])OC5C(C(C(C(O5)COS(=O)(=O)[O-])O)O)NS(=O)(=O)[O-])O)O)OS(=O)(=O)[O-])NS(=O)(=O)[O-])O)OS(=O)(=O)[O-])O)NS(=O)(=O)[O-].[Na+].[Na+].[Na+].[Na+].[Na+].[Na+].[Na+].[Na+].[Na+].[Na+],1,DB00569,"['P00742', 'P01008']",2
Fosinopril sodium,CCC(=O)OC(C(C)C)OP(=O)(CCCCC1=CC=CC=C1)CC(=O)N2CC(CC2C(=O)[O-])C3CCCCC3.[Na+],1,DB00492,['P12821'],1
Fosphenytoin sodium,C1=CC=C(C=C1)C2(C(=O)N(C(=O)N2)COP(=O)([O-])[O-])C3=CC=CC=C3.[Na+].[Na+],1,DB01320,['Q14524'],1
Gabapentin,C1CCC(CC1)(CC(=O)O)CN,1,DB00996,"['P54289', 'O75899', 'Q9UBS5', 'Q9NY47', 'A0A024R8I1', 'P30542', 'O43525', 'Q9NR82']",8
Gabapentin enacarbil,CC(C)C(=O)OC(C)OC(=O)NCC1(CCCCC1)CC(=O)O,0,DB08872,"['Q9Y289', 'P54289', 'Q9NY47']",3
Gadofosveset trisodium,C1CC(CCC1OP(=O)([O-])OCC(CN(CCN(CC(=O)[O-])CC(=O)[O-])CC(=O)[O-])N(CC(=O)[O-])CC(=O)[O-])(C2=CC=CC=C2)C3=CC=CC=C3.[Na+].[Na+].[Na+].[Gd+3],0,DB06705,['P02768'],1
Gallium ga-68 edotreotide,CC(C1C(=O)NC(CSSCC(C(=O)NC(C(=O)NC(C(=O)NC(C(=O)N1)CCCCN)CC2=CNC3=CC=CC=C32)CC4=CC=C(C=C4)O)NC(=O)C(CC5=CC=CC=C5)NC(=O)CN6CCN(CCN(CCN(CC6)CC(=O)[O-])CC(=O)[O-])CC(=O)[O-])C(=O)NC(CO)C(C)O)O.[Ga+3],0,DB15494,"['P30874', 'P35346', 'P32745', 'P30872']",4
Gallium ga-68 gozetotide,[H+].C1=CC(=C(C=C1CCC(=O)NCCCCCC(=O)NCCCCC(C(=O)O)NC(=O)NC(CCC(=O)O)C(=O)O)CN(CCN(CC2=C(C=CC(=C2)CCC(=O)O)[O-])CC(=O)[O-])CC(=O)[O-])[O-].[Ga+3],0,DB16019,"['P07288', 'Q04609']",2
Ganirelix acetate,CCNC(=NCCCCC(C(=O)NC(CC(C)C)C(=O)NC(CCCCN=C(NCC)NCC)C(=O)N1CCCC1C(=O)NC(C)C(=O)N)NC(=O)C(CC2=CC=C(C=C2)O)NC(=O)C(CO)NC(=O)C(CC3=CN=CC=C3)NC(=O)C(CC4=CC=C(C=C4)Cl)NC(=O)C(CC5=CC6=CC=CC=C6C=C5)NC(=O)C)NCC.CC(=O)O.CC(=O)O,0,DB06785,['P30968'],1
Gefitinib,COC1=C(C=C2C(=C1)N=CN=C2NC3=CC(=C(C=C3)F)Cl)OCCCN4CCOCC4,1,DB00317,['P00533'],1
Gemcitabine hydrochloride,C1=CN(C(=O)N=C1N)C2C(C(C(O2)CO)O)(F)F.Cl,1,DB00441,"['P31350', 'P23921', 'P04818', 'P30085']",4
Gemfibrozil,CC1=CC(=C(C=C1)C)OCCCC(C)(C)C(=O)O,1,DB01241,"['Q07869', 'P06858', 'Q9Y6L6', 'Q8TCC7', 'O94956', 'Q9NPD5']",6
Gemifloxacin mesylate,CON=C1CN(CC1CN)C2=C(C=C3C(=O)C(=CN(C3=N2)C4CC4)C(=O)O)F.CS(=O)(=O)O,1,DB01155,"['P43700', 'P0A0K8', 'P20831', 'P43702']",4
Glimepiride,CCC1=C(CN(C1=O)C(=O)NCCC2=CC=C(C=C2)S(=O)(=O)NC(=O)NC3CCC(CC3)C)C,1,DB00222,"['O60706', 'Q14654', 'P48048', 'Q09428']",4
Glipizide,CC1=CN=C(C=N1)C(=O)NCCC2=CC=C(C=C2)S(=O)(=O)NC(=O)NC3CCCCC3,1,DB01067,"['Q09428', 'P78508', 'P37231']",3
Glyburide,COC1=C(C=C(C=C1)Cl)C(=O)NCCC2=CC=C(C=C2)S(=O)(=O)NC(=O)NC3CCCCC3,1,DB01016,"['Q09428', 'Q09428', 'O60706', 'O95342', 'O95477', 'Q14654', 'P50416', 'P13569', 'Q8TD43']",9
Glycopyrrolate,C[N+]1(CCC(C1)OC(=O)C(C2CCCC2)(C3=CC=CC=C3)O)C.[Br-],0,DB00986,"['P11229', 'P20309', 'P08172', 'P08173', 'P08912']",5
Guaifenesin,COC1=CC=CC=C1OCC(CO)O,0,DB00874,['Q05586'],1
Heparin sodium,CC(=O)NC1C(C(C(OC1O)COS(=O)(=O)O)OC2C(C(C(C(O2)C(=O)O)OC3C(C(C(C(O3)CO)OC4C(C(C(C(O4)C(=O)O)O)O)OS(=O)(=O)O)OS(=O)(=O)O)NS(=O)(=O)O)O)OS(=O)(=O)O)O.[Na+],1,DB01109,"['P01008', 'P00742', 'P16109', 'P22455', 'P08620', 'O95750', 'P11362', 'P05230', 'P21802', 'P09038', 'P02776', 'P14210']",12
Hydralazine hydrochloride,C1=CC=C2C(=C1)C=NN=C2NN.Cl,1,DB01275,"['Q16853', 'Q16665', 'P13674']",3
Hydrochlorothiazide,C1NC2=CC(=C(C=C2S(=O)(=O)N1)S(=O)(=O)N)Cl,1,DB00999,"['P55017', 'P12821', 'Q12791']",3
Hydrocortisone acetate,CC(=O)OCC(=O)C1(CCC2C1(CC(C3C2CCC4=CC(=O)CCC34C)O)C)O,0,DB00741,"['P04150', 'P04083']",2
Hydroxychloroquine sulfate,CCN(CCCC(C)NC1=C2C=CC(=CC2=NC=C1)Cl)CCO.OS(=O)(=O)O,1,DB01611,"['Q9NYK1', 'Q9NR96', 'Q9BYF1']",3
Hydroxyurea,C(=O)(N)NO,1,DB01005,"['P23921', 'P31350']",2
Hydroxyzine hydrochloride,C1CN(CCN1CCOCCO)C(C2=CC=CC=C2)C3=CC=C(C=C3)Cl.Cl.Cl,0,DB00557,"['P35367', 'Q12809']",2
Ibandronate sodium,CCCCCN(C)CCC(O)(P(=O)(O)O)P(=O)(O)[O-].O.[Na+],1,DB00710,"['O95749', 'P14324']",2
Ibrutinib,C=CC(=O)N1CCCC(C1)N2C3=NC=NC(=C3C(=N2)C4=CC=C(C=C4)OC5=CC=CC=C5)N,1,DB09053,['Q06187'],1
Ibuprofen,CC(C)CC1=CC=C(C=C1)C(C)C(=O)O,1,DB01050,"['P35354', 'P25025', 'P10145', 'P25024', 'P23219', 'P10415', 'P07204', 'P12104', 'P37231', 'P13569', 'Q07869', 'P07359', 'P31151']",13
Idelalisib,CCC(C1=NC2=C(C(=CC=C2)F)C(=O)N1C3=CC=CC=C3)NC4=NC=NC5=C4NC=N5,1,DB09054,['O00329'],1
Ifosfamide,C1CN(P(=O)(OC1)NCCCl)CCCl,1,DB01181,['O75469'],1
Imatinib mesylate,CC1=C(C=C(C=C1)NC(=O)C2=CC=C(C=C2)CN3CCN(CC3)C)NC4=NC=CC(=N4)C5=CN=CC=C5.CS(=O)(=O)O,1,DB00619,"['P11274', 'Q07820', 'P10721', 'P07949', 'P16234', 'P00519', 'P09619', 'P04629', 'P07333', 'Q08345', 'Q16832']",11
Imipramine hydrochloride,CN(C)CCCN1C2=CC=CC=C2CCC3=CC=CC=C31.Cl,1,DB00458,"['P23975', 'P31645', 'P28223', 'P35367', 'P35348', 'P25100', 'P11229', 'P08172', 'P20309', 'P08173', 'P08912', 'Q9NZV8', 'Q9UK17', 'P28335', 'P35368', 'P34969', 'P21728', 'P14416', 'Q12809', 'Q01959', 'P08908', 'P50406', 'O95259', 'P19652']",24
Indomethacin,CC1=C(C2=C(N1C(=O)C3=CC=C(C=C3)Cl)C=CC(=C2)OC)CC(=O)O,1,DB00328,"['P35354', 'P14555', 'P23219', 'P23219', 'Q8N8N7', 'P37231', 'Q04760', 'Q9Y5Y4', 'Q07869', 'P42330', 'P19525']",11
Interferon alfa-2b,CCCN(CCOC1=C(C=C(C=C1Cl)Cl)Cl)C(=O)N2C=CN=C2.C(S(=O)(=O)[O-])(I)I.[Na+],1,DB00105,"['P48551', 'P01563', 'P17181']",3
Iodipamide sodium,C1=C(C(=C(C(=C1I)NC(=O)CCCCC(=O)NC2=C(C=C(C(=C2I)C(=O)[O-])I)I)I)C(=O)[O-])I.[Na+].[Na+],0,DB04711,['P02768'],1
Ioflupane i-123,COC(=O)C1C2CCC(N2CCCF)CC1C3=CC=C(C=C3)I,0,DB08824,['Q01959'],1
Iproniazid,CC(C)NNC(=O)C1=CC=NC=C1,1,DB04818,"['P21397', 'P27338']",2
Irbesartan,CCCCC1=NC2(CCCC2)C(=O)N1CC3=CC=C(C=C3)C4=CC=CC=C4C5=NNN=N5,1,DB01029,"['P30556', 'P05412']",2
Irinotecan hydrochloride,CCC1=C2CN3C(=CC4=C(C3=O)COC(=O)C4(CC)O)C2=NC5=C1C=C(C=C5)OC(=O)N6CCC(CC6)N7CCCCC7.Cl,1,DB00762,"['Q969P6', 'P11387']",2
Isoniazid,C1=CN=CC=C1C(=O)NN,1,DB00951,"['P9WIE5', 'P9WGR1', 'P10632', 'P05177', 'P08684', 'P33261', 'P9WNX1']",7
Isoproterenol hydrochloride,CC(C)NCC(C1=CC(=C(C=C1)O)O)O.Cl,0,DB01064,"['P08588', 'P29460', 'P07550', 'P13945', 'P00441']",5
Isosorbide dinitrate,C1C(C2C(O1)C(CO2)O[N+](=O)[O-])O[N+](=O)[O-],0,DB00883,['P16066'],1
Isotretinoin,CC1=C(C(CCC1)(C)C)C=CC(=CC=CC(=CC(=O)O)C)C,1,DB00982,"['P13631', 'P10276']",2
Isradipine,CC1=C(C(C(=C(N1)C)C(=O)OC(C)C)C2=CC=CC3=NON=C32)C(=O)OC,1,DB00270,"['Q13936', 'P54289', 'Q08289', 'O95180', 'Q9NY47', 'Q01668', 'Q13698']",7
Istradefylline,CCN1C2=C(C(=O)N(C1=O)CC)N(C(=N2)C=CC3=CC(=C(C=C3)OC)OC)C,0,DB11757,"['P29274', 'P30542']",2
Itraconazole,CCC(C)N1C(=O)N(C=N1)C2=CC=C(C=C2)N3CCN(CC3)C4=CC=C(C=C4)OCC5COC(O5)(CN6C=NC=N6)C7=C(C=C(C=C7)Cl)Cl,1,DB01167,"['P14263', 'P10613']",2
Ivabradine hydrochloride,CN(CCCN1CCC2=CC(=C(C=C2CC1=O)OC)OC)CC3CC4=CC(=C(C=C34)OC)OC.Cl,0,DB09083,['Q9UL51'],1
Ivacaftor,CC(C)(C)C1=CC(=C(C=C1NC(=O)C2=CNC3=CC=CC=C3C2=O)O)C(C)(C)C,1,DB08820,['P13569'],1
Ivermectin,CCC(C)C1C(CCC2(O1)CC3CC(O2)CC=C(C(C(C=CC=C4COC5C4(C(C=C(C5O)C)C(=O)O3)O)C)OC6CC(C(C(O6)C)OC7CC(C(C(O7)C)O)OC)OC)C)C,1,DB00602,"['Q17328', 'G5EBR3']",2
Kanamycin,C1C(C(C(C(C1N)OC2C(C(C(C(O2)CN)O)O)O)O)OC3C(C(C(C(O3)CO)O)N)O)N,0,DB01172,['P0A7S3'],1
Ketamine hydrochloride,CNC1(CCCCC1=O)C2=CC=CC=C2Cl.Cl,1,DB01221,"['Q8TCU5', 'P46098', 'P36544', 'P06276', 'P29475', 'P25103', 'P14416', 'P41143', 'P23975', 'P41145', 'P35372', 'P11229', 'P28223', 'P08908']",14
Ketoconazole,CC(=O)N1CCN(CC1)C2=CC=C(C=C2)OCC3COC(O3)(CN4C=CN=C4)C5=C(C=C(C=C5)Cl)Cl,1,DB01026,"['P10613', 'P50859', 'P05093', 'P10275', 'P08686', 'Q12809', 'O75469', 'Q14994']",8
Ketoprofen,CC(C1=CC(=CC=C1)C(=O)C2=CC=CC=C2)C(=O)O,1,DB01009,"['P35354', 'P23219', 'P25024']",3
Labetalol hydrochloride,CC(CCC1=CC=CC=C1)NCC(C2=CC(=C(C=C2)O)C(=O)N)O.Cl,1,DB00598,"['P08588', 'P07550', 'P35348']",3
Lactulose,C(C1C(C(C(C(O1)OC2C(OC(C2O)(CO)O)CO)O)O)O)O,0,DB00581,['P06864'],1
Lamivudine,C1C(OC(S1)CO)N2C=CC(=NC2=O)N,1,DB00709,"['P03366', 'Q72547', 'Q05486']",3
Lamotrigine,C1=CC(=C(C(=C1)Cl)Cl)C2=C(N=C(N=N2)N)N,1,DB00555,"['Q15878', 'Q9UI33', 'P35498', 'P30542', 'P29274', 'P35348', 'P08913', 'P08588', 'P21728', 'P14416', 'P14867', 'P14867', 'P35367', 'P41145', 'P02708', 'P28223', 'P46098', 'P42261']",18
Lansoprazole,CC1=C(C=CN=C1CS(=O)C2=NC3=CC=CC=C3N2)OCC(F)(F)F,1,DB00448,"['P20648', 'P10636']",2
Leflunomide,CC1=C(C=NO1)C(=O)NC2=CC=C(C=C2)C(F)(F)F,1,DB01097,"['Q02127', 'Q08210', 'P35869', 'Q14289']",4
Lemborexant,CC1=NC(=NC=C1OCC2(CC2C(=O)NC3=NC=C(C=C3)F)C4=CC(=CC=C4)F)C,0,DB11951,"['O43613', 'O43614']",2
Lenalidomide,C1CC(=O)NC(=O)C1N2CC3=C(C2=O)C=CC=C3N,1,DB00480,"['P01375', 'Q96SW2', 'O14788', 'P33151', 'P35354']",5
Letermovir,COC1=C(C=C(C=C1)C(F)(F)F)N2C(C3=C(C(=CC=C3)F)N=C2N4CCN(CC4)C5=CC(=CC=C5)OC)CC(=O)O,1,DB12070,['F5HC79'],1
Letrozole,C1=CC(=CC=C1C#N)C(C2=CC=C(C=C2)C#N)N3C=NC=N3,1,DB01006,['P11511'],1
Leuprolide acetate,CCNC(=O)C1CCCN1C(=O)C(CCCN=C(N)N)NC(=O)C(CC(C)C)NC(=O)C(CC(C)C)NC(=O)C(CC2=CC=C(C=C2)O)NC(=O)C(CO)NC(=O)C(CC3=CNC4=CC=CC=C43)NC(=O)C(CC5=CN=CN5)NC(=O)C6CCC(=O)N6.CC(=O)O,1,DB00007,"['P30968', 'P01148']",2
Levetiracetam,CCC(C(=O)N)N1CCCC1=O,1,DB01202,"['P46098', 'Q00975', 'Q7L0J3']",3
Levocarnitine,C[N+](C)(C)CC(CC(=O)[O-])O,0,DB00583,"['Q92523', 'P47989', 'P23141', 'P05164', 'P50416', 'Q9H015', 'O76082', 'P43155', 'Q8N8R3', 'O43772', 'Q9UKG9', 'P23786']",12
Levofloxacin,CC1COC2=C3N1C=C(C(=O)C3=CC(=C2N4CCN(CC4)C)F)C(=O)O,1,DB01137,"['P43700', 'P0A0K8', 'P20831', 'P43702']",4
Levoleucovorin,C1C(N(C2=C(N1)N=C(NC2=O)N)C=O)CNC3=CC=C(C=C3)C(=O)NC(CCC(=O)O)C(=O)O,0,DB11596,['P0A827'],1
Levonorgestrel,CCC12CCC3C(C1CCC2(C#C)O)CCC4=CC(=O)CCC34,0,DB00367,"['P06401', 'P18405', 'P03372', 'P10275', 'P04278', 'P04150']",6
Levorphanol tartrate,CN1CCC23CCCCC2C1CC4=C3C=C(C=C4)O.C(C(C(=O)O)O)(C(=O)O)O,0,DB00854,"['P35372', 'P41143', 'P41145']",3
Levothyroxine sodium,C1=C(C=C(C(=C1I)OC2=CC(=C(C(=C2)I)O)I)I)CC(C(=O)[O-])N.[Na+],1,DB00451,"['P06756', 'P05106', 'P10827', 'P10828']",4
Lidocaine,CCN(CC)CC(=O)NC1=C(C=CC=C1C)C,0,DB00281,"['Q9UI33', 'Q9Y5Y9', 'Q15858', 'Q14524', 'P00533', 'P35499', 'P02763', 'P19652']",8
Linaclotide,CC1C(=O)NC2CSSCC3C(=O)NC(C(=O)NC(C(=O)NC(CSSCC(NC(=O)CNC(=O)C(NC2=O)C(C)O)C(=O)NC(CC4=CC=C(C=C4)O)C(=O)O)C(=O)NC(CSSCC(C(=O)N3)N)C(=O)NC(C(=O)N5CCCC5C(=O)N1)CC(=O)N)CC6=CC=C(C=C6)O)CCC(=O)O,0,DB08890,['P25092'],1
Linagliptin,CC#CCN1C2=C(N=C1N3CCCC(C3)N)N(C(=O)N(C2=O)CC4=NC5=CC=CC=C5C(=N4)C)C,1,DB08882,['P27487'],1
Liothyronine sodium,C1=CC(=C(C=C1OC2=C(C=C(C=C2I)CC(C(=O)[O-])N)I)I)O.[Na+],0,DB00279,"['P10827', 'P10828', 'P12004']",3
Liraglutide,CCCCCCCCCCCCCCCC(=O)NC(CCC(=O)NCCCCC(C(=O)NC(CCC(=O)O)C(=O)NC(CC1=CC=CC=C1)C(=O)NC(C(C)CC)C(=O)NC(C)C(=O)NC(CC2=CNC3=CC=CC=C32)C(=O)NC(CC(C)C)C(=O)NC(C(C)C)C(=O)NC(CCCNC(=N)N)C(=O)NCC(=O)NC(CCCNC(=N)N)C(=O)NCC(=O)O)NC(=O)C(C)NC(=O)C(C)NC(=O)C(CCC(=O)N)NC(=O)CNC(=O)C(CCC(=O)O)NC(=O)C(CC(C)C)NC(=O)C(CC4=CC=C(C=C4)O)NC(=O)C(CO)NC(=O)C(CO)NC(=O)C(C(C)C)NC(=O)C(CC(=O)O)NC(=O)C(CO)NC(=O)C(C(C)O)NC(=O)C(CC5=CC=CC=C5)NC(=O)C(C(C)O)NC(=O)CNC(=O)C(CCC(=O)O)NC(=O)C(C)NC(=O)C(CC6=CN=CN6)N)C(=O)O,1,DB06655,['P43220'],1
Lisinopril,C1CC(N(C1)C(=O)C(CCCCN)NC(CCC2=CC=CC=C2)C(=O)O)C(=O)O,1,DB00722,"['P12821', 'P00797']",2
Lofexidine hydrochloride,CC(C1=NCCN1)OC2=C(C=CC=C2Cl)Cl.Cl,0,DB04948,"['P08913', 'P35348', 'P08908', 'P34969', 'P28335', 'P28221']",6
Lomitapide mesylate,CS(=O)(=O)O.C1CN(CCC1NC(=O)C2=CC=CC=C2C3=CC=C(C=C3)C(F)(F)F)CCCCC4(C5=CC=CC=C5C6=CC=CC=C64)C(=O)NCC(F)(F)F,1,DB08827,['P55157'],1
Lomustine,C1CCC(CC1)NC(=O)N(CCCl)N=O,1,DB01206,['Q9H169'],1
Loperamide hydrochloride,CN(C)C(=O)C(CCN1CCC(CC1)(C2=CC=C(C=C2)Cl)O)(C3=CC=CC=C3)C4=CC=CC=C4.Cl,0,DB00836,"['P35372', 'P41143', 'P41145', 'P01189', 'O00555', 'Q12809', 'P0DP23']",7
Loracarbef,C1CC(=C(N2C1C(C2=O)NC(=O)C(C3=CC=CC=C3)N)C(=O)O)Cl,1,DB00447,"['Q75Y35', 'Q8XJ01']",2
Loratadine,CCOC(=O)N1CCC(=C2C3=C(CCC4=C2N=CC=C4)C=C(C=C3)Cl)CC1,0,DB00455,"['P35367', 'Q12809']",2
Lorazepam,C1=CC=C(C(=C1)C2=NC(C(=O)NC3=C2C=C(C=C3)Cl)O)Cl,1,DB00186,"['P30536', 'P14867', 'P14867']",3
Losartan potassium,CCCCC1=NC(=C(N1CC2=CC=C(C=C2)C3=CC=CC=C3C4=NN=N[N-]4)CO)Cl.[K+],1,DB00678,"['P19235', 'P30556']",2
Lovastatin,CCC(C)C(=O)OC1CC(C=C2C1C(C(C=C2)C)CCC3CC(CC(=O)O3)O)C,1,DB00227,"['P04035', 'P20701', 'Q92769']",3
Lubiprostone,CCCCC(C1(CCC2C(O1)CC(=O)C2CCCCCCC(=O)O)O)(F)F,0,DB01046,['P51788'],1
Lumiracoxib,CC1=CC(=C(C=C1)NC2=C(C=CC=C2Cl)F)CC(=O)O,1,DB01283,"['P35354', 'P23219']",2
Lurasidone hydrochloride,C1CCC(C(C1)CN2CCN(CC2)C3=NSC4=CC=CC=C43)CN5C(=O)C6C7CCC(C7)C6C5=O.Cl,0,DB08815,"['P14416', 'P28223', 'P34969', 'P08908', 'P18825', 'P08913']",6
Lusutrombopag,CCCCCCOC(C)C1=CC=CC(=C1OC)C2=CSC(=N2)NC(=O)C3=CC(=C(C(=C3)Cl)C=C(C)C(=O)O)Cl,0,DB13125,['P40238'],1
Macimorelin acetate,CC(=O)O.CC(C)(C(=O)NC(CC1=CNC2=CC=CC=C21)C(=O)NC(CC3=CNC4=CC=CC=C43)NC=O)N,0,DB13074,['Q92847'],1
Macitentan,CCCNS(=O)(=O)NC1=C(C(=NC=N1)OCCOC2=NC=C(C=N2)Br)C3=CC=C(C=C3)Br,1,DB08932,"['P25101', 'P24530']",2
Maraviroc,CC1=NN=C(N1C2CC3CCC(C2)N3CCC(C4=CC=CC=C4)NC(=O)C5CCC(CC5)(F)F)C(C)C,1,DB04835,['P51681'],1
Maribavir,CC(C)NC1=NC2=CC(=C(C=C2N1C3C(C(C(O3)CO)O)O)Cl)Cl,0,DB06234,['P16788'],1
Mebendazole,COC(=O)NC1=NC2=C(N1)C=C(C=C2)C(=O)C3=CC=CC=C3,1,DB00643,"['Q71U36', 'P68371']",2
Mecamylamine hydrochloride,CC1(C2CCC(C2)C1(C)NC)C.Cl,0,DB00657,"['Q15822', 'P36544', 'P43681', 'P17787']",4
Meclizine hydrochloride,CC1=CC(=CC=C1)CN2CCN(CC2)C(C3=CC=CC=C3)C4=CC=C(C=C4)Cl.O.Cl.Cl,0,DB00737,"['P35367', 'Q14994']",2
Mefenamic acid,CC1=C(C(=CC=C1)NC2=CC=CC=C2C(=O)O)C,1,DB00784,"['P35354', 'P23219']",2
Mefloquine hydrochloride,C1CCNC(C1)C(C2=CC(=NC3=C2C=CC=C3C(F)(F)F)C(F)(F)F)O.Cl,1,DB00358,['P29274'],1
Meloxicam,CC1=CN=C(S1)NC(=O)C2=C(C3=CC=CC=C3S(=O)(=O)N2C)O,1,DB00814,"['P35354', 'P23219']",2
Memantine hydrochloride,CC12CC3CC(C1)(CC(C3)(C2)N)C.Cl,1,DB01043,"['Q05586', 'P46098', 'P36544', 'P14416', 'Q05586', 'P14867']",6
Meperidine hydrochloride,CCOC(=O)C1(CCN(CC1)C)C2=CC=CC=C2.Cl,0,DB00454,"['P41145', 'Q05586', 'Q13224', 'Q12879', 'Q14957', 'O15399', 'P11229', 'P35372', 'Q01959', 'P23975', 'P31645', 'P23141']",12
Mepivacaine hydrochloride,CC1=C(C(=CC=C1)C)NC(=O)C2CCCCN2C.Cl,1,DB00961,['Q9Y5Y9'],1
Meprobamate,CCCC(C)(COC(=O)N)COC(=O)N,0,DB00371,"['Q9HBH1', 'Q02156', 'P14867', 'P14867', 'P47869', 'P34903', 'P48169', 'P31644', 'Q16445']",9
Mercaptopurine,C1=NC2=C(N1)C(=S)N=CN2,1,DB01033,"['P00492', 'P20839', 'Q06203', 'P20839']",4
Meropenem,CC1C2C(C(=O)N2C(=C1SC3CC(NC3)C(=O)N(C)C)C(=O)O)C(C)O,1,DB00760,['P24228'],1
Mesalamine,C1=CC(=C(C=C1N)C(=O)O)O,1,DB00244,"['P35354', 'P23219', 'P09917', 'P37231', 'O15111', 'O14920', 'P35228']",7
Metaproterenol sulfate,CC(C)NCC(C1=CC(=CC(=C1)O)O)O.CC(C)NCC(C1=CC(=CC(=C1)O)O)O.OS(=O)(=O)O,0,DB00816,['P07550'],1
Metformin hydrochloride,CN(C)C(=N)N=C(N)N.Cl,1,DB00331,"['Q96FL8', 'O00763', 'Q16134', 'Q9Y478', 'P21695']",5
Methamphetamine hydrochloride,CC(CC1=CC=CC=C1)NC.Cl,0,DB01577,"['P14416', 'P35368', 'Q01959', 'P31645', 'P23975', 'Q05940', 'P54219', 'Q96RJ0', 'P08913', 'P18089', 'P18825', 'P21397', 'P27338']",13
Methazolamide,CC(=O)N=C1N(N=C(S1)S(=O)(=O)N)C,1,DB00703,"['P00915', 'P22748', 'P00918', 'P43166', 'P07451']",5
Methimazole,CN1C=CNC1=S,1,DB00763,['P07202'],1
Methionine,CSCCC(C(=O)O)N,0,DB00134,"['Q9UBK8', 'Q99707', 'P50579', 'Q93088', 'Q9H2M3']",5
Methotrexate sodium,CN(CC1=CN=C2C(=N1)C(=NC(=N2)N)N)C3=CC=C(C=C3)C(=O)NC(CCC(=O)[O-])C(=O)[O-].[Na+].[Na+],1,DB00563,"['P04818', 'P41440', 'Q96NT5', 'P31939', 'P00374']",5
Methoxsalen,COC1=C2C(=CC3=C1OC=C3)C=CC(=O)O2,1,DB00553,['P11509'],1
Methscopolamine bromide,C[N+]1(C2CC(CC1C3C2O3)OC(=O)C(CO)C4=CC=CC=C4)C.[Br-],0,DB00462,"['P08172', 'P11229', 'P20309']",3
Methsuximide,CC1(CC(=O)N(C1=O)C)C2=CC=CC=C2,0,DB05246,['O43497'],1
Methyldopa,CC(CC1=CC(=C(C=C1)O)O)(C(=O)O)N,1,DB00968,"['P14416', 'P20711', 'P08913']",3
Methylergonovine maleate,CCC(CO)NC(=O)C1CN(C2CC3=CNC4=CC=CC(=C34)C2=C1)C.C(=CC(=O)O)C(=O)O,0,DB00353,"['P21728', 'P41595']",2
Methylphenidate hydrochloride,COC(=O)C(C1CCCCN1)C2=CC=CC=C2.Cl,1,DB00422,"['Q01959', 'P08908', 'P23975']",3
Methylprednisolone,CC1CC2C3CCC(C3(CC(C2C4(C1=CC(=O)C=C4)C)O)C)(C(=O)CO)O,1,DB00959,"['P04150', 'P04083']",2
Methyltestosterone,CC12CCC(=O)C=C1CCC3C2CCC4(C3CCC4(C)O)C,1,DB06710,"['P10275', 'P03372']",2
Methysergide maleate,CCC(CO)NC(=O)C1CN(C2CC3=CN(C4=CC=CC(=C34)C2=C1)C)C.C(=CC(=O)O)C(=O)O,0,DB00247,"['P41595', 'P28335', 'P28223', 'P08908', 'P34969', 'P28222', 'P30939', 'P28566']",8
Metoclopramide hydrochloride,CCN(CC)CCNC(=O)C1=CC(=C(C=C1OC)N)Cl.O.Cl,1,DB01233,"['Q13639', 'P46098', 'P11229', 'P14416']",4
Metoprolol tartrate,CC(C)NCC(COC1=CC=C(C=C1)CCOC)O.CC(C)NCC(COC1=CC=C(C=C1)CCOC)O.C(C(C(=O)O)O)(C(=O)O)O,1,DB00264,"['P08588', 'P07550', 'P08588']",3
Metronidazole,CC1=NC=C(N1CCO)[N+](=O)[O-],1,DB00916,['O25608'],1
Metyrapone,CC(C)(C1=CN=CC=C1)C(=O)C2=CN=CC=C2,0,DB01011,"['P15538', 'P00183']",2
Metyrosine,CC(CC1=CC=C(C=C1)O)(C(=O)O)N,0,DB00765,['P07101'],1
Mexiletine hydrochloride,CC1=C(C(=CC=C1)C)OCC(C)N.Cl,1,DB00379,"['Q14524', 'P35869']",2
Micafungin sodium,CCCCCOC1=CC=C(C=C1)C2=CC(=NO2)C3=CC=C(C=C3)C(=O)NC4CC(C(NC(=O)C5C(C(CN5C(=O)C(NC(=O)C(NC(=O)C6CC(CN6C(=O)C(NC4=O)C(C)O)O)C(C(C7=CC(=C(C=C7)O)OS(=O)(=O)[O-])O)O)C(CC(=O)N)O)C)O)O)O.[Na+],1,DB01141,"['A2QLK4', 'P40989']",2
Midazolam hydrochloride,CC1=NC=C2N1C3=C(C=C(C=C3)Cl)C(=NC2)C4=CC=CC=C4F.Cl,0,DB00683,"['P30536', 'P14867', 'P14867', 'P29274']",4
Midodrine hydrochloride,COC1=CC(=C(C=C1)OC)C(CNC(=O)CN)O.Cl,0,DB00211,"['P35348', 'P35368', 'P25100']",3
Mifepristone,CC#CC1(CCC2C1(CC(C3=C4CCC(=O)C=C4CCC23)C5=CC=C(C=C5)N(C)C)C)O,1,DB00834,"['P06401', 'P04150', 'P07288', 'O75469']",4
Migalastat hydrochloride,C1C(C(C(C(N1)CO)O)O)O.Cl,0,DB05018,['P06280'],1
Miglitol,C1C(C(C(C(N1CCO)CO)O)O)O,0,DB00491,"['P10253', 'Q14697', 'Q8TET4', 'O43451']",4
Miglustat,CCCCN1CC(C(C(C1CO)O)O)O,0,DB00419,['Q16739'],1
Milnacipran hydrochloride,CCN(CC)C(=O)C1(CC1CN)C2=CC=CC=C2.Cl,1,DB04896,"['P31645', 'P23975', 'Q05586']",3
Minocycline hydrochloride,CN(C)C1C2CC3CC4=C(C=CC(=C4C(=C3C(=O)C2(C(=C(C1=O)C(=O)N)O)O)O)O)N(C)C.Cl,1,DB01017,"['P0A7X3', 'P0A7V8', 'P01584', 'P09917', 'P14780', 'P15692', 'P29466', 'P42574', 'P99999', 'P28482', 'P35228']",11
Minoxidil,C1CCN(CC1)C2=NC(=N)N(C(=C2)N)O,0,DB00350,"['P48048', 'P00797', 'P23219']",3
Mirtazapine,CN1CCN2C(C1)C3=CC=CC=C3CC4=C2N=CC=C4,1,DB00370,"['P28223', 'Q9UE69', 'P08913', 'P28335', 'P35348', 'P41145', 'P35367']",7
Mitotane,C1=CC=C(C(=C1)C(C2=CC=C(C=C2)Cl)C(Cl)Cl)Cl,0,DB00648,"['P15538', 'P03372', 'P06401', 'P10275', 'P10109']",5
Mitoxantrone hydrochloride,C1=CC(=C2C(=C1NCCNCCO)C(=O)C3=C(C=CC(=C3C2=O)O)O)NCCNCCO.Cl.Cl,1,DB01204,"['Q02880', 'P11388']",2
Modafinil,C1=CC=C(C=C1)C(C2=CC=CC=C2)S(=O)CC(=O)N,1,DB00745,"['Q01959', 'P35368']",2
Montelukast sodium,CC(C)(C1=CC=CC=C1CCC(C2=CC=CC(=C2)C=CC3=NC4=C(C=CC(=C4)Cl)C=C3)SCC5(CC5)CC(=O)[O-])O.[Na+],1,DB00471,"['Q9Y271', 'P09917']",2
Morphine sulfate,CN1CCC23C4C1CC5=C2C(=C(C=C5)O)OC3C(C=C4)O.CN1CCC23C4C1CC5=C2C(=C(C=C5)O)OC3C(C=C4)O.OS(=O)(=O)O,0,DB00295,"['P35372', 'P41145', 'P41143', 'Q9Y6Y9']",4
Moxifloxacin hydrochloride,COC1=C2C(=CC(=C1N3CC4CCCNC4C3)F)C(=O)C(=CN2C5CC5)C(=O)O.Cl,1,DB00218,"['P20831', 'P0A0K8', 'P43700', 'P43702', 'P11388', 'P27169']",6
Moxisylyte,CC1=CC(=C(C=C1OC(=O)C)C(C)C)OCCN(C)C,1,DB09205,"['P25100', 'P35348']",2
Mycophenolate mofetil,CC1=C2COC(=O)C2=C(C(=C1OC)CC=C(C)CCC(=O)OCCN3CCOCC3)O,1,DB00688,"['P43116', 'P20839', 'P12268', 'Q03393']",4
Nabilone,CCCCCCC(C)(C)C1=CC(=C2C3CC(=O)CCC3C(OC2=C1)(C)C)O,0,DB00486,"['P34972', 'P21554']",2
Nafcillin sodium,CCOC1=C(C2=CC=CC=C2C=C1)C(=O)NC3C4N(C3=O)C(C(S4)(C)C)C(=O)[O-].[Na+],1,DB00607,"['Q7CRA4', 'P0A3M6', 'Q8DNB6', 'Q75Y35', 'Q8DR59']",5
Nalbuphine hydrochloride,C1CC(C1)CN2CCC34C5C(CCC3(C2CC6=C4C(=C(C=C6)O)O5)O)O.Cl,0,DB00844,"['P41145', 'P35372', 'P41143']",3
Naloxone hydrochloride,C=CCN1CCC23C4C(=O)CCC2(C1CC5=C3C(=C(C=C5)O)O4)O.Cl,0,DB01183,"['P35372', 'P41143', 'P41145', 'P16220', 'P03372', 'O00206', 'P23141']",7
Nandrolone phenpropionate,CC12CCC3C(C1CCC2OC(=O)CCC4=CC=CC=C4)CCC5=CC(=O)CCC35,1,DB00984,['P10275'],1
Naproxen,CC(C1=CC2=C(C=C1)C=C(C=C2)OC)C(=O)O,1,DB00788,"['P16233', 'P23219', 'P35354', 'Q51911']",4
Nefazodone hydrochloride,CCC1=NN(C(=O)N1CCOC2=CC=CC=C2)CCCN3CCN(CC3)C4=CC(=CC=C4)Cl.Cl,1,DB01149,"['P28223', 'P28335', 'P31645', 'P08908', 'P23975', 'Q01959', 'P35368', 'P08913', 'P35348', 'Q12809']",10
Nelarabine,COC1=NC(=NC2=C1N=CN2C3C(C(C(O3)CO)O)O)N,1,DB01280,"['P09884', 'P18858', 'P49642', 'P23921']",4
Nelfinavir mesylate,CC1=C(C=CC=C1O)C(=O)NC(CSC2=CC=CC=C2)C(CN3CC4CCCCC4CC3C(=O)NC(C)(C)C)O.CS(=O)(=O)O,1,DB00220,['O90777'],1
Neomycin sulfate,C1C(C(C(C(C1N)OC2C(C(C(C(O2)CN)O)O)N)OC3C(C(C(O3)CO)OC4C(C(C(C(O4)CN)O)O)N)O)O)N.OS(=O)(=O)O,0,DB00994,"['P0A7S3', 'P41180']",2
Nesiritide,CCC(C)C1C(=O)NC(C(=O)NC(C(=O)NC(C(=O)NC(C(=O)NCC(=O)NC(C(=O)NCC(=O)NC(CSSCC(C(=O)NC(C(=O)NCC(=O)NC(C(=O)NC(C(=O)NC(C(=O)NC(C(=O)NC(C(=O)N1)CCCNC(=N)N)CC(=O)O)CCSC)CCCCN)CCCNC(=N)N)CC2=CC=CC=C2)NC(=O)CNC(=O)C(CO)NC(=O)CNC(=O)C(CCC(=O)N)NC(=O)C(C(C)C)NC(=O)C(CCSC)NC(=O)C(CCCCN)NC(=O)C3CCCN3C(=O)C(CO)N)C(=O)NC(CCCCN)C(=O)NC(C(C)C)C(=O)NC(CC(C)C)C(=O)NC(CCCNC(=N)N)C(=O)NC(CCCNC(=N)N)C(=O)NC(CC4=CNC=N4)C(=O)O)CC(C)C)CO)CO)CO)CO,0,DB04899,"['P16066', 'P20594', 'P17342']",3
Nevirapine,CC1=C2C(=NC=C1)N(C3=C(C=CC=N3)C(=O)N2)C4CC4,1,DB00238,"['P03366', 'Q72547']",2
Niacin,C1=CC(=CN=C1)C(=O)O,1,DB00627,"['P49019', 'Q96PD7', 'Q8TDS4', 'Q15274', 'P40261']",5
Nialamide,C1=CC=C(C=C1)CNC(=O)CCNNC(=O)C2=CC=NC=C2,1,DB04820,"['P27338', 'P21397', 'P21964']",3
Nifedipine,CC1=C(C(C(=C(N1)C)C(=O)OC)C2=CC=CC=C2[N+](=O)[O-])C(=O)OC,1,DB01115,"['Q13936', 'Q01668', 'Q08289', 'O75469', 'Q13698', 'Q9UK17', 'O43497', 'P0DP23']",8
Nifurtimox,CC1CS(=O)(=O)CCN1N=CC2=CC=C(O2)[N+](=O)[O-],0,DB11820,['P22513'],1
Nilotinib hydrochloride,CC1=C(C=C(C=C1)C(=O)NC2=CC(=CC(=C2)C(F)(F)F)N3C=C(N=C3)C)NC4=NC=CC(=N4)C5=CN=CC=C5.Cl,1,DB04868,"['P00519', 'P10721']",2
Nilutamide,CC1(C(=O)N(C(=O)N1)C2=CC(=C(C=C2)[N+](=O)[O-])C(F)(F)F)C,1,DB00665,['P10275'],1
Nimesulide,CS(=O)(=O)NC1=C(C=C(C=C1)[N+](=O)[O-])OC2=CC=CC=C2,1,DB04743,"['P35354', 'P50591', 'P02788', 'Q9NZK7']",4
Niperotidine,CN(C)CC1=CC=C(O1)CSCCNC(=C[N+](=O)[O-])NCC2=CC3=C(C=C2)OCO3,1,DB13760,['P25021'],1
Nitazoxanide,CC(=O)OC1=CC=CC=C1C(=O)NC2=NC=C(S2)[N+](=O)[O-],0,DB00507,['P94692'],1
Nitrofurantoin,C1C(=O)NC(=O)N1N=CC2=CC=C(O2)[N+](=O)[O-],1,DB00698,"['P52647', 'P17117', 'P0A7R5']",3
Nitroglycerin,C(C(CO[N+](=O)[O-])O[N+](=O)[O-])O[N+](=O)[O-],0,DB00727,"['P00533', 'Q02108', 'Q02153', 'P16066']",4
Nizatidine,CNC(=C[N+](=O)[O-])NCCSCC1=CSC(=N1)CN(C)C,1,DB00585,['P25021'],1
Nomifensine,CN1CC(C2=C(C1)C(=CC=C2)N)C3=CC=CC=C3,1,DB04821,"['P14416', 'P23975', 'Q01959', 'P27338', 'P21397', 'P05164', 'P31645', 'Q05940']",8
Norethindrone acetate,CC(=O)OC1(CCC2C1(CCC3C2CCC4=CC(=O)CCC34)C)C#C,0,DB00717,"['P06401', 'P10275', 'P04150']",3
Norfloxacin,CCN1C=C(C(=O)C2=CC(=C(C=C21)N3CCNCC3)F)C(=O)O,1,DB01059,"['P43700', 'P0A0K8', 'P43702', 'P11388', 'P20831', 'P11388', 'P0C1U9']",7
Nortriptyline hydrochloride,CNCCC=C1C2=CC=CC=C2CCC3=CC=CC=C31.Cl,1,DB00540,"['P23975', 'P31645', 'P28223', 'P08908', 'P35367', 'P35348', 'P25100', 'P28335', 'P35368', 'P08913', 'P08588', 'P14416', 'O00264', 'P08909', 'P11229']",15
Obeticholic acid,CCC1C2CC(CCC2(C3CCC4(C(C3C1O)CCC4C(C)CCC(=O)O)C)C)O,1,DB05990,['Q96RI1'],1
Octreotide acetate,CC(C1C(=O)NC(CSSCC(C(=O)NC(C(=O)NC(C(=O)NC(C(=O)N1)CCCCN)CC2=CNC3=CC=CC=C32)CC4=CC=CC=C4)NC(=O)C(CC5=CC=CC=C5)N)C(=O)NC(CO)C(C)O)O.CC(=O)O.CC(=O)O,1,DB00104,['P30874'],1
Ofloxacin,CC1COC2=C3N1C=C(C(=O)C3=CC(=C2N4CCN(CC4)C)F)C(=O)O,1,DB01165,"['P43700', 'P0A0K8', 'P20831', 'P43702', 'P11388']",5
Olanzapine,CC1=CC2=C(S1)NC3=CC=CC=C3N=C2N4CCN(CC4)C,1,DB00334,"['P28223', 'P14416', 'P21728', 'P21918', 'P35462', 'P21917', 'P28335', 'P46098', 'P50406', 'P35367', 'P35348', 'P35368', 'P11229', 'P08172', 'P20309', 'P08173', 'P21728', 'P08588', 'P08908', 'P14867']",20
Olaparib,C1CC1C(=O)N2CCN(CC2)C(=O)C3=C(C=CC(=C3)CC4=NNC(=O)C5=CC=CC=C54)F,1,DB09074,"['P09874', 'Q9UGN5', 'Q9Y6F1', 'P42330']",4
Olsalazine sodium,C1=CC(=C(C=C1N=NC2=CC(=C(C=C2)[O-])C(=O)O)C(=O)O)[O-].[Na+].[Na+],1,DB01250,"['P23219', 'P51580', 'P47989']",3
Omeprazole,CC1=CN=C(C(=C1OC)C)CS(=O)C2=NC3=C(N2)C=C(C=C3)OC,1,DB00338,"['P20648', 'P51164', 'P35869']",3
Ondansetron hydrochloride,CC1=NC=CN1CC2CCC3=C(C2=O)C4=CC=CC=C4N3C.Cl,1,DB00904,"['P46098', 'Q13639', 'P35372', 'P08908', 'P28222']",5
Opicapone,CC1=C(C(=[N+](C(=C1Cl)C)[O-])Cl)C2=NOC(=N2)C3=CC(=C(C(=C3)O)O)[N+](=O)[O-],0,DB11632,['P21964'],1
Orlistat,CCCCCCCCCCCC(CC1C(C(=O)O1)CCCCCC)OC(=O)C(CC(C)C)NC=O,1,DB01083,"['P16233', 'P21554', 'P07098', 'P49327']",4
Orphenadrine hydrochloride,CC1=CC=CC=C1C(C2=CC=CC=C2)OCCN(C)C.Cl,0,DB01173,"['O15399', 'Q05586', 'O60391', 'Q8TCU5', 'P35367', 'P23975', 'Q9Y5Y9']",7
Osimertinib mesylate,CN1C=C(C2=CC=CC=C21)C3=NC(=NC=C3)NC4=C(C=C(C(=C4)NC(=O)C=C)N(C)CCN(C)C)OC.CS(=O)(=O)O,1,DB09330,['P00533'],1
Ospemifene,C1=CC=C(C=C1)C(=C(C2=CC=CC=C2)C3=CC=C(C=C3)OCCO)CCCl,0,DB04938,['P03372'],1
Oxacillin sodium,CC1=C(C(=NO1)C2=CC=CC=C2)C(=O)NC3C4N(C3=O)C(C(S4)(C)C)C(=O)[O-].O.[Na+],1,DB00713,"['Q75Y35', 'Q8DNB6', 'Q8DR59', 'P0A3M6', 'Q7CRA4', 'Q8XJ01', 'P46059', 'D6R448', 'Q16348', 'Q47066']",10
Oxandrolone,CC12CCC3C(C1CCC2(C)O)CCC4C3(COC(=O)C4)C,1,DB00621,['P10275'],1
Oxaprozin,C1=CC=C(C=C1)C2=C(OC(=N2)CCC(=O)O)C3=CC=CC=C3,1,DB00991,"['P23219', 'P35354']",2
Oxcarbazepine,C1C2=CC=CC=C2N(C3=CC=CC=C3C1=O)C(=O)N,1,DB00776,"['Q9UI33', 'P35498']",2
Oxycodone hydrochloride,CN1CCC23C4C(=O)CCC2(C1CC5=C3C(=C(C=C5)OC)O4)O.Cl,1,DB00497,"['P35372', 'P41145', 'P41143']",3
Oxymetholone,CC12CCC3C(C1CCC2(C)O)CCC4C3(CC(=CO)C(=O)C4)C,1,DB06412,"['P10275', 'P16860']",2
Oxymorphone hydrochloride,CN1CCC23C4C(=O)CCC2(C1CC5=C3C(=C(C=C5)O)O4)O.Cl,0,DB01192,"['P35372', 'P41143']",2
Oxytocin,CCC(C)C1C(=O)NC(C(=O)NC(C(=O)NC(CSSCC(C(=O)NC(C(=O)N1)CC2=CC=C(C=C2)O)N)C(=O)N3CCCC3C(=O)NC(CC(C)C)C(=O)NCC(=O)N)CC(=O)N)CCC(=O)N,0,DB00107,"['P30559', 'P47901', 'P30518', 'P37288']",4
Paclitaxel,CC1=C2C(C(=O)C3(C(CC4C(C3C(C(C2(C)C)(CC1OC(=O)C(C(C5=CC=CC=C5)NC(=O)C6=CC=CC=C6)O)O)OC(=O)C7=CC=CC=C7)(CO4)OC(=O)C)O)C)OC(=O)C,1,DB01229,"['Q9H4B7', 'P10415', 'O75469']",3
Pafolacianine sodium,CC1(C2=C(C=CC(=C2)S(=O)(=O)[O-])[N+](=C1C=CC3=C(C(=CC=C4C(C5=C(N4CCCCS(=O)(=O)[O-])C=CC(=C5)S(=O)(=O)[O-])(C)C)CCC3)OC6=CC=C(C=C6)CC(C(=O)[O-])NC(=O)C7=CC=C(C=C7)NCC8=CN=C9C(=N8)C(=O)NC(=N9)N)CCCCS(=O)(=O)[O-])C.[Na+].[Na+].[Na+].[Na+],0,DB15413,['P15328'],1
Palbociclib,CC1=C(C(=O)N(C2=NC(=NC=C12)NC3=NC=C(C=C3)N4CCNCC4)C5CCCC5)C(=O)C,1,DB09073,"['P11802', 'Q00534']",2
Paliperidone,CC1=C(C(=O)N2CCCC(C2=N1)O)CCN3CCC(CC3)C4=NOC5=C4C=CC(=C5)F,1,DB01267,"['P28223', 'P14416', 'P21917', 'P35462', 'P28335', 'P35367', 'P35348', 'P35368', 'P28221', 'P08913', 'P18089', 'P18825', 'P08908', 'P21728', 'P34969']",15
Pantoprazole sodium,COC1=C(C(=NC=C1)CS(=O)C2=NC3=C([N-]2)C=CC(=C3)OC(F)F)OC.[Na+],1,DB00213,"['P20648', 'P51164', 'O94760']",3
Papaverine hydrochloride,COC1=C(C=C(C=C1)CC2=NC=CC3=CC(=C(C=C32)OC)OC)OC.Cl,1,DB01113,"['Q08499', 'O76074', 'Q07343', 'Q9Y233', 'Q08499']",5
Paromomycin sulfate,C1C(C(C(C(C1N)OC2C(C(C(C(O2)CO)O)O)N)OC3C(C(C(O3)CO)OC4C(C(C(C(O4)CN)O)O)N)O)O)N.OS(=O)(=O)O,0,DB01421,"['Q5SHN7', 'P08865', 'Q96L21']",3
Paroxetine hydrochloride,C1CNCC(C1C2=CC=C(C=C2)F)COC3=CC4=C(C=C3)OCO4.Cl,1,DB00715,"['P31645', 'P23975', 'P28223', 'P35348', 'P08913', 'P08588', 'P14416', 'P35367', 'P08908', 'P11229', 'P41595', 'P21728']",12
Pazopanib hydrochloride,CC1=C(C=C(C=C1)NC2=NC=CC(=N2)N(C)C3=CC4=NN(C(=C4C=C3)C)C)S(=O)(=O)N.Cl,1,DB06589,"['P17948', 'P35968', 'P35916', 'P16234', 'P09619', 'P10721', 'P22607', 'Q08881', 'P05230', 'Q9UQQ2']",10
Pegfilgrastim,CC(C(C(=O)O)N)OC1C(C(C(C(O1)COC2(CC(C(C(O2)C(C(CO)O)O)NC(=O)CNC(=O)OCCOC)O)C(=O)O)O)O)NC(=O)C,0,DB00019,['Q99062'],1
Penbutolol sulfate,CC(C)(C)NCC(COC1=CC=CC=C1C2CCCC2)O.CC(C)(C)NCC(COC1=CC=CC=C1C2CCCC2)O.OS(=O)(=O)O,0,DB01359,"['P08588', 'P07550', 'P08908', 'P28222']",4
Penicillin v potassium,CC1(C(N2C(S1)C(C2=O)NC(=O)COC3=CC=CC=C3)C(=O)[O-])C.[K+],0,DB00417,"['Q53707', 'Q8XJ01', 'P24228', 'P12256', 'P46059']",5
Pentagastrin,CC(C)(C)OC(=O)NCCC(=O)NC(CC1=CNC2=CC=CC=C21)C(=O)NC(CCSC)C(=O)NC(CC(=O)O)C(=O)NC(CC3=CC=CC=C3)C(=O)N,0,DB00183,['P32239'],1
Pentostatin,C1C(C(OC1N2C=NC3=C2NC=NCC3O)CO)O,1,DB00552,['P00813'],1
Perampanel,C1=CC=C(C=C1)N2C=C(C=C(C2=O)C3=CC=CC=C3C#N)C4=CC=CC=N4,0,DB08883,"['P42262', 'P42263', 'P48058', 'P42261']",4
Perhexiline,C1CCC(CC1)C(CC2CCCCN2)C3CCCCC3,1,DB01074,"['P50416', 'Q92523', 'P23786', 'Q12809']",4
Perphenazine,C1CN(CCN1CCCN2C3=CC=CC=C3SC4=C2C=C(C=C4)Cl)CCO,1,DB00850,"['P14416', 'P21728', 'P0DP23']",3
Pexidartinib hydrochloride,C1=CC(=NC=C1CC2=CNC3=C2C=C(C=N3)Cl)NCC4=CN=C(C=C4)C(F)(F)F.Cl,1,DB12978,"['P07333', 'P10721', 'P36888', 'P09619']",4
Phendimetrazine tartrate,CC1C(OCCN1C)C2=CC=CC=C2.C(C(C(=O)O)O)(C(=O)O)O,0,DB01579,"['P35348', 'P23975', 'P35368']",3
Phenelzine sulfate,C1=CC=C(C=C1)CCNN.OS(=O)(=O)O,1,DB00780,"['P21397', 'P27338', 'Q16853', 'P80404', 'P24298', 'Q8TD30', 'Q9UGI5']",7
Phenobarbital sodium,CCC1(C(=O)NC(=NC1=O)[O-])C2=CC=CC=C2.[Na+],1,DB01174,"['P14867', 'P43681', 'P36544', 'P42262', 'Q13002', 'Q05586', 'O75469']",7
Phenoxybenzamine hydrochloride,CC(COC1=CC=CC=C1)N(CCCl)CC2=CC=CC=C2.Cl,0,DB00925,"['P14416', 'P35348', 'P08913', 'P18825', 'P18089', 'P07550', 'P35368', 'P25100', 'P0DP23']",9
Phentolamine mesylate,CC1=CC=C(C=C1)N(CC2=NCCN2)C3=CC(=CC=C3)O.CS(=O)(=O)O,0,DB00692,"['P35348', 'P14416', 'P08913', 'Q14654']",4
Phenytoin,C1=CC=C(C=C1)C2(C(=O)NC(=O)N2)C3=CC=CC=C3,1,DB00252,"['Q14524', 'P35498', 'Q12809', 'Q13936', 'Q99250', 'Q9UQD0', 'O75469', 'Q07699', 'Q9NY46', 'P14867']",10
Phytonadione,CC1=C(C(=O)C2=CC=CC=C2C1=O)CC=C(C)CCCC(C)CCCC(C)CCCC(C)C,0,DB01022,"['P38435', 'P02818']",2
Piflufolastat f-18,C1=CC(=NC=C1C(=O)NCCCCC(C(=O)O)NC(=O)NC(CCC(=O)O)C(=O)O)F,0,DB14805,['Q04609'],1
Pimavanserin tartrate,CC(C)COC1=CC=C(C=C1)CNC(=O)N(CC2=CC=C(C=C2)F)C3CCN(CC3)C.CC(C)COC1=CC=C(C=C1)CNC(=O)N(CC2=CC=C(C=C2)F)C3CCN(CC3)C.C(C(C(=O)O)O)(C(=O)O)O,0,DB05316,"['P28223', 'P28335', 'Q99720']",3
Pimozide,C1CN(CCC1N2C3=CC=CC=C3NC2=O)CCCC(C4=CC=C(C=C4)F)C5=CC=C(C=C5)F,0,DB01100,"['P14416', 'P35462', 'Q12809', 'P0DP23']",4
Pindolol,CC(C)NCC(COC1=CC=CC2=C1C=CN2)O,0,DB00960,"['P08588', 'P07550', 'P13945', 'P08908', 'P28222']",5
Pioglitazone hydrochloride,CCC1=CN=C(C=C1)CCOC2=CC=C(C=C2)CC3C(=O)NC(=O)S3.Cl,1,DB01132,"['P37231', 'P27338']",2
Pirfenidone,CC1=CN(C(=O)C=C1)C2=CC=CC=C2,1,DB04951,['P01137'],1
Piroxicam,CN1C(=C(C2=CC=CC=C2S1(=O)=O)O)C(=O)NC3=CC=CC=N3,1,DB00554,"['P35354', 'P23219']",2
Pitolisant hydrochloride,C1CCN(CC1)CCCOCCCC2=CC=C(C=C2)Cl.Cl,0,DB11642,"['Q9Y5N1', 'Q12809']",2
Plerixafor,C1CNCCNCCCN(CCNC1)CC2=CC=C(C=C2)CN3CCCNCCNCCCNCC3,0,DB06809,['P61073'],1
Pomalidomide,C1CC(=O)NC(=O)C1N2C(=O)C3=C(C2=O)C(=CC=C3)N,1,DB08910,"['Q96SW2', 'P01375', 'P35354']",3
Posaconazole,CCC(C(C)O)N1C(=O)N(C=N1)C2=CC=C(C=C2)N3CCN(CC3)C4=CC=C(C=C4)OCC5CC(OC5)(CN6C=NC=N6)C7=C(C=C(C=C7)F)F,1,DB01263,['P10613'],1
Pralnacasan,CCOC1C(CC(=O)O1)NC(=O)C2CCCN3N2C(=O)C(CCC3=O)NC(=O)C4=NC=CC5=CC=CC=C54,1,DB04875,['P29466'],1
Pramlintide acetate,CCC(C)C(C(=O)NC(CC(C)C)C(=O)N1CCCC1C(=O)N2CCCC2C(=O)NC(C(C)O)C(=O)NC(CC(=O)N)C(=O)NC(C(C)C)C(=O)NCC(=O)NC(CO)C(=O)NC(CC(=O)N)C(=O)NC(C(C)O)C(=O)NC(CC3=CC=C(C=C3)O)C(=O)N)NC(=O)C4CCCN4C(=O)CNC(=O)C(CC5=CC=CC=C5)NC(=O)C(CC(=O)N)NC(=O)C(CC(=O)N)NC(=O)C(CO)NC(=O)C(CO)NC(=O)C(CC6=CNC=N6)NC(=O)C(C(C)C)NC(=O)C(CC(C)C)NC(=O)C(CC7=CC=CC=C7)NC(=O)C(CC(=O)N)NC(=O)C(C)NC(=O)C(CC(C)C)NC(=O)C(CCCNC(=N)N)NC(=O)C(CCC(=O)N)NC(=O)C(C(C)O)NC(=O)C(C)NC(=O)C8CSSCC(C(=O)NC(C(=O)NC(C(=O)NC(C(=O)NC(C(=O)N8)C(C)O)C)C(C)O)CC(=O)N)NC(=O)C(CCCCN)N.CC(=O)O,0,DB01278,"['P43220', 'P30988', 'O60894', 'O60895', 'O60896']",5
Prasugrel hydrochloride,CC(=O)OC1=CC2=C(S1)CCN(C2)C(C3=CC=CC=C3F)C(=O)C4CC4.Cl,1,DB06209,['Q9H244'],1
Pravastatin sodium,CCC(C)C(=O)OC1CC(C=C2C1C(C(C=C2)C)CCC(CC(CC(=O)[O-])O)O)O.[Na+],1,DB00175,"['P04035', 'Q92769']",2
Prednisolone,CC12CC(C3C(C1CCC2(C(=O)CO)O)CCC4=CC(=O)C=CC34C)O,1,DB00860,['P04150'],1
Prednisone,CC12CC(=O)C3C(C1CCC2(C(=O)CO)O)CCC4=CC(=O)C=CC34C,1,DB00635,['P04150'],1
Pregabalin,CC(C)CC(CC(=O)O)CN,1,DB00230,['P54289'],1
Primidone,CCC1(C(=O)NCNC1=O)C2=CC=CC=C2,0,DB00794,"['P47869', 'P34903', 'P48169', 'P31644', 'Q16445', 'P14867', 'P14867', 'P43681', 'P36544', 'P42262', 'Q13002']",11
Procainamide hydrochloride,CCN(CC)CCNC(=O)C1=CC=C(C=C1)N.Cl,1,DB01035,"['Q12809', 'Q14524', 'P26358']",3
Procarbazine hydrochloride,CC(C)NC(=O)C1=CC=C(C=C1)CNNC.Cl,1,DB01168,['P21397'],1
Prochlorperazine maleate,CN1CCN(CC1)CCCN2C3=CC=CC=C3SC4=C2C=C(C=C4)Cl.C(=CC(=O)O)C(=O)O.C(=CC(=O)O)C(=O)O,1,DB00433,"['P14416', 'P35367', 'P35348', 'P08913']",4
Procyclidine hydrochloride,C1CCC(CC1)C(CCN2CCCC2)(C3=CC=CC=C3)O.Cl,0,DB00387,"['P20309', 'P08912', 'P11229', 'P08172', 'P08173']",5
Progesterone,CC(=O)C1CCC2C1(CCC3C2CCC4=CC(=O)CCC34C)C,1,DB00396,"['P06401', 'P08235', 'P03372', 'P05093', 'P41145', 'P02763', 'P04150', 'P10275', 'P04278', 'Q92731']",10
Promethazine hydrochloride,CC(CN1C2=CC=CC=C2SC3=CC=CC=C31)N(C)C.Cl,1,DB01069,"['P35367', 'P14416', 'P11229', 'P08172', 'P20309', 'P08173', 'P08912', 'P35348', 'P25021', 'Q99677', 'P35498', 'Q9NSA2', 'P0DP23']",13
Propafenone hydrochloride,CCCNCC(COC1=CC=CC=C1C(=O)CCC2=CC=CC=C2)O.Cl,1,DB01182,"['Q14524', 'Q12809', 'P08588', 'P07550']",4
Propofol,CC(C)C1=C(C(=CC=C1)C(C)C)O,1,DB00818,"['P47870', 'P28472', 'P14867', 'P35499', 'Q99250']",5
Propoxyphene hydrochloride,CCC(=O)OC(CC1=CC=CC=C1)(C2=CC=CC=C2)C(C)CN(C)C.Cl,1,DB00647,"['P35372', 'P41143', 'P41145', 'P23141', 'Q05586']",5
Propylthiouracil,CCCC1=CC(=O)NC(=S)N1,1,DB00550,"['P49895', 'P07202']",2
Protirelin,C1CC(N(C1)C(=O)C(CC2=CN=CN2)NC(=O)C3CCC(=O)N3)C(=O)N,0,DB09421,['P34981'],1
Protriptyline hydrochloride,CNCCCC1C2=CC=CC=C2C=CC3=CC=CC=C13.Cl,0,DB00344,"['P23975', 'P31645']",2
Pseudoephedrine hydrochloride,CC(C(C1=CC=CC=C1)O)NC.Cl,0,DB00852,"['P23975', 'P14416', 'Q01959', 'P35348', 'P08913', 'P31645', 'P07550', 'P08588', 'O95644', 'P01375', 'P19838', 'P18846', 'P60568']",13
Pyrazinamide,C1=CN=C(C=N1)C(=O)N,1,DB00339,"['P95029', 'P9WGR1']",2
Pyridoxine hydrochloride,CC1=NC=C(C(=C1O)CO)CO.Cl,0,DB00165,"['P20711', 'O00764']",2
Pyrimethamine,CCC1=C(C(=NC(=N1)N)N)C2=CC=C(C=C2)Cl,1,DB00205,"['P00374', 'P15328', 'P13922', 'P07686']",4
Quazepam,C1C(=S)N(C2=C(C=C(C=C2)Cl)C(=N1)C3=CC=CC=C3F)CC(F)(F)F,0,DB01589,"['P30536', 'P14867', 'P14867']",3
Quinapril hydrochloride,CCOC(=O)C(CCC1=CC=CC=C1)NC(C)C(=O)N2CC3=CC=CC=C3CC2C(=O)O.Cl,1,DB00881,['P12821'],1
Quinine sulfate,COC1=CC2=C(C=CN=C2C=C1)C(C3CC4CCN3CC4C=C)O.COC1=CC2=C(C=CN=C2C=C1)C(C3CC4CCN3CC4C=C)O.OS(=O)(=O)O,1,DB00468,"['P14770', 'O15554']",2
Rabeprazole sodium,CC1=C(C=CN=C1CS(=O)C2=NC3=CC=CC=C3[N-]2)OCCCOC.[Na+],1,DB01129,['P20648'],1
Raloxifene hydrochloride,C1CCN(CC1)CCOC2=CC=C(C=C2)C(=O)C3=C(SC4=C3C=CC(=C4)O)C5=CC=C(C=C5)O.Cl,1,DB00481,"['P03372', 'Q92731', 'P50453', 'P04155']",4
Raltegravir potassium,CC1=NN=C(O1)C(=O)NC(C)(C)C2=NC(=C(C(=O)N2C)[O-])C(=O)NCC3=CC=C(C=C3)F.[K+],1,DB06817,"['P03366', 'Q7ZJM1']",2
Ramelteon,CCC(=O)NCCC1CCC2=C1C3=C(C=C2)OCC3,0,DB00980,"['P49286', 'P48039']",2
Ramipril,CCOC(=O)C(CCC1=CC=CC=C1)NC(C)C(=O)N2C3CCCC3CC2C(=O)O,1,DB00178,"['P12821', 'P46663']",2
Ranitidine hydrochloride,CNC(=C[N+](=O)[O-])NCCSCC1=CC=C(O1)CN(C)C.Cl,1,DB00863,"['P25021', 'P22303']",2
Ranolazine,CC1=C(C(=CC=C1)C)NC(=O)CN2CCN(CC2)CC(COC3=CC=CC=C3OC)O,0,DB00243,"['P00747', 'P35498', 'Q14500', 'Q13936', 'P35348', 'P08588']",6
Regadenoson,CNC(=O)C1=CN(N=C1)C2=NC(=C3C(=N2)N(C=N3)C4C(C(C(O4)CO)O)O)N,0,DB06213,['P29274'],1
Regorafenib,CNC(=O)C1=NC=CC(=C1)OC2=CC(=C(C=C2)NC(=O)NC3=CC(=C(C=C3)Cl)C(F)(F)F)F,1,DB08896,"['P17948', 'P35968', 'P35916', 'P10721', 'P16234', 'P09619', 'P11362', 'P21802', 'Q02763', 'Q16832', 'P04629', 'P29317', 'P04049', 'P15056', 'Q15759', 'P42685', 'P00519', 'P07949']",18
Remdesivir,CCC(CC)COC(=O)C(C)NP(=O)(OCC1C(C(C(O1)(C#N)C2=CC=C3N2N=CN=C3N)O)O)OC4=CC=CC=C4,1,DB14761,"['P0DTD1', 'P0C6X7', 'K9N7C7', 'Q05318']",4
Remifentanil hydrochloride,CCC(=O)N(C1=CC=CC=C1)C2(CCN(CC2)CCC(=O)OC)C(=O)OC.Cl,1,DB00899,"['P35372', 'P41143', 'P41145']",3
Repaglinide,CCOC1=C(C=CC(=C1)CC(=O)NC(CC(C)C)C2=CC=CC=C2N3CCCCC3)C(=O)O,1,DB00912,"['O60706', 'Q09428', 'P35367', 'P37231']",4
Reserpine,COC1C(CC2CN3CCC4=C(C3CC2C1C(=O)OC)NC5=C4C=CC(=C5)OC)OC(=O)C6=CC(=C(C(=C6)OC)OC)OC,0,DB00206,"['Q05940', 'P54219', 'O15392']",3
Ribavirin,C1=NC(=NN1C2C(C(C(O2)CO)O)O)C(=O)N,1,DB00811,"['P20839', 'P26676', 'P12823', 'P12268', 'P16502']",5
Riboflavin 5'-phosphate,CC1=CC2=C(C=C1C)N(C3=NC(=O)NC(=O)C3=N2)CC(C(C(COP(=O)(O)O)O)O)O,0,DB03247,"['P30043', 'Q9UJM8', 'Q9NVS9', 'P46072', 'Q969G6', 'P17117', 'P29475', 'P0A7E1', 'Q12882', 'Q02127', 'P00322', 'P38489', 'P0A2Y7', 'P42593', 'Q53ZE5', 'P0AFI7', 'P71278', 'P63462', 'P30197', 'P41407', 'P56122', 'P0A3D9', 'P00323', 'P10340', 'Q8DW21', 'O34974', 'Q9WXV1', 'P50618', 'P69772', 'P20932', 'O07529', 'Q9ZK53', 'O00141', 'Q01234', 'Q9FDN7', 'Q746I8', 'P16099', 'Q9F0J6', 'Q9WZW1', 'Q51990', 'Q56691', 'O75676', 'Q51793', 'Q9NYQ3', 'Q9RYU4', 'P61949', 'P50740', 'Q60049', 'Q46604', 'Q81EW9', 'P16435', 'Q96CD2', 'O69755', 'P55038']",54
Rifabutin,CC1C=CC=C(C(=O)NC2=C(C3=C(C4=C(C(=C3O)C)OC(C4=O)(OC=CC(C(C(C(C(C(C1O)C)O)C)OC(=O)C)C)OC)C)C5=NC6(CCN(CC6)CC(C)C)N=C25)O)C,1,DB00615,"['P0A7Z4', 'P0A8V2', 'P0A8T7', 'P07900', 'P14625']",5
Rifampin,CC1C=CC=C(C(=O)NC2=C(C(=C3C(=C2O)C(=C(C4=C3C(=O)C(O4)(OC=CC(C(C(C(C(C(C1O)C)O)C)OC(=O)C)C)OC)C)C)O)O)C=NN5CCN(CC5)C)C,1,DB01045,"['P9WGY9', 'O75469']",2
Rifamycin sodium,CC1C=CC=C(C(=O)NC2=CC(=C3C(=C2O)C(=C(C4=C3C(=O)C(O4)(OC=CC(C(C(C(C(C(C1O)C)O)C)OC(=O)C)C)OC)C)C)O)[O-])C.[Na+],0,DB11753,"['P9WGY9', 'P9WGY7', 'P0A8V2', 'P0A7Z4', 'P0A8T7']",5
Rilpivirine hydrochloride,CC1=CC(=CC(=C1NC2=NC(=NC=C2)NC3=CC=C(C=C3)C#N)C)C=CC#N.Cl,1,DB08864,"['Q72547', 'Q9Y5Y9', 'P03366', 'O75469']",4
Riluzole,C1=CC2=C(C=C1OC(F)(F)F)SC(=N2)N,1,DB00740,"['Q14524', 'Q9UI33', 'Q9UPY5']",3
Rimantadine hydrochloride,CC(C12CC3CC(C1)CC(C3)C2)N.Cl,0,DB00478,['P21430'],1
Rimegepant sulfate,C1CC(C2=C(C=CC=N2)C(C1C3=C(C(=CC=C3)F)F)N)OC(=O)N4CCC(CC4)N5C6=C(NC5=O)N=CC=C6.C1CC(C2=C(C=CC=N2)C(C1C3=C(C(=CC=C3)F)F)N)OC(=O)N4CCC(CC4)N5C6=C(NC5=O)N=CC=C6.O.O.O.OS(=O)(=O)O,0,DB12457,['Q16602'],1
Riociguat,CN(C1=C(N=C(N=C1N)C2=NN(C3=C2C=CC=N3)CC4=CC=CC=C4F)N)C(=O)OC,0,DB08931,"['Q02846', 'P33402']",2
Risperidone,CC1=C(C(=O)N2CCCCC2=N1)CCN3CCC(CC3)C4=NOC5=C4C=CC(=C5)F,1,DB00734,"['P28223', 'P14416', 'P35368', 'P18089', 'P35348', 'P18825', 'P35367', 'P28335', 'P28221', 'P08908', 'P34969', 'P21728']",12
Ritonavir,CC(C)C1=NC(=CS1)CN(C)C(=O)NC(C(C)C)C(=O)NC(CC2=CC=CC=C2)CC(C(CC3=CC=CC=C3)NC(=O)OCC4=CN=CS4)O,1,DB00503,"['P03366', 'Q72874', 'O75469']",3
Rivaroxaban,C1COCC(=O)N1C2=CC=C(C=C2)N3CC(OC3=O)CNC(=O)C4=CC=C(S4)Cl,1,DB06228,['P00742'],1
Rivastigmine tartrate,CCN(C)C(=O)OC1=CC=CC(=C1)C(C)N(C)C.C(C(C(=O)O)O)(C(=O)O)O,1,DB00989,"['P22303', 'P06276']",2
Roflumilast,C1CC1COC2=C(C=CC(=C2)C(=O)NC3=C(C=NC=C3Cl)Cl)OC(F)F,0,DB01656,['P27815'],1
Rolapitant hydrochloride,CC(C1=CC(=CC(=C1)C(F)(F)F)C(F)(F)F)OCC2(CCC3(CCC(=O)N3)CN2)C4=CC=CC=C4.O.Cl,0,DB09291,['P25103'],1
Romidepsin,CC=C1C(=O)NC(C(=O)OC2CC(=O)NC(C(=O)NC(CSSCCC=C2)C(=O)N1)C(C)C)C(C)C,0,DB06176,"['Q13547', 'Q92769', 'P56524', 'Q9UBN7', 'P33527', 'Q13547']",6
Ropinirole hydrochloride,CCCN(CCC)CCC1=C2CC(=O)NC2=CC=C1.Cl,1,DB00268,"['P35462', 'P14416', 'P21917', 'P35348']",4
Rosiglitazone maleate,CN(CCOC1=CC=C(C=C1)CC2C(=O)NC(=O)S2)C3=CC=CC=N3.C(=CC(=O)O)C(=O)O,1,DB00412,"['P37231', 'O60488', 'Q07869', 'Q03181', 'P19793', 'P28702', 'P48443']",7
Safinamide mesylate,CC(C(=O)N)NCC1=CC=C(C=C1)OCC2=CC(=CC=C2)F.CS(=O)(=O)O,0,DB06654,['P27338'],1
Salsalate,C1=CC=C(C(=C1)C(=O)OC2=CC=CC=C2C(=O)O)O,1,DB01399,"['P35354', 'P23219']",2
Saquinavir mesylate,CC(C)(C)NC(=O)C1CC2CCCCC2CN1CC(C(CC3=CC=CC=C3)NC(=O)C(CC(=O)N)NC(=O)C4=NC5=CC=CC=C5C=C4)O.CS(=O)(=O)O,1,DB01232,"['P03366', 'Q72874']",2
Saxagliptin hydrochloride,C1C2CC2N(C1C#N)C(=O)C(C34CC5CC(C3)CC(C5)(C4)O)N.Cl,1,DB06335,['P27487'],1
Scopolamine,CN1C2CC(CC1C3C2O3)OC(=O)C(CO)C4=CC=CC=C4,0,DB00747,"['P11229', 'P08172', 'P20309', 'P08173', 'P08912', 'P43681', 'P17787', 'P14410']",8
Selegiline hydrochloride,CC(CC1=CC=CC=C1)N(C)CC#C.Cl,0,DB01037,"['P27338', 'P25103', 'P21397']",3
Selexipag,CC(C)N(CCCCOCC(=O)NS(=O)(=O)C)C1=CN=C(C(=N1)C2=CC=CC=C2)C3=CC=CC=C3,0,DB11362,['P43119'],1
Semaglutide,CCC(C)C(C(=O)NC(C)C(=O)NC(CC1=CNC2=CC=CC=C21)C(=O)NC(CC(C)C)C(=O)NC(C(C)C)C(=O)NC(CCCNC(=N)N)C(=O)NCC(=O)NC(CCCNC(=N)N)C(=O)NCC(=O)O)NC(=O)C(CC3=CC=CC=C3)NC(=O)C(CCC(=O)O)NC(=O)C(CCCCNC(=O)COCCOCCNC(=O)COCCOCCNC(=O)CCC(C(=O)O)NC(=O)CCCCCCCCCCCCCCCCC(=O)O)NC(=O)C(C)NC(=O)C(C)NC(=O)C(CCC(=O)N)NC(=O)CNC(=O)C(CCC(=O)O)NC(=O)C(CC(C)C)NC(=O)C(CC4=CC=C(C=C4)O)NC(=O)C(CO)NC(=O)C(CO)NC(=O)C(C(C)C)NC(=O)C(CC(=O)O)NC(=O)C(CO)NC(=O)C(C(C)O)NC(=O)C(CC5=CC=CC=C5)NC(=O)C(C(C)O)NC(=O)CNC(=O)C(CCC(=O)O)NC(=O)C(C)(C)NC(=O)C(CC6=CN=CN6)N,1,DB13928,['P43220'],1
Sertraline hydrochloride,CNC1CCC(C2=CC=CC=C12)C3=CC(=C(C=C3)Cl)Cl.Cl,1,DB01104,"['P31645', 'Q01959', 'O00264', 'P23975', 'Q7RTT9']",5
Setmelanotide acetate,CC1C(=O)NC(C(=O)NC(C(=O)NC(C(=O)NC(C(=O)NC(CSSCC(C(=O)N1)NC(=O)C(CCCN=C(N)N)NC(=O)C)C(=O)N)CC2=CNC3=CC=CC=C32)CCCN=C(N)N)CC4=CC=CC=C4)CC5=CN=CN5.CC(=O)O.CC(=O)O.CC(=O)O,0,DB11700,['P32245'],1
Sibutramine hydrochloride,CC(C)CC(C1(CCC1)C2=CC=C(C=C2)Cl)N(C)C.Cl,1,DB01105,"['Q01959', 'P31645', 'P23975']",3
Sildenafil citrate,CCCC1=NN(C2=C1N=C(NC2=O)C3=C(C=CC(=C3)S(=O)(=O)N4CCN(CC4)C)OCC)C.C(C(=O)O)C(CC(=O)O)(C(=O)O)O,1,DB00203,"['P05155', 'O76074', 'P18545', 'Q13956', 'P11926', 'Q9NZQ7']",6
Simvastatin,CCC(C)(C)C(=O)OC1CC(C=C2C1C(C(C=C2)C)CCC3CC(CC(=O)O3)O)C,1,DB00641,"['P04035', 'P20701', 'Q92769']",3
Sincalide,CSCCC(C(=O)NCC(=O)NC(CC1=CNC2=CC=CC=C21)C(=O)NC(CCSC)C(=O)NC(CC(=O)O)C(=O)NC(CC3=CC=CC=C3)C(=O)N)NC(=O)C(CC4=CC=C(C=C4)OS(=O)(=O)O)NC(=O)C(CC(=O)O)N,0,DB09142,"['P32238', 'P32239']",2
Sirolimus,CC1CCC2CC(C(=CC=CC=CC(CC(C(=O)C(C(C(=CC(C(=O)CC(OC(=O)C3CCCCN3C(=O)C(=O)C1(O2)O)C(C)CC4CCC(C(C4)OC)O)C)C)O)OC)C)C)C)OC,1,DB00877,['P42345'],1
Sitaxsentan,CC1=CC2=C(C=C1CC(=O)C3=C(C=CS3)S(=O)(=O)NC4=C(C(=NO4)C)Cl)OCO2,1,DB06268,"['P25101', 'P24530']",2
Sodium bicarbonate,C(=O)(O)[O-].[Na+],0,DB01390,"['O95180', 'Q9UK17']",2
Sodium oxybate,C(CC(=O)[O-])CO.[Na+],0,DB09072,"['Q9UBS5', 'Q9HAB3']",2
Sofosbuvir,CC(C)OC(=O)C(C)NP(=O)(OCC1C(C(C(O1)N2C=CC(=O)NC2=O)(C)F)O)OC3=CC=CC=C3,0,DB08934,"['P26664', 'O39930']",2
Solriamfetol hydrochloride,C1=CC=C(C=C1)CC(COC(=O)N)N.Cl,0,DB14754,"['Q01959', 'P23975']",2
Spironolactone,CC(=O)SC1CC2=CC(=O)CCC2(C3C1C4CCC5(C4(CC3)C)CCC(=O)O5)C,1,DB00421,"['P08235', 'P04150', 'P10275', 'P06401', 'P03372', 'O75469', 'Q13936']",7
Stavudine,CC1=CN(C(=O)NC1=O)C2C=CC(O2)CO,1,DB00649,"['P03366', 'Q72547']",2
Stiripentol,CC(C)(C)C(C=CC1=CC2=C(C=C1)OCO2)O,0,DB09118,"['P14867', 'Q99928', 'P00338', 'P07195']",4
Streptomycin sulfate,CC1C(C(C(O1)OC2C(C(C(C(C2O)O)N=C(N)N)O)N=C(N)N)OC3C(C(C(C(O3)CO)O)O)NC)(C=O)O.CC1C(C(C(O1)OC2C(C(C(C(C2O)O)N=C(N)N)O)N=C(N)N)OC3C(C(C(C(O3)CO)O)O)NC)(C=O)O.OS(=O)(=O)O.OS(=O)(=O)O.OS(=O)(=O)O,0,DB01082,"['P0A7S3', 'Q9UM07']",2
Sufentanil citrate,CCC(=O)N(C1=CC=CC=C1)C2(CCN(CC2)CCC3=CC=CS3)COC.C(C(=O)O)C(CC(=O)O)(C(=O)O)O,0,DB00708,"['P35372', 'P41143', 'P41145']",3
Sulfadiazine,C1=CN=C(N=C1)NS(=O)(=O)C2=CC=C(C=C2)N,1,DB00359,"['Q27738', 'P0AC13']",2
Sulfamethizole,CC1=NN=C(S1)NS(=O)(=O)C2=CC=C(C=C2)N,1,DB00576,['P0AC13'],1
Sulfasalazine,C1=CC=NC(=C1)NS(=O)(=O)C2=CC=C(C=C2)N=NC3=CC(=C(C=C3)O)C(=O)O,1,DB00795,"['Q9UNQ0', 'Q01201', 'Q04206', 'Q04864', 'P09917', 'P35354', 'P23219', 'P24752', 'P04054', 'O14920', 'Q9UPY5', 'P19838', 'Q00653', 'O15111', 'P37231']",15
Sulfathiazole,C1=CC(=CC=C1N)S(=O)(=O)NC2=NC=CS2,1,DB06147,['Q27738'],1
Sulindac,CC1=C(C2=C(C1=CC3=CC=C(C=C3)S(=O)C)C=CC(=C2)F)CC(=O)O,1,DB00605,"['P35354', 'P15121', 'P23219', 'P27361', 'Q03181', 'Q9Y5Y4', 'O60218']",7
Suvorexant,CC1CCN(CCN1C(=O)C2=C(C=CC(=C2)C)N3N=CC=N3)C4=NC5=C(O4)C=CC(=C5)Cl,0,DB09034,"['O43613', 'O43614']",2
Tacrolimus,CC1CC(C2C(CC(C(O2)(C(=O)C(=O)N3CCCCC3C(=O)OC(C(C(CC(=O)C(C=C(C1)C)CC=C)O)C)C(=CC4CCC(C(C4)OC)O)C)O)C)OC)OC,1,DB00864,"['Q08209', 'P62942']",2
Tadalafil,CN1CC(=O)N2C(C1=O)CC3=C(C2C4=CC5=C(C=C4)OCO5)NC6=CC=CC=C36,1,DB00820,"['O76074', 'Q9HCR9', 'P18545']",3
Tamoxifen citrate,CCC(=C(C1=CC=CC=C1)C2=CC=C(C=C2)OCCN(C)C)C3=CC=CC=C3.C(C(=O)O)C(CC(=O)O)(C(=O)O)O,1,DB00675,"['P03372', 'Q92731', 'P17252', 'P04278', 'Q15125', 'P10275', 'Q12809', 'O75469', 'P62508', 'P45983']",10
Tamsulosin hydrochloride,CCOC1=CC=CC=C1OCCNC(C)CC2=CC(=C(C=C2)OC)S(=O)(=O)N.Cl,1,DB00706,"['P35348', 'P25100', 'P35368']",3
Tapentadol hydrochloride,CCC(C1=CC(=CC=C1)O)C(C)CN(C)C.Cl,0,DB06204,"['P35372', 'P23975', 'P41145', 'P41143', 'P31645']",5
Tasosartan,CC1=C2CCC(=O)N(C2=NC(=N1)C)CC3=CC=C(C=C3)C4=CC=CC=C4C5=NNN=N5,1,DB01349,"['P30556', 'P50052']",2
Tecovirimat,C1C2C1C3C=CC2C4C3C(=O)N(C4=O)NC(=O)C5=CC=C(C=C5)C(F)(F)F,0,DB12020,['P33815'],1
Telmisartan,CCCC1=NC2=C(N1CC3=CC=C(C=C3)C4=CC=CC=C4C(=O)O)C=C(C=C2C)C5=NC6=CC=CC=C6N5C,1,DB00966,"['P37231', 'P30556']",2
Temsirolimus,CC1CCC2CC(C(=CC=CC=CC(CC(C(=O)C(C(C(=CC(C(=O)CC(OC(=O)C3CCCCN3C(=O)C(=O)C1(O2)O)C(C)CC4CCC(C(C4)OC)OC(=O)C(C)(CO)CO)C)C)O)OC)C)C)C)OC,0,DB06287,['P42345'],1
Tenapanor hydrochloride,CN1CC(C2=C(C1)C(=CC(=C2)Cl)Cl)C3=CC(=CC=C3)S(=O)(=O)NCCOCCOCCNC(=O)NCCCCNC(=O)NCCOCCOCCNS(=O)(=O)C4=CC=CC(=C4)C5CN(CC6=C5C=C(C=C6Cl)Cl)C.Cl.Cl,0,DB11761,['P48764'],1
Teniposide,COC1=CC(=CC(=C1O)OC)C2C3C(COC3=O)C(C4=CC5=C(C=C24)OCO5)OC6C(C(C7C(O6)COC(O7)C8=CC=CS8)O)O,1,DB00444,"['P11388', 'Q02880']",2
Terazosin hydrochloride,COC1=C(C=C2C(=C1)C(=NC(=N2)N3CCN(CC3)C(=O)C4CCCO4)N)OC.O.O.Cl,0,DB01162,"['P35348', 'P35368', 'P25100', 'P01137', 'Q12809', 'Q9H252', 'Q9NS40']",7
Terbinafine hydrochloride,CC(C)(C)C#CC=CCN(C)CC1=CC=CC2=CC=CC=C21.Cl,1,DB00857,"['Q92206', 'Q14534']",2
Terbutaline sulfate,CC(C)(C)NCC(C1=CC(=CC(=C1)O)O)O.CC(C)(C)NCC(C1=CC(=CC(=C1)O)O)O.OS(=O)(=O)O,1,DB00871,"['P07550', 'P13945', 'P08588']",3
Teriflunomide,CC(=C(C#N)C(=O)NC1=CC=C(C=C1)C(F)(F)F)O,1,DB08880,"['Q08210', 'P04035', 'Q02127']",3
Teriparatide acetate,CCC(C)C(C(=O)NC(CCC(=O)N)C(=O)NC(CC(C)C)C(=O)NC(CCSC)C(=O)NC(CC1=CNC=N1)C(=O)NC(CC(=O)N)C(=O)NC(CC(C)C)C(=O)NCC(=O)NC(CCCCN)C(=O)NC(CC2=CNC=N2)C(=O)NC(CC(C)C)C(=O)NC(CC(=O)N)C(=O)NC(CO)C(=O)NC(CCSC)C(=O)NC(CCC(=O)O)C(=O)NC(CCCNC(=N)N)C(=O)NC(C(C)C)C(=O)NC(CCC(=O)O)C(=O)NC(CC3=CNC4=CC=CC=C43)C(=O)NC(CC(C)C)C(=O)NC(CCCNC(=N)N)C(=O)NC(CCCCN)C(=O)NC(CCCCN)C(=O)NC(CC(C)C)C(=O)NC(CCC(=O)N)C(=O)NC(CC(=O)O)C(=O)NC(C(C)C)C(=O)NC(CC5=CNC=N5)C(=O)NC(CC(=O)N)C(=O)NC(CC6=CC=CC=C6)C(=O)O)NC(=O)C(CCC(=O)O)NC(=O)C(CO)NC(=O)C(C(C)C)NC(=O)C(CO)N.CC(=O)O.O,1,DB06285,"['P01270', 'Q03431']",2
Testosterone enanthate,CCCCCCC(=O)OC1CCC2C1(CCC3C2CCC4=CC(=O)CCC34C)C,1,DB13944,"['P10275', 'P03372', 'P08235']",3
Thalidomide,C1CC(=O)NC(=O)C1N2C(=O)C3=CC=CC=C3C2=O,1,DB01041,"['P01375', 'Q96SW2', 'P02763']",3
Thiabendazole,C1=CC=C2C(=C1)NC(=N2)C3=CSC=N3,1,DB00730,['P00363'],1
Thiamine hydrochloride,CC1=C(SC=[N+]1CC2=CN=C(N=C2N)C)CCO.Cl.[Cl-],0,DB00152,"['Q9H3S4', 'P0AFG8']",2
Thioridazine hydrochloride,CN1CCCCC1CCN2C3=CC=CC=C3SC4=C2C=C(C=C4)SC.Cl,1,DB00679,"['P14416', 'P21728', 'P35348', 'P35368', 'P28223', 'Q12809']",6
Thyrotropin alfa,C1CC(N(C1)C(=O)C(CC2=CN=CN2)NC(=O)C3CCC(=O)N3)C(=O)N,0,DB00024,['P16473'],1
Ticagrelor,CCCSC1=NC(=C2C(=N1)N(N=N2)C3CC(C(C3O)O)OCCO)NC4CC4C5=CC(=C(C=C5)F)F,0,DB08816,['Q9H244'],1
Ticlopidine hydrochloride,C1CN(CC2=C1SC=C2)CC3=CC=CC=C3Cl.Cl,1,DB00208,"['P25105', 'Q9H244']",2
Tigecycline,CC(C)(C)NCC(=O)NC1=CC(=C2CC3CC4C(C(=O)C(=C(C4(C(=O)C3=C(C2=C1O)O)O)O)C(=O)N)N(C)C)N(C)C,1,DB00560,"['P0A7X3', 'P0A7S3', 'P0A7S9', 'P0AG59', 'P0A7U3']",5
Tipranavir,CCCC1(CC(=C(C(=O)O1)C(CC)C2=CC(=CC=C2)NS(=O)(=O)C3=NC=C(C=C3)C(F)(F)F)O)CCC4=CC=CC=C4,1,DB00932,"['P03366', 'Q72874']",2
Tirofiban hydrochloride,CCCCS(=O)(=O)NC(CC1=CC=C(C=C1)OCCCCC2CCNCC2)C(=O)O.Cl,0,DB00775,"['P08514', 'P05106']",2
Tizanidine hydrochloride,C1CN=C(N1)NC2=C(C=CC3=NSN=C32)Cl.Cl,1,DB00697,"['P35348', 'P08913', 'Q9Y2I1']",3
Tolazamide,CC1=CC=C(C=C1)S(=O)(=O)NC(=O)NN2CCCCCC2,1,DB00839,"['Q09428', 'P78508']",2
Tolcapone,CC1=CC=C(C=C1)C(=O)C2=CC(=C(C(=C2)O)O)[N+](=O)[O-],1,DB00323,['P21964'],1
Tolmetin sodium,CC1=CC=C(C=C1)C(=O)C2=CC=C(N2C)CC(=O)[O-].[Na+],1,DB00500,"['P35354', 'P23219']",2
Tolrestat,CN(CC(=O)O)C(=S)C1=CC=CC2=C1C=CC(=C2C(F)(F)F)OC,1,DB02383,"['Q99720', 'P15121', 'P14550', 'O60218']",4
Tolterodine tartrate,CC1=CC(=C(C=C1)O)C(CCN(C(C)C)C(C)C)C2=CC=CC=C2.C(C(C(=O)O)O)(C(=O)O)O,1,DB01036,"['P20309', 'P08172', 'P08912', 'P11229', 'P08173']",5
Tolvaptan,CC1=CC=CC=C1C(=O)NC2=CC(=C(C=C2)C(=O)N3CCCC(C4=C3C=CC(=C4)Cl)O)C,1,DB06212,"['P30518', 'P37288']",2
Topiramate,CC1(OC2COC3(C(C2O1)OC(O3)(C)C)COS(=O)(=O)N)C,1,DB00273,"['P39086', 'P14867', 'P35498', 'P39086', 'P00918', 'P22748', 'Q13936', 'P00915', 'P07451', 'Q15878']",10
Topotecan hydrochloride,CCC1(C2=C(COC1=O)C(=O)N3CC4=CC5=C(C=CC(=C5CN(C)C)O)N=C4C3=C2)O.Cl,0,DB01030,"['P11387', 'Q969P6']",2
Tramadol hydrochloride,CN(C)CC1CCCCC1(C2=CC(=CC=C2)OC)O.Cl,1,DB00193,"['P35372', 'P23975', 'P31645', 'Q99250', 'Q05586', 'P30542', 'P08913', 'P28335', 'P41145', 'P41143', 'P36544', 'P20309', 'P11229', 'P25103', 'Q8NER1']",15
Trandolapril,CCOC(=O)C(CCC1=CC=CC=C1)NC(C)C(=O)N2C3CCCCC3CC2C(=O)O,1,DB00519,['P12821'],1
Tranexamic acid,C1CC(CCC1CN)C(=O)O,0,DB00302,['P00747'],1
Tranylcypromine sulfate,C1C(C1N)C2=CC=CC=C2.C1C(C1N)C2=CC=CC=C2.OS(=O)(=O)O,1,DB00752,"['P27338', 'P21397']",2
Trazodone hydrochloride,C1CN(CCN1CCCN2C(=O)N3C=CC=CC3=N2)C4=CC(=CC=C4)Cl.Cl,1,DB00656,"['P28223', 'P28335', 'P31645', 'P08908', 'P35367', 'P35348', 'P08913', 'P08909']",8
Tretinoin,CC1=C(C(CCC1)(C)C)C=CC(=CC=CC(=CC(=O)O)C)C,1,DB00755,"['P10276', 'P10826', 'P13631', 'P28702', 'P48443', 'P19793', 'P29762', 'P49788', 'P00352', 'O94788', 'Q8NFJ5', 'P31025', 'Q9NY56', 'P02753', 'Q16654', 'Q14081']",16
Triamterene,C1=CC=C(C=C1)C2=NC3=C(N=C(N=C3N=C2N)N)N,1,DB00384,"['P51170', 'P37088', 'P51168', 'P51172']",4
Trientine hydrochloride,C(CNCCNCCN)N.Cl.Cl,0,DB06824,['Q9ULX7'],1
Trifluoperazine hydrochloride,CN1CCN(CC1)CCCN2C3=CC=CC=C3SC4=C2C=C(C=C4)C(F)(F)F.Cl.Cl,1,DB00831,"['P14416', 'P0DP23', 'P0DP25', 'P0DP24', 'Q9NYX4', 'P35348', 'P63316', 'P26447', 'P0DP23']",9
Trihexyphenidyl hydrochloride,C1CCC(CC1)C(CCN2CCCCC2)(C3=CC=CC=C3)O.Cl,0,DB00376,"['P11229', 'P13945', 'P08172', 'P20309', 'P08173', 'P08912']",6
Trimethoprim,COC1=CC(=CC(=C1OC)OC)CC2=CN=C(N=C2N)N,1,DB00440,"['P00374', 'P0ABQ4']",2
Triprolidine hydrochloride,CC1=CC=C(C=C1)C(=CCN2CCCC2)C3=CC=CC=N3.Cl,0,DB00427,['P35367'],1
Troglitazone,CC1=C(C2=C(CCC(O2)(C)COC3=CC=C(C=C3)CC4C(=O)NC(=O)S4)C(=C1O)C)C,1,DB00197,"['P37231', 'P62508', 'P11474', 'Q03181', 'Q07869', 'P09211', 'O60488', 'P05121', 'Q99808']",9
Trovafloxacin mesylate,CS(=O)(=O)O.C1C2C(C2N)CN1C3=C(C=C4C(=O)C(=CN(C4=N3)C5=C(C=C(C=C5)F)F)C(=O)O)F,1,DB00685,"['P43700', 'P0A0K8', 'P20831', 'P43702', 'P11388']",5
Tyramine,C1=CC(=CC=C1CCN)O,0,DB08841,['Q96RJ0'],1
Ubrogepant,CC1C(CC(C(=O)N1CC(F)(F)F)NC(=O)C2=CC3=C(CC4(C3)C5=C(NC4=O)N=CC=C5)N=C2)C6=CC=CC=C6,0,DB15328,['Q16602'],1
Ulipristal acetate,CC(=O)C1(CCC2C1(CC(C3=C4CCC(=O)C=C4CCC23)C5=CC=C(C=C5)N(C)C)C)OC(=O)C,1,DB08867,"['P06401', 'P04150', 'P10275']",3
Urofollitropin,CCC(C)C1C(=O)NC(C(=O)NC(C(=O)NC(CSSCC(C(=O)NC(C(=O)N1)CC2=CC=C(C=C2)O)N)C(=O)N3CCCC3C(=O)NC(CC(C)C)C(=O)NCC(=O)N)CC(=O)N)C(C)O,0,DB00094,['P23945'],1
Urokinase,CC(C)OC(=O)NC1=CC2=C(C=C1)N=C(N2)C3=CSC=N3,0,DB00013,"['P00747', 'Q03405', 'P05121', 'P05120', 'P05154', 'P98164', 'Q9Y5Y6', 'P14543']",8
Valaciclovir,CC(C)C(C(=O)OCCOCN1C=NC2=C1N=C(NC2=O)N)N,1,DB00577,"['Q9QNF7', 'P04293']",2
Valdecoxib,CC1=C(C(=NO1)C2=CC=CC=C2)C3=CC=C(C=C3)S(=O)(=O)N,1,DB00580,"['P35354', 'P00918', 'P07451']",3
Valproic acid,CCCC(CCC)C(=O)O,1,DB00313,"['P80404', 'P49840', 'Q9UKV0', 'P45954', 'Q02218', 'P51649', 'P35498', 'Q92769', 'Q07869', 'Q03181', 'P37231', 'Q13547', 'P38936', 'P14210', 'P11926', 'Q9NZQ7']",16
Valsartan,CCCCC(=O)N(CC1=CC=C(C=C1)C2=CC=CC=C2C3=NNN=N3)C(C(C)C)C(=O)O,1,DB00177,['P30556'],1
Varenicline tartrate,C1C2CNCC1C3=CC4=NC=CN=C4C=C23.C(C(C(=O)O)O)(C(=O)O)O,1,DB01273,"['P43681', 'P36544', 'P32297', 'Q15825', 'P17787']",5
Vemurafenib,CCCS(=O)(=O)NC1=C(C(=C(C=C1)F)C(=O)C2=CNC3=C2C=C(C=N3)C4=CC=C(C=C4)Cl)F,1,DB08881,['P15056'],1
Venetoclax,CC1(CCC(=C(C1)C2=CC=C(C=C2)Cl)CN3CCN(CC3)C4=CC(=C(C=C4)C(=O)NS(=O)(=O)C5=CC(=C(C=C5)NCC6CCOCC6)[N+](=O)[O-])OC7=CN=C8C(=C7)C=CN8)C,1,DB11581,['P10415'],1
Venlafaxine hydrochloride,CN(C)CC(C1=CC=C(C=C1)OC)C2(CCCCC2)O.Cl,1,DB00285,"['P31645', 'P23975', 'Q01959']",3
Verapamil hydrochloride,CC(C)C(CCCN(C)CCC1=CC(=C(C=C1)OC)OC)(C#N)C2=CC(=C(C=C2)OC)OC.Cl,1,DB00661,"['Q13936', 'Q00975', 'O00555', 'Q14654', 'O43497', 'O95180', 'Q12809', 'P31645', 'P35348', 'P35368', 'P25100', 'Q06432', 'P08183']",13
Vericiguat,COC(=O)NC1=C(N=C(N=C1N)C2=NN(C3=C2C=C(C=N3)F)CC4=CC=CC=C4F)N,0,DB15456,"['Q02846', 'Q02153']",2
Vibegron,C1CC(NC1CC2=CC=C(C=C2)NC(=O)C3CCC4=NC=CC(=O)N34)C(C5=CC=CC=C5)O,0,DB14895,['P13945'],1
Vilazodone hydrochloride,C1CN(CCN1CCCCC2=CNC3=C2C=C(C=C3)C#N)C4=CC5=C(C=C4)OC(=C5)C(=O)N.Cl,0,DB06684,"['P31645', 'P08908']",2
Viloxazine hydrochloride,CCOC1=CC=CC=C1OCC2CNCCO2.Cl,0,DB09185,"['P23975', 'P41595', 'P28335', 'P35368', 'P07550', 'P35367', 'P25021', 'P11229', 'P08172', 'P20309', 'P08173', 'P21397', 'P27338']",13
Vinblastine sulfate,CCC1(CC2CC(C3=C(CCN(C2)C1)C4=CC=CC=C4N3)(C5=C(C=C6C(=C5)C78CCN9C7C(C=CC9)(C(C(C8N6C)(C(=O)OC)O)OC(=O)C)CC)OC)C(=O)OC)O.OS(=O)(=O)O,1,DB00570,"['Q13885', 'Q71U36', 'P07437', 'Q9UJT1', 'P23258', 'Q9UJT0', 'P05412']",7
Vincristine sulfate,CCC1(CC2CC(C3=C(CCN(C2)C1)C4=CC=CC=C4N3)(C5=C(C=C6C(=C5)C78CCN9C7C(C=CC9)(C(C(C8N6C=O)(C(=O)OC)O)OC(=O)C)CC)OC)C(=O)OC)O.OS(=O)(=O)O,1,DB00541,"['P07437', 'P68366']",2
Vitamin C,C(C(C1C(=C(C(=O)O1)O)O)O)O,0,DB00126,"['Q9UGH3', 'Q9UHI7', 'Q54873', 'P24300', 'O00469', 'O14832', 'O60568', 'O75936', 'P09172', 'P19021', 'Q32P28', 'Q8IVL5', 'Q8IVL6', 'P13674', 'Q8N543', 'Q6N063', 'Q6NS38', 'Q96Q83', 'Q9BY66', 'Q02809', 'Q9NVH6', 'Q9NXG6', 'Q9GZT9', 'Q96KS0', 'Q9H6Z9']",25
Vitamin E,CC1=C(C2=C(CCC(O2)(C)CCCC(C)CCCC(C)CCCC(C)C)C(=C1O)C)C,0,DB00163,"['Q9UDX3', 'Q9UDX4', 'O76054', 'O75469', 'P05771', 'P09917', 'P17252', 'P23743', 'P62714', 'P67775']",10
Voclosporin,CCC1C(=O)N(CC(=O)N(C(C(=O)NC(C(=O)N(C(C(=O)NC(C(=O)NC(C(=O)N(C(C(=O)N(C(C(=O)N(C(C(=O)N(C(C(=O)N1)C(C(C)CC=CC=C)O)C)C(C)C)C)CC(C)C)C)CC(C)C)C)C)C)CC(C)C)C)C(C)C)CC(C)C)C)C,0,DB11693,"['P49069', 'Q08209', 'P63098', 'Q96LZ3']",4
Vorapaxar sulfate,CCOC(=O)NC1CCC2C(C1)CC3C(C2C=CC4=NC=C(C=C4)C5=CC(=CC=C5)F)C(OC3=O)C.OS(=O)(=O)O,0,DB09030,['P25116'],1
Voriconazole,CC(C1=NC=NC=C1F)C(CN2C=NC=N2)(C3=C(C=C(C=C3)F)F)O,1,DB00582,['P10613'],1
Vorinostat,C1=CC=C(C=C1)NC(=O)CCCCCCC(=O)NO,0,DB02546,"['Q13547', 'Q92769', 'O15379', 'Q9UBN7', 'Q9BY41', 'O67135', 'Q13547']",7
Vosoritide,CCC(C)C1C(=O)NCC(=O)NC(C(=O)NC(C(=O)NC(C(=O)NCC(=O)NC(C(=O)NCC(=O)NC(CSSCC(C(=O)NC(C(=O)NCC(=O)NC(C(=O)NC(C(=O)NC(C(=O)NC(C(=O)NC(C(=O)N1)CCCNC(=N)N)CC(=O)O)CC(C)C)CCCCN)CC(C)C)CC2=CC=CC=C2)NC(=O)CNC(=O)C(CCCCN)NC(=O)C(CO)NC(=O)C(CC(C)C)NC(=O)CNC(=O)C(CCCCN)NC(=O)C(CCCCN)NC(=O)C(CC(=O)N)NC(=O)C(C)NC(=O)CNC(=O)C(CCCCN)NC(=O)C(CC3=CC=C(C=C3)O)NC(=O)C(CCCCN)NC(=O)C(CCCNC(=N)N)NC(=O)C(C)NC(=O)C(CC(=O)N)NC(=O)C4CCCN4C(=O)C(CC5=CN=CN5)NC(=O)C(CCC(=O)O)NC(=O)C(CCC(=O)N)NC(=O)CNC(=O)C6CCCN6)C(=O)O)CC(C)C)CO)CCSC)CO,0,DB11928,['P20594'],1
Voxelotor,CC(C)N1C(=CC=N1)C2=C(C=CC=N2)COC3=CC=CC(=C3C=O)O,0,DB14975,['P69905'],1
Warfarin sodium,CC(=O)CC(C1=CC=CC=C1)C2=C(C3=CC=CC=C3OC2=O)[O-].[Na+],1,DB00682,"['Q9BQB6', 'O75469']",2
Ximelagatran,CCOC(=O)CNC(C1CCCCC1)C(=O)N2CCC2C(=O)NCC3=CC=C(C=C3)C(=NO)N,1,DB04898,['P00734'],1
Zafirlukast,CC1=CC=CC=C1S(=O)(=O)NC(=O)C2=CC(=C(C=C2)CC3=CN(C4=C3C=C(C=C4)NC(=O)OC5CCCC5)C)OC,1,DB00549,['Q9Y271'],1
Zaleplon,CCN(C1=CC=CC(=C1)C2=CC=NC3=C(C=NN23)C#N)C(=O)C,0,DB00962,['P14867'],1
Zanubrutinib,C=CC(=O)N1CCC(CC1)C2CCNC3=C(C(=NN23)C4=CC=C(C=C4)OC5=CC=CC=C5)C(=O)N,1,DB15035,"['Q06187', 'P00533', 'P04626', 'Q15303', 'Q08881', 'P51813', 'O60674', 'P42680', 'P51451', 'P52333', 'Q13882', 'P09769', 'P42685', 'P06239', 'P42681']",15
Zidovudine,CC1=CN(C(=O)NC1=O)C2CC(C(O2)CO)N=[N+]=[N-],1,DB00495,"['P36888', 'Q72547', 'P03366', 'O14746']",4
Zileuton,CC(C1=CC2=CC=CC=C2S1)N(C(=O)N)O,1,DB00744,['P09917'],1
Zimelidine,CN(C)CC=C(C1=CC=C(C=C1)Br)C2=CN=CC=C2,1,DB04832,"['P31645', 'P27338', 'P21397']",3
Ziprasidone hydrochloride,C1CN(CCN1CCC2=C(C=C3C(=C2)CC(=O)N3)Cl)C4=NSC5=CC=CC=C54.Cl,1,DB00246,"['P14416', 'P36544', 'P28223', 'P08908', 'P28221', 'P28335', 'P21728', 'P21918', 'P35462', 'P21917', 'P28222', 'P28566', 'P50406', 'P34969', 'P35367', 'P35348', 'P35368', 'P08913', 'P18089', 'P18825', 'P11229', 'P08172', 'P20309', 'P08173', 'P08912', 'P46098', 'P47898']",27
Zoledronic acid,C1=CN(C=N1)CC(O)(P(=O)(O)O)P(=O)(O)O,1,DB00399,"['O95749', 'P14324']",2
Zonisamide,C1=CC=C2C(=C1)C(=NO2)CS(=O)(=O)N,1,DB00909,"['P35498', 'Q99250', 'Q9NY46', 'P35499', 'Q14524', 'Q15858', 'Q9UI33', 'Q07699', 'O60939', 'Q9NY72', 'Q8IWT1', 'O43497', 'O95180', 'Q9P0X4', 'P00915', 'P00918', 'P07451', 'P22748', 'P35218', 'Q9Y2D0', 'P23280', 'P43166', 'P35219', 'Q16790', 'Q9NS85', 'O75493', 'O43570', 'Q8N1Q1', 'Q9ULX7', 'P27338', 'P21397', 'P14867']",32
