drugbank_id,drug_name,dilirank_name,n_targets,dilirank,is_dili,Z,I_T,mu_T,pool_size,smiles,targets,target_list,logp,mw,hbd,hba,tpsa,rotatable,k,n_dili_hits,n_cyp_hits,n_tf_hits,n_transporter_hits,n_network_hits,network_fraction,dili_fraction,has_network_targets,has_transporter_targets,high_logp,ecnp_z,ecnp_eligible,y_pred_full
DB00013,Urokinase,Urokinase,6,vNo-DILI-concern,0,2.592910904404679,0.6322728199789286,0.3512386752037297,572,CC(C)OC(=O)NC1=CC2=C(C=C1)N=C(N2)C3=CSC=N3,"['PLG', 'PLAUR', 'SERPINE1', 'SERPINA5', 'ST14', 'NID1']","['PLG', 'PLAUR', 'SERPINE1', 'SERPINA5', 'ST14', 'NID1']",3.6433000000000018,302.35900000000004,2.0,5.0,79.89999999999999,3.0,6,1,0,0,0,1,0.16666666666666666,0.16666666666666666,1,0,1,2.592910904404679,1,0.98459125
DB00091,Cyclosporine,Cyclosporine,4,vMost-DILI-concern,1,-0.1562503914682074,0.0681930837491614,0.0812170384617603,680,CCC1C(=O)N(CC(=O)N(C(C(=O)NC(C(=O)N(C(C(=O)NC(C(=O)NC(C(=O)N(C(C(=O)N(C(C(=O)N(C(C(=O)N(C(C(=O)N1)C(C(C)CC=CC)O)C)C(C)C)C)CC(C)C)C)CC(C)C)C)C)C)CC(C)C)C)C(C)C)CC(C)C)C)C,"['CAMLG', 'PPP3CA', 'PPIA', 'PPIF']","['CAMLG', 'PPP3CA', 'PPIA', 'PPIF']",3.2690000000000063,1202.6349999999982,5.0,12.0,278.8,15.0,4,0,0,0,0,0,0.0,0.0,0,0,1,-0.1562503914682074,0,0.26878124
DB00115,Cyanocobalamin,Cyanocobalamin,5,vNo-DILI-concern,0,0.441946121561886,0.2631598795247906,0.200445010487839,752,CC1=CC2=C(C=C1C)[N+](=CN2)C3C(C(C(O3)CO)OP(=O)(O)OC(C)CNC(=O)CCC4(C(C5C6(C(C(C(=N6)C(=C7C(C(C(=CC8=NC(=C(C4=N5)C)C(C8(C)C)CCC(=N)[O-])N7)CCC(=N)[O-])(C)CC(=O)N)C)CCC(=N)[O-])(C)CC(=O)N)C)CC(=O)N)C)O.[C]#N.[Co+2],"['MTR', 'MTRR', 'MMAA', 'MMACHC', 'MTHFR']","['MTR', 'MTRR', 'MMAA', 'MMACHC', 'MTHFR']",2.2330200000000056,1355.3879999999995,12.0,21.0,497.12,26.0,5,1,0,0,0,1,0.2,0.2,1,0,0,0.441946121561886,1,0.8943951
DB00118,Ademetionine,Methionine,5,vNo-DILI-concern,0,-0.7455050879568167,0.1537443667011179,0.2366018404066556,687,CSCCC(C(=O)O)N,"['COMT', 'GNMT', 'MAT2A', 'CBS', 'MAT1A']","['COMT', 'GNMT', 'MAT2A', 'CBS', 'MAT1A']",0.15140000000000003,149.215,2.0,3.0,63.31999999999999,4.0,5,0,0,0,0,0,0.0,0.0,0,0,0,-0.7455050879568167,0,0.065387264
DB00122,Choline,Choline c-11,5,vNo-DILI-concern,0,0.6616457078715641,0.2164306766200323,0.1452651662851836,660,C[N+](C)(C)CCO,"['ACHE', 'PCYT1A', 'PLD2', 'BCHE', 'PLD1']","['ACHE', 'PCYT1A', 'PLD2', 'BCHE', 'PLD1']",-0.3150999999999999,104.17299999999999,1.0,1.0,20.23,2.0,5,0,0,0,0,0,0.0,0.0,0,0,0,0.6616457078715641,0,0.4220832
DB00125,Arginine,Arginine hydrochloride,3,vNo-DILI-concern,0,-0.1964392146564791,0.0738641607480972,0.1007361504939913,514,C(CC(C(=O)O)N)CN=C(N)N.Cl,"['ASL', 'ASS1', 'NOS3']","['ASL', 'ASS1', 'NOS3']",-1.1262999999999996,210.665,4.0,3.0,127.71999999999998,5.0,3,0,0,0,0,0,0.0,0.0,0,0,0,-0.1964392146564791,0,0.031773787
DB00131,Adenosine phosphate,Adenosine,11,vNo-DILI-concern,0,-0.7994249701482159,0.1734557274501131,0.2436313693350927,1236,C1=NC(=C2C(=N1)N(C=N2)C3C(C(C(O3)CO)O)O)N,"['PRKAA1', 'ADK', 'PRKAB1', 'ACSS2', 'PRKAA1', 'ADCY1', 'ACSL1', 'CREB1', 'PDE4B', 'PYGL', 'FBP1']","['PRKAA1', 'ADK', 'PRKAB1', 'ACSS2', 'PRKAA1', 'ADCY1', 'ACSL1', 'CREB1', 'PDE4B', 'PYGL', 'FBP1']",-1.979999999999999,267.245,4.0,9.0,139.54000000000002,2.0,11,0,0,0,0,0,0.0,0.0,0,0,0,-0.7994249701482159,0,0.027764136
DB00133,Serine,Reserpine,6,vNo-DILI-concern,0,-0.4972011802382858,0.1309075050598594,0.1767925236294559,560,COC1C(CC2CN3CCC4=C(C3CC2C1C(=O)OC)NC5=C4C=CC(=C5)OC)OC(=O)C6=CC(=C(C(=C6)OC)OC)OC,"['CBS', 'SDS', 'SRR', 'SPTLC2', 'SPTLC1', 'AGXT']","['CBS', 'SDS', 'SRR', 'SPTLC2', 'SPTLC1', 'AGXT']",4.171100000000004,608.6880000000003,1.0,10.0,117.78000000000002,8.0,6,0,0,0,0,0,0.0,0.0,0,0,1,-0.4972011802382858,0,0.9914609
DB00134,Methionine,Methionine,5,vNo-DILI-concern,0,-0.5513727193331183,0.1216399256177453,0.1827353451879002,751,CSCCC(C(=O)O)N,"['MTRR', 'MTR', 'METAP2', 'BHMT', 'BHMT2']","['MTRR', 'MTR', 'METAP2', 'BHMT', 'BHMT2']",0.15140000000000003,149.215,2.0,3.0,63.31999999999999,4.0,5,0,0,0,0,0,0.0,0.0,0,0,0,-0.5513727193331183,0,0.06509931
DB00142,Glutamic acid,Carglumic acid,31,vNo-DILI-concern,0,3.2202157531822104,1.217663073735609,0.94924415462782,1967,C(CC(=O)O)C(C(=O)O)NC(=O)N,"['OPLAH', 'PFAS', 'BCAT2', 'GLS', 'GOT2', 'ASNS', 'GLUL', 'GOT1', 'TAT', 'GPT', 'GGCX', 'GCLC', 'GLUD2', 'GMPS', 'ABAT', 'FPGS', 'ENPEP', 'EARS2', 'NADSYN1', 'NAGS', 'AADAT', 'GPT2', 'AASS', 'GLS2', 'PSAT1', 'GLUD1', 'GCLM', 'FOLH1', 'FTCD', 'ALDH18A1', 'GOT1']","['OPLAH', 'PFAS', 'BCAT2', 'GLS', 'GOT2', 'ASNS', 'GLUL', 'GOT1', 'TAT', 'GPT', 'GGCX', 'GCLC', 'GLUD2', 'GMPS', 'ABAT', 'FPGS', 'ENPEP', 'EARS2', 'NADSYN1', 'NAGS', 'AADAT', 'GPT2', 'AASS', 'GLS2', 'PSAT1', 'GLUD1', 'GCLM', 'FOLH1', 'FTCD', 'ALDH18A1', 'GOT1']",-1.0272999999999997,190.155,4.0,3.0,129.72,5.0,31,2,0,0,0,2,0.06451612903225806,0.06451612903225806,1,0,0,3.2202157531822104,1,0.8185097
DB00162,Vitamin A,Vitamin C,11,vNo-DILI-concern,0,0.6128090625657202,0.7640840178166162,0.6933764688146915,855,C(C(C1C(=C(C(=O)O1)O)O)O)O,"['APOD', 'PTGDS', 'RDH12', 'RDH5', 'ALDH1A2', 'ALDH1A1', 'LRAT', 'DHRS3', 'RETSAT', 'RDH11', 'DHRS4']","['APOD', 'PTGDS', 'RDH12', 'RDH5', 'ALDH1A2', 'ALDH1A1', 'LRAT', 'DHRS3', 'RETSAT', 'RDH11', 'DHRS4']",-1.4073999999999995,176.124,4.0,6.0,107.22000000000001,2.0,11,0,0,0,0,0,0.0,0.0,0,0,0,0.6128090625657202,0,0.63438743
DB00163,Vitamin E,Vitamin E,5,vNo-DILI-concern,0,0.1729685518703793,0.3417062520894954,0.3272594712460401,257,CC1=C(C2=C(CCC(O2)(C)CCCC(C)CCCC(C)CCCC(C)C)C(=C1O)C)C,"['NR1I2', 'ALOX5', 'PRKCA', 'PPP2CB', 'PPP2CA']","['NR1I2', 'ALOX5', 'PRKCA', 'PPP2CB', 'PPP2CA']",8.840260000000002,430.7170000000002,1.0,2.0,29.46,12.0,5,1,0,1,0,1,0.2,0.2,1,0,1,0.1729685518703793,1,0.4143287
DB00166,Lipoic acid,Valproic acid,3,vMost-DILI-concern,1,0.0012808256518554,0.0205569751345016,0.0204471537940689,512,CCCC(CCC)C(=O)O,"['LIPT1', 'SLC5A6', 'LIAS']","['LIPT1', 'SLC5A6', 'LIAS']",2.2874,144.214,1.0,1.0,37.3,5.0,3,0,0,0,0,0,0.0,0.0,0,0,0,0.0012808256518554,0,0.4541788
DB00172,Proline,Pemoline,14,vMost-DILI-concern,1,-1.4065680108904102,0.2944995156489617,0.3965819145074379,1414,C1=CC=C(C=C1)C2C(=O)N=C(O2)N,"['PPIB', 'PPIA', 'PYCR1', 'PYCR2', 'P4HA2', 'PRODH', 'PPIH', 'P4HA1', 'PPIF', 'PPIG', 'P3H1', 'PARS2', 'P3H3', 'L3HYPDH']","['PPIB', 'PPIA', 'PYCR1', 'PYCR2', 'P4HA2', 'PRODH', 'PPIH', 'P4HA1', 'PPIF', 'PPIG', 'P3H1', 'PARS2', 'P3H3', 'L3HYPDH']",0.5992000000000001,176.17499999999995,1.0,3.0,64.67999999999999,1.0,14,0,0,0,0,0,0.0,0.0,0,0,0,-1.4065680108904102,0,0.6993555
DB00173,Adenine,Adenosine,4,vNo-DILI-concern,0,0.0075158989837447,0.0444075788703567,0.0438217257629995,439,C1=NC(=C2C(=N1)N(C=N2)C3C(C(C(O3)CO)O)O)N,"['APRT', 'MTAP', 'ACACB', 'SRPK2']","['APRT', 'MTAP', 'ACACB', 'SRPK2']",-1.979999999999999,267.245,4.0,9.0,139.54000000000002,2.0,4,0,0,0,0,0,0.0,0.0,0,0,0,0.0075158989837447,0,0.18932973
DB00182,Amphetamine,Amphetamine sulfate,3,vLess-DILI-concern,1,0.0407229279134931,0.0895055440538364,0.0858987460782253,350,CC(CC1=CC=CC=C1)N.CC(CC1=CC=CC=C1)N.OS(=O)(=O)O,"['MAOA', 'ADRA1A', 'MAOB']","['MAOA', 'ADRA1A', 'MAOB']",2.4998000000000005,368.499,4.0,4.0,126.64,4.0,3,0,0,0,0,0,0.0,0.0,0,0,0,0.0407229279134931,0,0.055200193
DB00188,Bortezomib,Bortezomib,3,vMost-DILI-concern,1,-0.1655785122138706,0.030319911183332,0.0457280138813414,265,B(C(CC(C)C)NC(=O)C(CC1=CC=CC=C1)NC(=O)C2=NC=CN=C2)(O)O,"['PSMB5', 'PRSS1', 'PSMB1']","['PSMB5', 'PRSS1', 'PSMB1']",0.36059999999999875,384.2450000000001,4.0,6.0,124.44000000000001,9.0,3,0,0,0,0,0,0.0,0.0,0,0,0,-0.1655785122138706,0,0.50462854
DB00197,Troglitazone,Troglitazone,7,vMost-DILI-concern,1,3.5529257386319064,0.6353364660400564,0.348222174126044,881,CC1=C(C2=C(CCC(O2)(C)COC3=CC=C(C=C3)CC4C(=O)NC(=O)S4)C(=C1O)C)C,"['PPARG', 'ESRRA', 'PPARD', 'PPARA', 'GSTP1', 'ACSL4', 'SERPINE1']","['PPARG', 'ESRRA', 'PPARD', 'PPARA', 'GSTP1', 'ACSL4', 'SERPINE1']",4.374260000000003,441.54900000000015,2.0,6.0,84.86,5.0,7,2,0,1,0,2,0.2857142857142857,0.2857142857142857,1,0,1,3.5529257386319064,1,0.9766558
DB00201,Caffeine,Caffeine citrate,10,vNo-DILI-concern,0,1.2010143263289843,0.2848060096276592,0.1818261267151956,791,CN1C=NC2=C1C(=O)N(C(=O)N2C)C.C(C(=O)O)C(CC(=O)O)(C(=O)O)O,"['NT5E', 'ADORA2A', 'PDE4B', 'PDE4A', 'PRKDC', 'PIK3CD', 'PIK3CA', 'PIK3CB', 'ITPR1', 'ATM']","['NT5E', 'ADORA2A', 'PDE4B', 'PDE4A', 'PRKDC', 'PIK3CD', 'PIK3CA', 'PIK3CB', 'ITPR1', 'ATM']",-2.277799999999997,386.3170000000001,4.0,10.0,193.94999999999996,5.0,10,1,0,0,0,1,0.1,0.1,1,0,0,1.2010143263289843,1,0.78085375
DB00227,Lovastatin,Lovastatin,3,vLess-DILI-concern,1,-0.081322247179862,0.0360992402362532,0.0432647848163283,220,CCC(C)C(=O)OC1CC(C=C2C1C(C(C=C2)C)CCC3CC(CC(=O)O3)O)C,"['HMGCR', 'ITGAL', 'HDAC2']","['HMGCR', 'ITGAL', 'HDAC2']",4.195500000000004,404.54700000000025,1.0,5.0,72.83000000000001,6.0,3,0,0,0,0,0,0.0,0.0,0,0,1,-0.081322247179862,0,0.97928315
DB00233,Aminosalicylic acid,Aminosalicylic acid ,4,vMOST-DILI-concern,1,2.4446706727004432,0.3817450549417288,0.2124452692492843,341,C1=CC(=C(C=C1N)O)C(=O)O,"['DHFR', 'PTGS2', 'CHUK', 'ALOX5']","['DHFR', 'PTGS2', 'CHUK', 'ALOX5']",0.6726,153.137,3.0,3.0,83.55,1.0,4,1,0,0,0,1,0.25,0.25,1,0,0,2.4446706727004432,1,0.99319285
DB00242,Cladribine,Cladribine,10,vLess-DILI-concern,1,0.4594334509141496,0.336514585105486,0.2907101607257413,679,C1C(C(OC1N2C=NC3=C(N=C(N=C32)Cl)N)CO)O,"['RRM1', 'ADA', 'RRM2B', 'POLA1', 'POLE', 'POLE2', 'POLE3', 'POLE4', 'PNP', 'PARP1']","['RRM1', 'ADA', 'RRM2B', 'POLA1', 'POLE', 'POLE2', 'POLE3', 'POLE4', 'PNP', 'PARP1']",-0.2974000000000001,285.691,3.0,8.0,119.31,2.0,10,1,0,0,0,1,0.1,0.1,1,0,0,0.4594334509141496,1,0.9681916
DB00244,Mesalazine,Mesalamine,5,vLess-DILI-concern,1,0.6058452998387699,0.3984683027525904,0.347282063860086,232,C1=CC(=C(C=C1N)C(=O)O)O,"['PTGS2', 'ALOX5', 'PPARG', 'CHUK', 'IKBKB']","['PTGS2', 'ALOX5', 'PPARG', 'CHUK', 'IKBKB']",0.6725999999999999,153.137,3.0,3.0,83.55000000000001,1.0,5,1,0,0,0,1,0.2,0.2,1,0,0,0.6058452998387699,1,0.9959615
DB00246,Ziprasidone,Ziprasidone hydrochloride,3,vLess-DILI-concern,1,-0.002670790108699,0.0401407873989792,0.0405175684636718,244,C1CN(CCN1CCC2=C(C=C3C(=C2)CC(=O)N3)Cl)C4=NSC5=CC=CC=C54.Cl,"['ADRA1A', 'ADRA1B', 'ADRA2B']","['ADRA1A', 'ADRA1B', 'ADRA2B']",4.230800000000004,449.4070000000001,1.0,5.0,48.47,4.0,3,0,0,0,0,0,0.0,0.0,0,0,1,-0.002670790108699,0,0.9923475
DB00248,Cabergoline,Cabergoline,4,vNo-DILI-concern,0,0.0242045082210712,0.0499660371507879,0.0469128142156312,470,CCNC(=O)N(CCCN(C)C)C(=O)C1CC2C(CC3=CNC4=CC=CC2=C34)N(C1)CC=C,"['ADRA2B', 'ADRA1A', 'ADRA1B', 'ADRB2']","['ADRA2B', 'ADRA1A', 'ADRA1B', 'ADRB2']",3.193900000000002,451.61500000000024,2.0,4.0,71.67999999999999,8.0,4,0,0,0,0,0,0.0,0.0,0,0,1,0.0242045082210712,0,0.11081263
DB00252,Phenytoin,Phenytoin,3,vMost-DILI-concern,1,2.11478356864252,0.2269394192930013,0.0455763037005093,474,C1=CC=C(C=C1)C2(C(=O)NC(=O)N2)C3=CC=CC=C3,"['SCN8A', 'NR1I2', 'SCN1B']","['SCN8A', 'NR1I2', 'SCN1B']",1.7696,252.273,2.0,2.0,58.2,2.0,3,1,0,1,0,1,0.3333333333333333,0.3333333333333333,1,0,0,2.11478356864252,1,0.92969394
DB00279,Liothyronine,Liothyronine sodium,3,vNo-DILI-concern,0,-0.3630560474721638,0.0551528673982849,0.086593808901206,331,C1=CC(=C(C=C1OC2=C(C=C(C=C2I)CC(C(=O)[O-])N)I)I)O.[Na+],"['THRA', 'THRB', 'PCNA']","['THRA', 'THRB', 'PCNA']",-0.3780000000000004,672.9580000000001,2.0,5.0,95.61,5.0,3,0,0,0,0,0,0.0,0.0,0,0,0,-0.3630560474721638,0,0.9801931
DB00281,Lidocaine,Lidocaine,4,vNo-DILI-concern,0,1.0213340923855172,0.2540227235341682,0.1675433961098793,514,CCN(CC)CC(=O)NC1=C(C=CC=C1C)C,"['SCN9A', 'EGFR', 'ORM1', 'ORM2']","['SCN9A', 'EGFR', 'ORM1', 'ORM2']",2.5837400000000006,234.343,1.0,2.0,32.34,5.0,4,0,0,0,0,0,0.0,0.0,0,0,0,1.0213340923855172,0,0.9719168
DB00313,Valproic acid,Valproic acid,13,vMost-DILI-concern,1,-0.3613267959605603,0.4134446532972456,0.439491555056262,1450,CCCC(CCC)C(=O)O,"['ABAT', 'GSK3A', 'ACADSB', 'OGDH', 'ALDH5A1', 'HDAC2', 'PPARA', 'PPARD', 'PPARG', 'HDAC1', 'CDKN1A', 'HGF', 'ODC1']","['ABAT', 'GSK3A', 'ACADSB', 'OGDH', 'ALDH5A1', 'HDAC2', 'PPARA', 'PPARD', 'PPARG', 'HDAC1', 'CDKN1A', 'HGF', 'ODC1']",2.2874,144.214,1.0,1.0,37.3,5.0,13,1,0,1,0,1,0.07692307692307693,0.07692307692307693,1,0,0,-0.3613267959605603,1,0.83950126
DB00316,Acetaminophen,Acetaminophen,3,vMost-DILI-concern,1,1.7853803690737746,0.2817927957968599,0.1261765062060391,404,CC(=O)NC1=CC=C(C=C1)O,"['PTGS2', 'PTGES3', 'TRPV1']","['PTGS2', 'PTGES3', 'TRPV1']",1.3505999999999998,151.165,2.0,2.0,49.33,1.0,3,1,0,0,0,1,0.3333333333333333,0.3333333333333333,1,0,0,1.7853803690737746,1,0.998348
DB00321,Amitriptyline,Amitriptyline hydrochloride,3,vLess-DILI-concern,1,0.0056341242630323,0.0363745283264336,0.0357567934826257,386,CN(C)CCC=C1C2=CC=CC=C2CCC3=CC=CC=C31.Cl,"['ADRA1A', 'SIGMAR1', 'ADRA1B']","['ADRA1A', 'SIGMAR1', 'ADRA1B']",4.590400000000005,313.872,0.0,1.0,3.24,3.0,3,0,0,0,0,0,0.0,0.0,0,0,1,0.0056341242630323,0,0.9420474
DB00328,Indomethacin,Indomethacin,7,vMost-DILI-concern,1,4.917098209516696,0.6376598103458218,0.3407226454237335,532,CC1=C(C2=C(N1C(=O)C3=CC=C(C=C3)Cl)C=CC(=C2)OC)CC(=O)O,"['PTGS2', 'PLA2G2A', 'PPARG', 'GLO1', 'PPARA', 'AKR1C3', 'EIF2AK2']","['PTGS2', 'PLA2G2A', 'PPARG', 'GLO1', 'PPARA', 'AKR1C3', 'EIF2AK2']",3.9273200000000026,357.7930000000002,1.0,4.0,68.53,4.0,7,2,0,1,0,2,0.2857142857142857,0.2857142857142857,1,0,1,4.917098209516696,1,0.9951196
DB00331,Metformin,Metformin hydrochloride,4,vLess-DILI-concern,1,-0.0089428667175446,0.0332253239747728,0.0341178990474519,504,CN(C)C(=N)N=C(N)N.Cl,"['ACACB', 'ETFDH', 'PRKAB1', 'GPD1']","['ACACB', 'ETFDH', 'PRKAB1', 'GPD1']",-0.8220300000000003,165.62800000000001,3.0,1.0,91.49,0.0,4,0,0,0,0,0,0.0,0.0,0,0,0,-0.0089428667175446,0,0.017813148
DB00346,Alfuzosin,Alfuzosin hydrochloride,3,vLess-DILI-concern,1,-0.003742612015088,0.0396452221224486,0.0401732069053323,241,CN(CCCNC(=O)C1CCCO1)C2=NC3=CC(=C(C=C3C(=N2)N)OC)OC.Cl,"['ADRA1A', 'ADRA1A', 'ADRA1B']","['ADRA1A', 'ADRA1A', 'ADRA1B']",1.7724999999999995,425.9170000000001,2.0,8.0,111.83000000000001,8.0,3,0,0,0,0,0,0.0,0.0,0,0,0,-0.003742612015088,0,0.87136716
DB00363,Clozapine,Clozapine,5,vMost-DILI-concern,1,1.403951437891738,0.2948731443588945,0.1457461427871728,519,CN1CCN(CC1)C2=NC3=C(C=CC(=C3)Cl)NC4=CC=CC=C42,"['ADRA1A', 'ADRA1B', 'ADRA2B', 'GSTP1', 'GABBR1']","['ADRA1A', 'ADRA1B', 'ADRA2B', 'GSTP1', 'GABBR1']",3.7227000000000023,326.8310000000001,1.0,4.0,30.869999999999997,0.0,5,1,0,0,0,1,0.2,0.2,1,0,1,1.403951437891738,1,0.790554
DB00367,Levonorgestrel,Levonorgestrel,5,vNo-DILI-concern,0,1.231200490021546,0.2912007756815035,0.1951463088556553,524,CCC12CCC3C(C1CCC2(C#C)O)CCC4=CC(=O)CCC34,"['SRD5A1', 'ESR1', 'AR', 'SHBG', 'NR3C1']","['SRD5A1', 'ESR1', 'AR', 'SHBG', 'NR3C1']",3.8826000000000036,312.45300000000003,1.0,2.0,37.3,1.0,5,0,0,0,0,0,0.0,0.0,0,0,1,1.231200490021546,0,0.9949079
DB00368,Norepinephrine,Norepinephrine bitartrate,5,vNo-DILI-concern,0,-0.0543800162217583,0.0681269313356162,0.0737188971866739,677,C1=CC(=C(C=C1C(CN)O)O)O.C(C(C(=O)O)O)(C(=O)O)O.O,"['ADRA1A', 'ADRA1B', 'ADRA2B', 'ADRB2', 'PAH']","['ADRA1A', 'ADRA1B', 'ADRA2B', 'ADRB2', 'PAH']",-2.8573999999999993,337.2810000000001,8.0,8.0,233.26999999999998,5.0,5,0,0,0,0,0,0.0,0.0,0,0,0,-0.0543800162217583,0,0.04050141
DB00390,Digoxin,Digoxin,4,vNo-DILI-concern,0,0.0019981265450498,0.0288441453267431,0.0285623850995487,264,CC1C(C(CC(O1)OC2C(OC(CC2O)OC3C(OC(CC3O)OC4CCC5(C(C4)CCC6C5CC(C7(C6(CCC7C8=CC(=O)OC8)O)C)O)C)C)C)O)O,"['ATP1B1', 'ATP1B2', 'ATP1B3', 'ATP1A1']","['ATP1B1', 'ATP1B2', 'ATP1B3', 'ATP1A1']",2.2181000000000024,780.9490000000003,6.0,14.0,203.06,7.0,4,0,0,0,0,0,0.0,0.0,0,0,0,0.0019981265450498,0,0.016410034
DB00396,Progesterone,Progesterone,7,vLess-DILI-concern,1,1.729143932460186,0.4326488763152298,0.2941947291389968,826,CC(=O)C1CCC2C1(CCC3C2CCC4=CC(=O)CCC34C)C,"['NR3C2', 'ESR1', 'CYP17A1', 'ORM1', 'NR3C1', 'AR', 'SHBG']","['NR3C2', 'ESR1', 'CYP17A1', 'ORM1', 'NR3C1', 'AR', 'SHBG']",4.723500000000005,314.4690000000001,0.0,2.0,34.14,1.0,7,0,0,0,0,0,0.0,0.0,0,0,1,1.729143932460186,0,0.39124444
DB00398,Sorafenib,Regorafenib,8,vMost-DILI-concern,1,0.6095362294093732,0.3193662408931959,0.2557135296722532,628,CNC(=O)C1=NC=CC(=C1)OC2=CC(=C(C=C2)NC(=O)NC3=CC(=C(C=C3)Cl)C(F)(F)F)F,"['BRAF', 'EGFR', 'RAF1', 'FLT4', 'KDR', 'FLT1', 'PDGFRB', 'FGFR1']","['BRAF', 'EGFR', 'RAF1', 'FLT4', 'KDR', 'FLT1', 'PDGFRB', 'FGFR1']",5.688800000000001,482.8210000000001,3.0,4.0,92.35,5.0,8,1,0,0,0,1,0.125,0.125,1,0,1,0.6095362294093732,1,0.998917
DB00408,Loxapine,Clozapine,3,vMost-DILI-concern,1,-0.002670790108699,0.0401407873989792,0.0405175684636718,244,CN1CCN(CC1)C2=NC3=C(C=CC(=C3)Cl)NC4=CC=CC=C42,"['ADRA1A', 'ADRA1B', 'ADRA2B']","['ADRA1A', 'ADRA1B', 'ADRA2B']",3.7227000000000023,326.8310000000001,1.0,4.0,30.869999999999997,0.0,3,0,0,0,0,0,0.0,0.0,0,0,1,-0.002670790108699,0,0.92578703
DB00412,Rosiglitazone,Rosiglitazone maleate,6,vLess-DILI-concern,1,0.6412102694473067,0.3734096555525367,0.2979720369473208,756,CN(CCOC1=CC=C(C=C1)CC2C(=O)NC(=O)S2)C3=CC=CC=N3.C(=CC(=O)O)C(=O)O,"['PPARG', 'ACSL4', 'PPARA', 'PPARD', 'RXRA', 'RXRB']","['PPARG', 'ACSL4', 'PPARA', 'PPARD', 'RXRA', 'RXRB']",2.2027,473.5070000000001,3.0,8.0,146.13,9.0,6,1,0,2,0,2,0.3333333333333333,0.16666666666666666,1,0,0,0.6412102694473067,1,0.8980136
DB00421,Spironolactone,Spironolactone,5,vLess-DILI-concern,1,1.5604968919779756,0.2861370775919089,0.1363380404744565,518,CC(=O)SC1CC2=CC(=O)CCC2(C3C1C4CCC5(C4(CC3)C)CCC(=O)O5)C,"['NR3C2', 'NR3C1', 'AR', 'ESR1', 'NR1I2']","['NR3C2', 'NR3C1', 'AR', 'ESR1', 'NR1I2']",4.852300000000005,416.5830000000003,0.0,5.0,60.44,1.0,5,1,0,1,0,1,0.2,0.2,1,0,1,1.5604968919779756,1,0.9919607
DB00441,Gemcitabine,Gemcitabine hydrochloride,3,vMost-DILI-concern,1,0.0070758181597418,0.045890017374223,0.0450463434286305,389,C1=CN(C(=O)N=C1N)C2C(C(C(O2)CO)O)(F)F.Cl,"['RRM1', 'TYMS', 'CMPK1']","['RRM1', 'TYMS', 'CMPK1']",-0.8668000000000002,299.661,3.0,7.0,110.60000000000001,2.0,3,0,0,0,0,0,0.0,0.0,0,0,0,0.0070758181597418,0,0.98715186
DB00451,Levothyroxine,Levothyroxine sodium,3,vLess-DILI-concern,1,-0.4629229936251701,0.074815640256896,0.1138920538543762,432,C1=C(C=C(C(=C1I)OC2=CC(=C(C(=C2)I)O)I)I)CC(C(=O)[O-])N.[Na+],"['ITGAV', 'THRA', 'THRB']","['ITGAV', 'THRA', 'THRB']",0.22660000000000158,798.8539999999999,2.0,5.0,95.61,5.0,3,0,0,0,0,0,0.0,0.0,0,0,0,-0.4629229936251701,0,0.016093668
DB00457,Prazosin,Terazosin hydrochloride,4,vNo-DILI-concern,0,-0.0047320438086382,0.0533558614397954,0.0540234246182291,244,COC1=C(C=C2C(=C1)C(=NC(=N2)N3CCN(CC3)C(=O)C4CCCO4)N)OC.O.O.Cl,"['ADRA1A', 'ADRA1B', 'ADRA2B', 'ADRA1A']","['ADRA1A', 'ADRA1B', 'ADRA2B', 'ADRA1A']",-0.1707999999999999,459.9310000000002,1.0,8.0,166.04000000000002,4.0,4,0,0,0,0,0,0.0,0.0,0,0,0,-0.0047320438086382,0,0.04992773
DB00458,Imipramine,Imipramine hydrochloride,4,vLess-DILI-concern,1,0.4850833558936469,0.1479379112518586,0.1083546594176449,510,CN(C)CCCN1C2=CC=CC=C2CCC3=CC=CC=C31.Cl,"['ADRA1A', 'KCND3', 'ADRA1B', 'ORM2']","['ADRA1A', 'KCND3', 'ADRA1B', 'ORM2']",4.296800000000005,316.87600000000003,0.0,2.0,6.48,4.0,4,0,0,0,0,0,0.0,0.0,0,0,1,0.4850833558936469,0,0.64570934
DB00459,Acitretin,Acitretin,7,vMost-DILI-concern,1,1.1335697872883714,0.5155347073445242,0.4067577212274126,829,CC1=CC(=C(C(=C1C=CC(=CC=CC(=CC(=O)O)C)C)C)C)OC,"['RXRA', 'STAT3', 'RARA', 'RARB', 'RARG', 'RXRB', 'RBP1']","['RXRA', 'STAT3', 'RARA', 'RARB', 'RARG', 'RXRB', 'RBP1']",5.167060000000005,326.4360000000001,1.0,2.0,46.53,6.0,7,1,0,1,0,2,0.2857142857142857,0.14285714285714285,1,0,1,1.1335697872883714,1,0.9027545
DB00477,Chlorpromazine,Chlorpromazine hydrochloride,6,vLess-DILI-concern,1,0.3464995658457598,0.1595490475183849,0.1274981722261469,679,CN(C)CCCN1C2=CC=CC=C2SC3=C1C=C(C=C3)Cl.Cl,"['ADRA1A', 'ADRA1B', 'ADRA1A', 'SMPD1', 'ORM1', 'CALM1']","['ADRA1A', 'ADRA1B', 'ADRA1A', 'SMPD1', 'ORM1', 'CALM1']",5.316200000000004,355.334,0.0,3.0,6.48,4.0,6,0,0,0,0,0,0.0,0.0,0,0,1,0.3464995658457598,0,0.121548295
DB00480,Lenalidomide,Lenalidomide,3,vLess-DILI-concern,1,1.925502464328565,0.2772135461111117,0.1294591980794733,467,C1CC(=O)NC(=O)C1N2CC3=C(C2=O)C=CC=C3N,"['CRBN', 'CDH5', 'PTGS2']","['CRBN', 'CDH5', 'PTGS2']",0.029799999999999494,259.265,2.0,4.0,92.5,1.0,3,1,0,0,0,1,0.3333333333333333,0.3333333333333333,1,0,0,1.925502464328565,1,0.9981887
DB00482,Celecoxib,Celecoxib,5,vLess-DILI-concern,1,1.924041418404765,0.2843974984912348,0.1166394837353465,708,CC1=CC=C(C=C1)C2=CC(=NN2C3=CC=C(C=C3)S(=O)(=O)N)C(F)(F)F,"['PTGS2', 'STAT3', 'NEU1', 'CA2', 'PDPK1']","['PTGS2', 'STAT3', 'NEU1', 'CA2', 'PDPK1']",3.5139200000000015,381.3790000000001,1.0,4.0,77.98,3.0,5,1,0,0,0,1,0.2,0.2,1,0,1,1.924041418404765,1,0.9089603
DB00491,Miglitol,Miglitol,3,vNo-DILI-concern,0,0.0578427534876657,0.0517557648342806,0.0467757287470387,276,C1C(C(C(C(N1CCO)CO)O)O)O,"['GAA', 'GANAB', 'GANC']","['GAA', 'GANAB', 'GANC']",-3.2620999999999976,207.226,5.0,6.0,104.39000000000001,3.0,3,0,0,0,0,0,0.0,0.0,0,0,0,0.0578427534876657,0,0.08116513
DB00515,Cisplatin,Cisplatin,3,vLess-DILI-concern,1,4.639880633260589,0.5420617565380372,0.246030140071263,326,N.N.Cl[Pt]Cl,"['A2M', 'TF', 'ATOX1']","['A2M', 'TF', 'ATOX1']",1.7004999999999997,300.04600000000005,2.0,2.0,70.0,0.0,3,1,0,0,0,1,0.3333333333333333,0.3333333333333333,1,0,0,4.639880633260589,1,0.95105904
DB00523,Alitretinoin,Tretinoin,6,vLess-DILI-concern,1,-0.2375909578048029,0.3121047962705331,0.3378956912411568,752,CC1=C(C(CCC1)(C)C)C=CC(=CC=CC(=CC(=O)O)C)C,"['RARA', 'RXRA', 'RARB', 'RXRB', 'RARG', 'IGFBP3']","['RARA', 'RXRA', 'RARB', 'RXRB', 'RARG', 'IGFBP3']",5.602600000000005,300.44200000000006,1.0,1.0,37.3,5.0,6,0,0,1,0,1,0.16666666666666666,0.0,1,0,1,-0.2375909578048029,1,0.9866563
DB00540,Nortriptyline,Nortriptyline hydrochloride,3,vMost-DILI-concern,1,-0.0105804120872942,0.0389356412542746,0.0398853104332529,247,CNCCC=C1C2=CC=CC=C2CCC3=CC=CC=C31.Cl,"['ADRA1A', 'ADRA1B', 'PGRMC1']","['ADRA1A', 'ADRA1B', 'PGRMC1']",4.248200000000004,299.84499999999997,1.0,1.0,12.03,3.0,3,0,0,0,0,0,0.0,0.0,0,0,1,-0.0105804120872942,0,0.98882
DB00545,Pyridostigmine,Pyridostigmine bromide,3,vLess-DILI-concern,1,0.7873385113908598,0.241766840100448,0.1498608456522677,518,C[N+]1=CC=CC(=C1)OC(=O)N(C)C.[Br-],"['F10', 'BCHE', 'ACHE']","['F10', 'BCHE', 'ACHE']",-2.4244999999999974,261.11899999999997,0.0,2.0,33.42,1.0,3,0,0,0,0,0,0.0,0.0,0,0,0,0.7873385113908598,0,0.05761479
DB00563,Methotrexate,Methotrexate sodium,4,vMost-DILI-concern,1,-0.0373933026584883,0.0706973667633139,0.0754658052658027,500,CN(CC1=CN=C2C(=N1)C(=NC(=N2)N)N)C3=CC=C(C=C3)C(=O)NC(CCC(=O)[O-])C(=O)[O-].[Na+].[Na+],"['TYMS', 'SLC19A1', 'ATIC', 'DHFR']","['TYMS', 'SLC19A1', 'ATIC', 'DHFR']",-8.393000000000011,498.4110000000003,3.0,12.0,216.2,9.0,4,0,0,0,0,0,0.0,0.0,0,0,0,-0.0373933026584883,0,0.006823635
DB00570,Vinblastine,Vinblastine sulfate,5,vLess-DILI-concern,1,0.1908604542089794,0.0503963955896369,0.0288256371273492,425,CCC1(CC2CC(C3=C(CCN(C2)C1)C4=CC=CC=C4N3)(C5=C(C=C6C(=C5)C78CCN9C7C(C=CC9)(C(C(C8N6C)(C(=O)OC)O)OC(=O)C)CC)OC)C(=O)OC)O.OS(=O)(=O)O,"['TUBB2A', 'TUBA1A', 'TUBB', 'TUBG1', 'JUN']","['TUBB2A', 'TUBA1A', 'TUBB', 'TUBG1', 'JUN']",3.3381000000000047,909.0680000000003,5.0,14.0,228.69999999999996,7.0,5,0,0,0,0,0,0.0,0.0,0,0,1,0.1908604542089794,0,0.7844512
DB00573,Fenoprofen,Benoxaprofen,3,vMost-DILI-concern,1,3.3439743765072203,0.4480604774815833,0.2406755531649334,180,CC(C1=CC2=C(C=C1)OC(=N2)C3=CC=C(C=C3)Cl)C(=O)O,"['PTGS2', 'PPARA', 'PPARG']","['PTGS2', 'PPARA', 'PPARG']",4.336300000000002,301.72900000000004,1.0,3.0,63.33,3.0,3,2,0,1,0,2,0.6666666666666666,0.6666666666666666,1,0,1,3.3439743765072203,1,0.99721587
DB00575,Clonidine,Ticlopidine hydrochloride,4,vMost-DILI-concern,1,-0.2311989053989453,0.0641195034140008,0.0879368672991961,444,C1CN(CC2=C1SC=C2)CC3=CC=CC=C3Cl.Cl,"['AOC3', 'ADRA2B', 'ADRA1A', 'ADRA1B']","['AOC3', 'ADRA2B', 'ADRA1A', 'ADRA1B']",4.381600000000003,300.25399999999996,0.0,2.0,3.24,2.0,4,0,0,0,0,0,0.0,0.0,0,0,1,-0.2311989053989453,0,0.9606493
DB00583,Levocarnitine,Levocarnitine,8,vNo-DILI-concern,0,0.2177866967796918,0.2783790215136005,0.2558586823692131,1312,C[N+](C)(C)CC(CC(=O)[O-])O,"['CPT1B', 'XDH', 'CES1', 'CPT1A', 'CRAT', 'SLC25A29', 'SLC25A20', 'CPT2']","['CPT1B', 'XDH', 'CES1', 'CPT1A', 'CRAT', 'SLC25A29', 'SLC25A20', 'CPT2']",-1.8064999999999976,161.201,1.0,3.0,60.36,4.0,8,0,0,0,0,0,0.0,0.0,0,0,0,0.2177866967796918,0,0.20456846
DB00594,Amiloride,Amiloride hydrochloride,4,vLess-DILI-concern,1,0.5455981697279269,0.1517385489530541,0.1136654076721649,689,C1(=C(N=C(C(=N1)Cl)N)N)C(=O)N=C(N)N.O.O.Cl,"['SCNN1A', 'AOC1', 'SLC9A1', 'PLAU']","['SCNN1A', 'AOC1', 'SLC9A1', 'PLAU']",-2.5196,302.122,4.0,5.0,222.29,1.0,4,0,0,0,0,0,0.0,0.0,0,0,0,0.5455981697279269,0,0.95433605
DB00605,Sulindac,Sulindac,5,vMost-DILI-concern,1,1.0792357146376266,0.3257253895842966,0.2460201712398242,530,CC1=C(C2=C(C1=CC3=CC=C(C=C3)S(=O)C)C=CC(=C2)F)CC(=O)O,"['PTGS2', 'AKR1B1', 'MAPK3', 'PPARD', 'AKR1B10']","['PTGS2', 'AKR1B1', 'MAPK3', 'PPARD', 'AKR1B10']",4.365500000000003,356.41800000000006,1.0,2.0,54.370000000000005,4.0,5,1,0,0,0,1,0.2,0.2,1,0,1,1.0792357146376266,1,0.92058206
DB00624,Testosterone,Methyltestosterone,3,vLess-DILI-concern,1,-0.2055457138428778,0.0618812836860937,0.0837462313322397,382,CC12CCC(=O)C=C1CCC3C2CCC4(C3CCC4(C)O)C,"['AR', 'ESR1', 'NR3C2']","['AR', 'ESR1', 'NR3C2']",4.269300000000004,302.45799999999997,1.0,2.0,37.3,0.0,3,0,0,0,0,0,0.0,0.0,0,0,1,-0.2055457138428778,0,0.9678631
DB00627,Niacin,Niacin,3,vMost-DILI-concern,1,1.2570422170208162,0.2362370190847678,0.1290974433653974,442,C1=CC(=CN=C1)C(=O)O,"['DGAT2', 'QPRT', 'NNMT']","['DGAT2', 'QPRT', 'NNMT']",0.7797999999999998,123.11099999999996,1.0,2.0,50.19,1.0,3,1,0,0,0,1,0.3333333333333333,0.3333333333333333,1,0,0,1.2570422170208162,1,0.9915861
DB00630,Alendronic acid,Zoledronic acid,3,vLess-DILI-concern,1,0.0260104367507558,0.0233133941217314,0.0213516967229778,335,C1=CN(C=N1)CC(O)(P(=O)(O)O)P(=O)(O)O,"['FDPS', 'PTPRS', 'ATP6V1A']","['FDPS', 'PTPRS', 'ATP6V1A']",-1.1154000000000002,272.09,5.0,5.0,153.10999999999999,4.0,3,0,0,0,0,0,0.0,0.0,0,0,0,0.0260104367507558,0,0.63142145
DB00641,Simvastatin,Simvastatin,3,vLess-DILI-concern,1,-0.081322247179862,0.0360992402362532,0.0432647848163283,220,CCC(C)(C)C(=O)OC1CC(C=C2C1C(C(C=C2)C)CCC3CC(CC(=O)O3)O)C,"['HMGCR', 'ITGAL', 'HDAC2']","['HMGCR', 'ITGAL', 'HDAC2']",4.585600000000006,418.5740000000003,1.0,5.0,72.83000000000001,6.0,3,0,0,0,0,0,0.0,0.0,0,0,1,-0.081322247179862,0,0.9557816
DB00648,Mitotane,Mitotane,3,vNo-DILI-concern,0,0.0353506242644736,0.0494762988334221,0.0464834184720428,364,C1=CC=C(C(=C1)C(C2=CC=C(C=C2)Cl)C(Cl)Cl)Cl,"['ESR1', 'AR', 'FDX1']","['ESR1', 'AR', 'FDX1']",5.929000000000001,320.04599999999994,0.0,0.0,0.0,3.0,3,0,0,0,0,0,0.0,0.0,0,0,1,0.0353506242644736,0,0.7156712
DB00651,Dyphylline,Dyphylline,4,vNo-DILI-concern,0,0.0094427248632626,0.0614775739929954,0.060201337958983,604,CN1C2=C(C(=O)N(C1=O)C)N(C=N2)CC(CO)O,"['PDE4B', 'NT5E', 'PDE4A', 'ADORA2A']","['PDE4B', 'NT5E', 'PDE4A', 'ADORA2A']",-2.2130999999999985,254.24599999999998,2.0,8.0,102.28,3.0,4,0,0,0,0,0,0.0,0.0,0,0,0,0.0094427248632626,0,0.3398553
DB00661,Verapamil,Verapamil hydrochloride,4,vLess-DILI-concern,1,1.748022730414196,0.2522517727051978,0.1019269300366184,470,CC(C)C(CCCN(C)CCC1=CC(=C(C=C1)OC)OC)(C#N)C2=CC(=C(C=C2)OC)OC.Cl,"['CACNA1H', 'ADRA1A', 'ADRA1B', 'ABCB1']","['CACNA1H', 'ADRA1A', 'ADRA1B', 'ABCB1']",5.514880000000007,491.0720000000003,0.0,6.0,63.95,13.0,4,1,0,0,1,1,0.25,0.25,1,1,1,1.748022730414196,1,0.9989623
DB00668,Epinephrine,Epinephrine,4,vNo-DILI-concern,0,0.0242045082210712,0.0499660371507879,0.0469128142156312,470,CNCC(C1=CC(=C(C=C1)O)O)O,"['ADRA1A', 'ADRA1B', 'ADRB2', 'ADRA2B']","['ADRA1A', 'ADRA1B', 'ADRB2', 'ADRA2B']",0.35059999999999986,183.207,4.0,4.0,72.72,3.0,4,0,0,0,0,0,0.0,0.0,0,0,0,0.0242045082210712,0,0.023750061
DB00675,Tamoxifen,Tamoxifen citrate,7,vMost-DILI-concern,1,3.852493145304476,0.4742084242571975,0.1850852867372652,534,CCC(=C(C1=CC=CC=C1)C2=CC=C(C=C2)OCCN(C)C)C3=CC=CC=C3.C(C(=O)O)C(CC(=O)O)(C(=O)O)O,"['ESR1', 'PRKCA', 'SHBG', 'EBP', 'AR', 'NR1I2', 'MAPK8']","['ESR1', 'PRKCA', 'SHBG', 'EBP', 'AR', 'NR1I2', 'MAPK8']",4.747600000000004,563.6470000000004,4.0,6.0,144.60000000000002,13.0,7,1,0,1,0,1,0.14285714285714285,0.14285714285714285,1,0,1,3.852493145304476,1,0.98409975
DB00687,Fludrocortisone,Fludrocortisone acetate,3,vNo-DILI-concern,0,-0.1539015617186342,0.057999179535374,0.0756198476020153,492,CC(=O)OCC(=O)C1(CCC2C1(CC(C3(C2CCC4=CC(=O)CCC43C)F)O)C)O,"['AR', 'NR3C2', 'NR3C1']","['AR', 'NR3C2', 'NR3C1']",2.444500000000001,422.49300000000017,2.0,6.0,100.9,3.0,3,0,0,0,0,0,0.0,0.0,0,0,0,-0.1539015617186342,0,0.2313112
DB00688,Mycophenolate mofetil,Mycophenolate mofetil,3,vLess-DILI-concern,1,-0.2151353523519628,0.0507142728919755,0.072562197922717,489,CC1=C2COC(=O)C2=C(C(=C1OC)CC=C(C)CCC(=O)OCCN3CCOCC3)O,"['IMPDH1', 'IMPDH2', 'PTS']","['IMPDH1', 'IMPDH2', 'PTS']",2.5240200000000006,433.5010000000003,1.0,8.0,94.53,9.0,3,0,0,0,0,0,0.0,0.0,0,0,0,-0.2151353523519628,0,0.52891946
DB00720,Clodronic acid,Zoledronic acid,3,vLess-DILI-concern,1,-0.128010351364709,0.0498777809260757,0.0659902461297449,428,C1=CN(C=N1)CC(O)(P(=O)(O)O)P(=O)(O)O,"['SLC25A4', 'SLC25A5', 'SLC25A6']","['SLC25A4', 'SLC25A5', 'SLC25A6']",-1.1154000000000002,272.09,5.0,5.0,153.10999999999999,4.0,3,0,0,0,0,0,0.0,0.0,0,0,0,-0.128010351364709,0,0.92555493
DB00721,Procaine,Procainamide hydrochloride,5,vLess-DILI-concern,1,-0.3432736071758276,0.0857642357356951,0.1128942684124561,560,CCN(CC)CCNC(=O)C1=CC=C(C=C1)N.Cl,"['KCNMA1', 'ASPG', 'MAOA', 'DNMT1', 'DNMT3A']","['KCNMA1', 'ASPG', 'MAOA', 'DNMT1', 'DNMT3A']",1.7622,271.792,2.0,3.0,58.36,6.0,5,0,0,0,0,0,0.0,0.0,0,0,0,-0.3432736071758276,0,0.31404164
DB00726,Trimipramine,Imipramine hydrochloride,3,vLess-DILI-concern,1,-0.002670790108699,0.0401407873989792,0.0405175684636718,244,CN(C)CCCN1C2=CC=CC=C2CCC3=CC=CC=C31.Cl,"['ADRA1A', 'ADRA1B', 'ADRA2B']","['ADRA1A', 'ADRA1B', 'ADRA2B']",4.296800000000005,316.87600000000003,0.0,2.0,6.48,4.0,3,0,0,0,0,0,0.0,0.0,0,0,1,-0.002670790108699,0,0.9327162
DB00734,Risperidone,Risperidone,3,vLess-DILI-concern,1,-0.002670790108699,0.0401407873989792,0.0405175684636718,244,CC1=C(C(=O)N2CCCCC2=N1)CCN3CCC(CC3)C4=NOC5=C4C=CC(=C5)F,"['ADRA1B', 'ADRA2B', 'ADRA1A']","['ADRA1B', 'ADRA2B', 'ADRA1A']",3.5904200000000026,410.49300000000017,0.0,6.0,64.16,4.0,3,0,0,0,0,0,0.0,0.0,0,0,1,-0.002670790108699,0,0.99751675
DB00755,Tretinoin,Tretinoin,9,vLess-DILI-concern,1,2.116634033129559,0.6337625889651657,0.4656812392644238,988,CC1=C(C(CCC1)(C)C)C=CC(=CC=CC(=CC(=O)O)C)C,"['RARA', 'RARB', 'RARG', 'RXRB', 'RXRA', 'ALDH1A1', 'ALDH1A2', 'RBP4', 'PDK4']","['RARA', 'RARB', 'RARG', 'RXRB', 'RXRA', 'ALDH1A1', 'ALDH1A2', 'RBP4', 'PDK4']",5.602600000000005,300.44200000000006,1.0,1.0,37.3,5.0,9,0,0,1,0,1,0.1111111111111111,0.0,1,0,1,2.116634033129559,1,0.9097128
DB00774,Hydroflumethiazide,Bendroflumethiazide,3,vLess-DILI-concern,1,0.0102552818293083,0.0261132385599323,0.0247248786020651,487,C1=CC=C(C=C1)CC2NC3=C(C=C(C(=C3)C(F)(F)F)S(=O)(=O)N)S(=O)(=O)N2,"['ATP1A1', 'KCNMA1', 'CA2']","['ATP1A1', 'KCNMA1', 'CA2']",1.6253999999999997,421.4220000000001,3.0,5.0,118.35999999999999,3.0,3,0,0,0,0,0,0.0,0.0,0,0,0,0.0102552818293083,0,0.8677002
DB00780,Phenelzine,Phenelzine sulfate,6,vLess-DILI-concern,1,0.383922013928977,0.3597906289005848,0.3207159610633672,659,C1=CC=C(C=C1)CCNN.OS(=O)(=O)O,"['MAOA', 'MAOB', 'AOC3', 'ABAT', 'GPT', 'GPT2']","['MAOA', 'MAOB', 'AOC3', 'ABAT', 'GPT', 'GPT2']",0.03960000000000019,234.277,4.0,4.0,112.64999999999999,3.0,6,1,0,0,0,1,0.16666666666666666,0.16666666666666666,1,0,0,0.383922013928977,1,0.64248985
DB00795,Sulfasalazine,Sulfasalazine,12,vMost-DILI-concern,1,1.6728145851338905,0.4921490443530398,0.3350657662503288,786,C1=CC=NC(=C1)NS(=O)(=O)C2=CC=C(C=C2)N=NC3=CC(=C(C=C3)O)C(=O)O,"['ABCG2', 'RELB', 'RELA', 'REL', 'ALOX5', 'PTGS2', 'ACAT1', 'IKBKB', 'NFKB1', 'NFKB2', 'CHUK', 'PPARG']","['ABCG2', 'RELB', 'RELA', 'REL', 'ALOX5', 'PTGS2', 'ACAT1', 'IKBKB', 'NFKB1', 'NFKB2', 'CHUK', 'PPARG']",3.701600000000002,398.40000000000015,3.0,7.0,141.31,6.0,12,1,0,0,0,1,0.08333333333333333,0.08333333333333333,1,0,1,1.6728145851338905,1,0.5244744
DB00822,Disulfiram,Disulfiram,3,vMost-DILI-concern,1,-0.1435794216112248,0.0731717419153931,0.093259989419704,386,CCN(CC)C(=S)SSC(=S)N(CC)CC,"['DBH', 'ALDH3A2', 'ALDH2']","['DBH', 'ALDH3A2', 'ALDH2']",3.6212000000000026,296.5520000000001,0.0,4.0,6.48,4.0,3,0,0,0,0,0,0.0,0.0,0,0,1,-0.1435794216112248,0,0.95792866
DB00831,Trifluoperazine,Trifluoperazine hydrochloride,7,vLess-DILI-concern,1,-0.0878522238225364,0.076884254333386,0.0865607509989185,570,CN1CCN(CC1)CCCN2C3=CC=CC=C3SC4=C2C=C(C=C4)C(F)(F)F.Cl.Cl,"['CALM1', 'CALM3', 'CALM2', 'ADRA1A', 'TNNC1', 'S100A4', 'CALM1']","['CALM1', 'CALM3', 'CALM2', 'ADRA1A', 'TNNC1', 'S100A4', 'CALM1']",5.7892000000000055,480.4270000000001,0.0,4.0,9.72,4.0,7,0,0,0,0,0,0.0,0.0,0,0,1,-0.0878522238225364,0,0.9913379
DB00841,Dobutamine,Dobutamine hydrochloride,3,vNo-DILI-concern,0,0.0629083816304169,0.0425041265874632,0.0356830126104114,484,CC(CCC1=CC=C(C=C1)O)NCCC2=CC(=C(C=C2)O)O.Cl,"['ADRA1A', 'ADRB2', 'ESR1']","['ADRA1A', 'ADRB2', 'ESR1']",3.3786000000000027,337.8469999999999,4.0,4.0,72.72,7.0,3,0,0,0,0,0,0.0,0.0,0,0,1,0.0629083816304169,0,0.2333754
DB00843,Donepezil,Donepezil hydrochloride,3,vLess-DILI-concern,1,1.0379192138462627,0.1947019869197696,0.1006671774757125,525,COC1=C(C=C2C(=C1)CC(C2=O)CC3CCN(CC3)CC4=CC=CC=C4)OC.Cl,"['ACHE', 'BCHE', 'NFKB2']","['ACHE', 'BCHE', 'NFKB2']",4.782900000000005,415.96100000000007,0.0,4.0,38.769999999999996,6.0,3,0,0,0,0,0,0.0,0.0,0,0,1,1.0379192138462627,0,0.9991013
DB00852,Pseudoephedrine,Pseudoephedrine hydrochloride,4,vNo-DILI-concern,0,0.1050043409647837,0.0606607260365534,0.0490323198137274,614,CC(C(C1=CC=CC=C1)O)NC.Cl,"['ADRA1A', 'ADRB2', 'NFKB1', 'ATF1']","['ADRA1A', 'ADRB2', 'NFKB1', 'ATF1']",1.7496999999999998,201.697,2.0,2.0,32.26,3.0,4,0,0,0,0,0,0.0,0.0,0,0,0,0.1050043409647837,0,0.0019350197
DB00909,Zonisamide,Zonisamide,6,vLess-DILI-concern,1,0.0689527764697472,0.1108666073772114,0.1041327209502189,691,C1=CC=C2C(=C1)C(=NO2)CS(=O)(=O)N,"['SCN9A', 'SCN1B', 'CACNA1H', 'CA2', 'MAOB', 'MAOA']","['SCN9A', 'SCN1B', 'CACNA1H', 'CA2', 'MAOB', 'MAOA']",0.6163,212.22999999999996,1.0,4.0,86.19,2.0,6,0,0,0,0,0,0.0,0.0,0,0,0,0.0689527764697472,0,0.8044894
DB00925,Phenoxybenzamine,Phenoxybenzamine hydrochloride,5,vNo-DILI-concern,0,0.0174526820048583,0.0582661084648212,0.0561546279896316,552,CC(COC1=CC=CC=C1)N(CCCl)CC2=CC=CC=C2.Cl,"['ADRA1A', 'ADRA2B', 'ADRB2', 'ADRA1B', 'CALM1']","['ADRA1A', 'ADRA2B', 'ADRB2', 'ADRA1B', 'CALM1']",4.616700000000005,340.2939999999999,0.0,2.0,12.47,8.0,5,0,0,0,0,0,0.0,0.0,0,0,1,0.0174526820048583,0,0.49560463
DB00935,Oxymetazoline,Oxymetholone,3,vMost-DILI-concern,1,-0.002670790108699,0.0401407873989792,0.0405175684636718,244,CC12CCC3C(C1CCC2(C)O)CCC4C3(CC(=CO)C(=O)C4)C,"['ADRA1A', 'ADRA2B', 'ADRA1B']","['ADRA1A', 'ADRA2B', 'ADRA1B']",4.401000000000003,332.48400000000004,2.0,3.0,57.53,0.0,3,0,0,0,0,0,0.0,0.0,0,0,1,-0.002670790108699,0,0.91278934
DB00936,Salicylic acid,Aminosalicylic acid ,3,vMOST-DILI-concern,1,3.346238163466628,0.3335026991455664,0.1465985430835945,366,C1=CC(=C(C=C1N)O)C(=O)O,"['CA2', 'PTGS2', 'AKR1C1']","['CA2', 'PTGS2', 'AKR1C1']",0.6726,153.137,3.0,3.0,83.55,1.0,3,1,0,0,0,1,0.3333333333333333,0.3333333333333333,1,0,0,3.346238163466628,1,0.9994295
DB00951,Isoniazid,Isoniazid,4,vMost-DILI-concern,1,1.1251618831964567,0.5338811973641606,0.3957358142820449,178,C1=CN=CC=C1C(=O)NN,"['CYP2C8', 'CYP1A2', 'CYP3A4', 'CYP2C19']","['CYP2C8', 'CYP1A2', 'CYP3A4', 'CYP2C19']",-0.3149000000000001,137.14199999999997,2.0,3.0,68.01,1.0,4,1,3,0,0,3,0.75,0.25,1,0,0,1.1251618831964567,1,0.3490519
DB00973,Ezetimibe,Ezetimibe,3,vLess-DILI-concern,1,-0.5249799071585319,0.1097485202914141,0.1561196551109951,486,C1=CC(=CC=C1C2C(C(=O)N2C3=CC=C(C=C3)F)CCC(C4=CC=C(C=C4)F)O)O,"['NPC1L1', 'SOAT1', 'ANPEP']","['NPC1L1', 'SOAT1', 'ANPEP']",4.8883000000000045,409.4320000000001,2.0,3.0,60.77000000000001,6.0,3,0,0,0,0,0,0.0,0.0,0,0,1,-0.5249799071585319,0,0.85534185
DB00995,Auranofin,Auranofin,3,vLess-DILI-concern,1,-0.410460815472457,0.0891534682348669,0.1269033386292754,407,CCP(CC)CC.CC(=O)OCC1C(C(C(C(O1)[S-])OC(=O)C)OC(=O)C)OC(=O)C.[Au+],"['ESRRA', 'PRDX5', 'IKBKB']","['ESRRA', 'PRDX5', 'IKBKB']",2.1419000000000006,678.4910000000003,0.0,10.0,114.43,8.0,3,0,0,0,0,0,0.0,0.0,0,0,0,-0.410460815472457,0,0.03981622
DB00997,Doxorubicin,Doxorubicin hydrochloride,3,vLess-DILI-concern,1,-0.0119396100827822,0.013991604885083,0.0152004333562886,462,CC1C(C(CC(O1)OC2CC(CC3=C2C(=C4C(=C3O)C(=O)C5=C(C4=O)C(=CC=C5)OC)O)(C(=O)CO)O)N)O.Cl,"['TOP1', 'TOP2B', 'NOLC1']","['TOP1', 'TOP2B', 'NOLC1']",0.4230999999999992,579.9860000000003,6.0,12.0,206.07,5.0,3,0,0,0,0,0,0.0,0.0,0,0,0,-0.0119396100827822,0,0.041685853
DB01016,Glyburide,Glyburide,5,vLess-DILI-concern,1,0.9214189286076708,0.2127897206627368,0.167544113270626,839,COC1=C(C=C(C=C1)Cl)C(=O)NCCC2=CC=C(C=C2)S(=O)(=O)NC(=O)NC3CCCCC3,"['ABCC9', 'ABCB11', 'ABCA1', 'CPT1A', 'TRPM4']","['ABCC9', 'ABCB11', 'ABCA1', 'CPT1A', 'TRPM4']",3.641700000000002,494.01300000000026,3.0,5.0,113.6,8.0,5,0,0,0,1,0,0.0,0.0,0,1,1,0.9214189286076708,0,0.992152
DB01017,Minocycline,Minocycline hydrochloride,6,vMost-DILI-concern,1,-1.9590203520896825,0.2349795417431852,0.365917401437468,362,CN(C)C1C2CC3CC4=C(C=CC(=C4C(=C3C(=O)C2(C(=C(C1=O)C(=O)N)O)O)O)O)N(C)C.Cl,"['ALOX5', 'MMP9', 'CASP1', 'CASP3', 'CYCS', 'MAPK1']","['ALOX5', 'MMP9', 'CASP1', 'CASP3', 'CYCS', 'MAPK1']",0.45180000000000037,493.94400000000013,5.0,9.0,164.63,3.0,6,0,0,0,0,0,0.0,0.0,0,0,0,-1.9590203520896825,0,0.62341744
DB01023,Felodipine,Felodipine,4,vLess-DILI-concern,1,-0.3225428300677677,0.0484330091507274,0.0807074209498524,512,CCOC(=O)C1=C(NC(=C(C1C2=C(C(=CC=C2)Cl)Cl)C(=O)OC)C)C,"['CACNA1H', 'NR3C2', 'TNNC1', 'CALM1']","['CACNA1H', 'NR3C2', 'TNNC1', 'CALM1']",3.9643000000000024,384.2590000000001,1.0,5.0,64.63,4.0,4,0,0,0,0,0,0.0,0.0,0,0,1,-0.3225428300677677,0,0.97245896
DB01026,Ketoconazole,Ketoconazole,5,vMost-DILI-concern,1,4.504295718388047,0.550783943821743,0.2806150055178357,562,CC(=O)N1CCN(CC1)C2=CC=C(C=C2)OCC3COC(O3)(CN4C=CN=C4)C5=C(C=C(C=C5)Cl)Cl,"['CYP17A1', 'AR', 'CYP21A2', 'NR1I2', 'NR1I3']","['CYP17A1', 'AR', 'CYP21A2', 'NR1I2', 'NR1I3']",4.2058000000000035,531.4400000000003,0.0,7.0,69.06,7.0,5,2,0,2,0,2,0.4,0.4,1,0,1,4.504295718388047,1,0.99866736
DB01033,Mercaptopurine,Mercaptopurine,4,vMost-DILI-concern,1,-0.0258548768371691,0.0618980577299564,0.0650478929768597,451,C1=NC2=C(N1)C(=S)N=CN2,"['HPRT1', 'IMPDH1', 'PPAT', 'IMPDH1']","['HPRT1', 'IMPDH1', 'PPAT', 'IMPDH1']",1.0154899999999998,152.18200000000002,2.0,3.0,57.36,0.0,4,0,0,0,0,0,0.0,0.0,0,0,0,-0.0258548768371691,0,0.92342055
DB01039,Fenofibrate,Fenofibrate,3,vLess-DILI-concern,1,5.485001816377896,0.4051190422959635,0.1773437631615264,211,CC(C)OC(=O)C(C)(C)OC1=CC=C(C=C1)C(=O)C2=CC=C(C=C2)Cl,"['PPARA', 'NR1I2', 'MMP25']","['PPARA', 'NR1I2', 'MMP25']",4.680000000000004,360.837,0.0,4.0,52.6,6.0,3,2,0,2,0,2,0.6666666666666666,0.6666666666666666,1,0,1,5.485001816377896,1,0.99240655
DB01050,Ibuprofen,Ibuprofen,6,vLess-DILI-concern,1,4.996766241496655,0.7112409327099165,0.4266898853751781,356,CC(C)CC1=CC=C(C=C1)C(C)C(=O)O,"['PTGS2', 'CXCL8', 'CXCR1', 'THBD', 'PPARG', 'PPARA']","['PTGS2', 'CXCL8', 'CXCR1', 'THBD', 'PPARG', 'PPARA']",3.073200000000001,206.28499999999997,1.0,1.0,37.3,4.0,6,2,0,1,0,2,0.3333333333333333,0.3333333333333333,1,0,1,4.996766241496655,1,0.944677
DB01073,Fludarabine,Fludarabine phosphate,4,vNo-DILI-concern,0,-0.2261571951630231,0.0741977582133533,0.0971545044931975,489,C1=NC2=C(N=C(N=C2N1C3C(C(C(O3)COP(=O)(O)O)O)O)F)N,"['ADA', 'DCK', 'POLA1', 'RRM1']","['ADA', 'DCK', 'POLA1', 'RRM1']",-1.7239,365.21400000000006,5.0,10.0,186.07,4.0,4,0,0,0,0,0,0.0,0.0,0,0,0,-0.2261571951630231,0,0.06859429
DB01074,Perhexiline,Perhexiline,3,vMost-DILI-concern,1,-0.0693073518049592,0.0511501452149821,0.0608268412007113,607,C1CCC(CC1)C(CC2CCCCN2)C3CCCCC3,"['CPT1A', 'CPT1B', 'CPT2']","['CPT1A', 'CPT1B', 'CPT2']",5.295400000000005,277.496,1.0,1.0,12.03,4.0,3,0,0,0,0,0,0.0,0.0,0,0,1,-0.0693073518049592,0,0.9557513
DB01076,Atorvastatin,Lovastatin,5,vLess-DILI-concern,1,4.412143468167087,0.4743317639775907,0.2562181123734055,607,CCC(C)C(=O)OC1CC(C=C2C1C(C(C=C2)C)CCC3CC(CC(=O)O3)O)C,"['HMGCR', 'DPP4', 'AHR', 'HDAC2', 'NR1I3']","['HMGCR', 'DPP4', 'AHR', 'HDAC2', 'NR1I3']",4.195500000000004,404.54700000000025,1.0,5.0,72.83000000000001,6.0,5,2,0,2,0,2,0.4,0.4,1,0,1,4.412143468167087,1,0.8735182
DB01077,Etidronic acid,Zoledronic acid,5,vLess-DILI-concern,1,-0.2661123121178083,0.0680515541569353,0.0918440616762411,594,C1=CN(C=N1)CC(O)(P(=O)(O)O)P(=O)(O)O,"['PTPRS', 'ATP6V1A', 'SLC25A4', 'SLC25A5', 'SLC25A6']","['PTPRS', 'ATP6V1A', 'SLC25A4', 'SLC25A5', 'SLC25A6']",-1.1154000000000002,272.09,5.0,5.0,153.10999999999999,4.0,5,0,0,0,0,0,0.0,0.0,0,0,0,-0.2661123121178083,0,0.9266744
DB01083,Orlistat,Orlistat,3,vMost-DILI-concern,1,-0.1926119586870187,0.0651238436367453,0.085322947506085,506,CCCCCCCCCCCC(CC1C(C(=O)O1)CCCCCC)OC(=O)C(CC(C)C)NC=O,"['PNLIP', 'LIPF', 'FASN']","['PNLIP', 'LIPF', 'FASN']",6.881900000000007,495.7450000000004,1.0,5.0,81.69999999999999,23.0,3,0,0,0,0,0,0.0,0.0,0,0,1,-0.1926119586870187,0,0.9121319
DB01097,Leflunomide,Leflunomide,3,vMost-DILI-concern,1,3.1617557729122137,0.2279502379866373,0.1031347335546496,451,CC1=C(C=NO1)C(=O)NC2=CC=C(C=C2)C(F)(F)F,"['DHODH', 'AHR', 'PTK2B']","['DHODH', 'AHR', 'PTK2B']",3.2541200000000012,270.21,1.0,3.0,55.13,2.0,3,1,0,1,0,1,0.3333333333333333,0.3333333333333333,1,0,1,3.1617557729122137,1,0.9931057
DB01109,Heparin,Heparin sodium,6,vLess-DILI-concern,1,0.4527882674734619,0.2466113961311704,0.204649403149646,1016,CC(=O)NC1C(C(C(OC1O)COS(=O)(=O)O)OC2C(C(C(C(O2)C(=O)O)OC3C(C(C(C(O3)CO)OC4C(C(C(C(O4)C(=O)O)O)O)OS(=O)(=O)O)OS(=O)(=O)O)NS(=O)(=O)O)O)OS(=O)(=O)O)O.[Na+],"['SERPINC1', 'F10', 'FGFR4', 'FGFR1', 'FGFR2', 'HGF']","['SERPINC1', 'F10', 'FGFR4', 'FGFR1', 'FGFR2', 'HGF']",-13.707899999999995,1157.9240000000011,15.0,30.0,610.4900000000001,21.0,6,0,0,0,0,0,0.0,0.0,0,0,0,0.4527882674734619,0,0.2645862
DB01110,Miconazole,Itraconazole,3,vMost-DILI-concern,1,3.645859830331296,0.2364888879289622,0.0768209525378709,261,CCC(C)N1C(=O)N(C=N1)C2=CC=C(C=C2)N3CCN(CC3)C4=CC=C(C=C4)OCC5COC(O5)(CN6C=NC=N6)C7=C(C=C(C=C7)Cl)Cl,"['NOS3', 'NR1I2', 'KCNMA1']","['NOS3', 'NR1I2', 'KCNMA1']",5.5773000000000055,705.6470000000003,0.0,12.0,104.70000000000002,11.0,3,1,0,1,0,1,0.3333333333333333,0.3333333333333333,1,0,1,3.645859830331296,1,0.9883492
DB01115,Nifedipine,Nifedipine,3,vLess-DILI-concern,1,3.16632157744817,0.2198180944902292,0.0527237825044372,239,CC1=C(C(C(=C(N1)C)C(=O)OC)C2=CC=CC=C2[N+](=O)[O-])C(=O)OC,"['NR1I2', 'KCND3', 'CALM1']","['NR1I2', 'KCND3', 'CALM1']",2.1756,346.3390000000001,1.0,7.0,107.77,4.0,3,1,0,1,0,1,0.3333333333333333,0.3333333333333333,1,0,0,3.16632157744817,1,0.8538298
DB01118,Amiodarone,Amiodarone hydrochloride,3,vMost-DILI-concern,1,0.926684687723624,0.2291727449394077,0.1406789454507868,369,CCCCC1=C(C2=CC=CC=C2O1)C(=O)C3=CC(=C(C(=C3)I)OCCN(CC)CC)I.Cl,"['THRA', 'PPARG', 'PPARA']","['THRA', 'PPARG', 'PPARA']",7.358000000000007,681.7800000000002,0.0,4.0,42.68,11.0,3,1,0,1,0,1,0.3333333333333333,0.3333333333333333,1,0,1,0.926684687723624,1,0.99905187
DB01126,Dutasteride,Dutasteride,3,vNo-DILI-concern,0,-0.2369210061436668,0.1474877067524135,0.1816880599519071,223,CC12CCC3C(C1CCC2C(=O)NC4=C(C=CC(=C4)C(F)(F)F)C(F)(F)F)CCC5C3(C=CC(=O)N5)C,"['SRD5A1', 'SRD5A3', 'SRD5A2']","['SRD5A1', 'SRD5A3', 'SRD5A2']",6.576100000000006,528.5370000000001,2.0,2.0,58.2,2.0,3,0,0,0,0,0,0.0,0.0,0,0,1,-0.2369210061436668,0,0.9989679
DB01136,Carvedilol,Carvedilol,11,vLess-DILI-concern,1,-0.3585739761728932,0.1579112321347777,0.1968546924526986,1252,COC1=CC=CC=C1OCCNCC(COC2=CC=CC3=C2C4=CC=CC=C4N3)O,"['ADRA1A', 'ADRA1A', 'NDUFC2', 'ADRB2', 'GJA1', 'VCAM1', 'ADRA1B', 'ADRA2B', 'SELE', 'HIF1A', 'KCNJ4']","['ADRA1A', 'ADRA1A', 'NDUFC2', 'ADRB2', 'GJA1', 'VCAM1', 'ADRA1B', 'ADRA2B', 'SELE', 'HIF1A', 'KCNJ4']",3.7380000000000018,406.482,3.0,5.0,75.74,10.0,11,0,0,0,0,0,0.0,0.0,0,0,1,-0.3585739761728932,0,0.9748481
DB01162,Terazosin,Terazosin hydrochloride,3,vNo-DILI-concern,0,-0.039230135681745,0.0564696297085755,0.0606983017975262,337,COC1=C(C=C2C(=C1)C(=NC(=N2)N3CCN(CC3)C(=O)C4CCCO4)N)OC.O.O.Cl,"['ADRA1A', 'ADRA1B', 'TGFB1']","['ADRA1A', 'ADRA1B', 'TGFB1']",-0.1707999999999999,459.9310000000002,1.0,8.0,166.04000000000002,4.0,3,0,0,0,0,0,0.0,0.0,0,0,0,-0.039230135681745,0,0.16301277
DB01183,Naloxone,Naloxone hydrochloride,4,vNo-DILI-concern,0,-0.0167251214759097,0.177614648200437,0.1788333552501411,280,C=CCN1CCC23C4C(=O)CCC2(C1CC5=C3C(=C(C=C5)O)O4)O.Cl,"['CREB1', 'ESR1', 'TLR4', 'CES1']","['CREB1', 'ESR1', 'TLR4', 'CES1']",1.7232000000000007,363.84099999999995,2.0,5.0,70.00000000000001,2.0,4,0,0,0,0,0,0.0,0.0,0,0,0,-0.0167251214759097,0,0.8935276
DB01197,Captopril,Captopril,3,vLess-DILI-concern,1,1.211586774675138,0.3377924273781587,0.2361077900478524,257,CC(CS)C(=O)N1CCCC1C(=O)O,"['MMP2', 'MMP9', 'LTA4H']","['MMP2', 'MMP9', 'LTA4H']",0.6279000000000001,217.28999999999996,2.0,3.0,57.61,3.0,3,1,0,0,0,1,0.3333333333333333,0.3333333333333333,1,0,0,1.211586774675138,1,0.99558806
DB01213,Fomepizole,Omeprazole,4,vLess-DILI-concern,1,0.7805029683477802,0.3510963629301133,0.2695187892298367,368,CC1=CN=C(C(=C1OC)C)CS(=O)C2=NC3=C(N2)C=C(C=C3)OC,"['ADH1A', 'ADH1B', 'ADH1C', 'CAT']","['ADH1A', 'ADH1B', 'ADH1C', 'CAT']",2.8997400000000013,345.42400000000004,1.0,5.0,77.10000000000001,5.0,4,1,0,0,0,1,0.25,0.25,1,0,0,0.7805029683477802,1,0.9883853
DB01216,Finasteride,Finasteride,4,vLess-DILI-concern,1,-0.3327025327708771,0.2101342919369129,0.2579328937647478,304,CC12CCC3C(C1CCC2C(=O)NC(C)(C)C)CCC4C3(C=CC(=O)N4)C,"['SRD5A2', 'SRD5A3', 'SRD5A1', 'AKR1D1']","['SRD5A2', 'SRD5A3', 'SRD5A1', 'AKR1D1']",3.8145000000000024,372.5530000000001,2.0,2.0,58.2,1.0,4,0,0,0,0,0,0.0,0.0,0,0,1,-0.3327025327708771,0,0.35560024
DB01225,Enoxaparin,Enoxaparin sodium,3,vLess-DILI-concern,1,0.4283613401692558,0.2800550362127195,0.2193548480919866,331,CC1C(C(OC(C1OC2CC(C(C(C2O)O)OC3C(C(C(C(O3)COS(=O)(=O)O)OC4C(C(C=C(O4)C(=O)[O-])O)O)O)NC(=O)C)C(=O)[O-])CO)OC5C(C(C(OC5C(=O)[O-])OC6C7COC(O7)C(C6O)NS(=O)(=O)[O-])O)O)NC(=O)C.[Na+].[Na+].[Na+].[Na+],"['SERPINC1', 'F10', 'F2']","['SERPINC1', 'F10', 'F2']",-26.500599999999952,1322.0140000000008,13.0,34.0,595.02,21.0,3,0,0,0,0,0,0.0,0.0,0,0,0,0.4283613401692558,0,0.23704068
DB01238,Aripiprazole,Aripiprazole,4,vLess-DILI-concern,1,0.0242045082210712,0.0499660371507879,0.0469128142156312,470,C1CC(=O)NC2=C1C=CC(=C2)OCCCCN3CCN(CC3)C4=C(C(=CC=C4)Cl)Cl,"['ADRA1A', 'ADRA1B', 'ADRA2B', 'ADRB2']","['ADRA1A', 'ADRA1B', 'ADRA2B', 'ADRB2']",4.859300000000005,448.3940000000001,1.0,4.0,44.81,7.0,4,0,0,0,0,0,0.0,0.0,0,0,1,0.0242045082210712,0,0.6291271
DB01241,Gemfibrozil,Gemfibrozil,3,vMost-DILI-concern,1,1.308609159800118,0.3414993465419854,0.2250039809072777,365,CC1=CC(=C(C=C1)C)OCCCC(C)(C)C(=O)O,"['PPARA', 'SLCO1B1', 'SLCO1B3']","['PPARA', 'SLCO1B1', 'SLCO1B3']",3.573240000000002,250.33799999999994,1.0,2.0,46.53,6.0,3,1,0,1,1,1,0.3333333333333333,0.3333333333333333,1,1,1,1.308609159800118,1,0.9981687
DB01254,Dasatinib,Dasatinib,19,vLess-DILI-concern,1,0.0815118762314264,0.241151461193722,0.2317614642855571,1859,CC1=C(C(=CC=C1)Cl)NC(=O)C2=CN=C(S2)NC3=CC(=NC(=N3)C)N4CCN(CC4)CCO,"['ABL1', 'SRC', 'EPHA2', 'LCK', 'YES1', 'PDGFRB', 'FYN', 'BCR', 'STAT5B', 'ABL2', 'CSK', 'EPHB4', 'FGR', 'FRK', 'HSPA8', 'LYN', 'MAP3K20', 'MAPK14', 'PPAT']","['ABL1', 'SRC', 'EPHA2', 'LCK', 'YES1', 'PDGFRB', 'FYN', 'BCR', 'STAT5B', 'ABL2', 'CSK', 'EPHB4', 'FGR', 'FRK', 'HSPA8', 'LYN', 'MAP3K20', 'MAPK14', 'PPAT']",3.313540000000002,488.01700000000034,3.0,9.0,106.50999999999999,7.0,19,0,0,0,0,0,0.0,0.0,0,0,1,0.0815118762314264,0,0.62096727
DB01259,Lapatinib,Capmatinib hydrochloride,3,vLess-DILI-concern,1,0.1227150414782665,0.0464086081670729,0.0315297229403417,256,CNC(=O)C1=C(C=C(C=C1)C2=NN3C(=CN=C3N=C2)CC4=CC5=C(C=C4)N=CC=C5)F.O.Cl.Cl,"['EGFR', 'EEF2K', 'ERBB2']","['EGFR', 'EEF2K', 'ERBB2']",3.4479000000000037,503.3650000000002,1.0,6.0,116.57000000000001,4.0,3,0,0,0,0,0,0.0,0.0,0,0,1,0.1227150414782665,0,0.9537527
DB01262,Decitabine,Gemcitabine hydrochloride,3,vMost-DILI-concern,1,-0.0282245299128658,0.0317582483093522,0.0352419508729232,215,C1=CN(C(=O)N=C1N)C2C(C(C(O2)CO)O)(F)F.Cl,"['DNMT1', 'DNMT3A', 'HDAC1']","['DNMT1', 'DNMT3A', 'HDAC1']",-0.8668000000000002,299.661,3.0,7.0,110.60000000000001,2.0,3,0,0,0,0,0,0.0,0.0,0,0,0,-0.0282245299128658,0,0.9263226
DB01267,Paliperidone,Paliperidone,3,vLess-DILI-concern,1,-0.002670790108699,0.0401407873989792,0.0405175684636718,244,CC1=C(C(=O)N2CCCC(C2=N1)O)CCN3CCC(CC3)C4=NOC5=C4C=CC(=C5)F,"['ADRA1A', 'ADRA1B', 'ADRA2B']","['ADRA1A', 'ADRA1B', 'ADRA2B']",3.0813200000000016,426.4920000000002,1.0,7.0,84.39,4.0,3,0,0,0,0,0,0.0,0.0,0,0,1,-0.002670790108699,0,0.9944495
DB01275,Hydralazine,Hydralazine hydrochloride,3,vLess-DILI-concern,1,-0.3042304366596409,0.0614813246071698,0.0791922754095371,453,C1=CC=C2C(=C1)C=NN=C2NN.Cl,"['AOC3', 'HIF1A', 'P4HA1']","['AOC3', 'HIF1A', 'P4HA1']",1.3371999999999995,196.64100000000002,2.0,4.0,63.83,1.0,3,0,0,0,0,0,0.0,0.0,0,0,0,-0.3042304366596409,0,0.96459955
DB01278,Pramlintide,Pramlintide acetate,3,vNo-DILI-concern,0,-0.0041688027616082,0.0214068632609637,0.0219566947593822,384,CCC(C)C(C(=O)NC(CC(C)C)C(=O)N1CCCC1C(=O)N2CCCC2C(=O)NC(C(C)O)C(=O)NC(CC(=O)N)C(=O)NC(C(C)C)C(=O)NCC(=O)NC(CO)C(=O)NC(CC(=O)N)C(=O)NC(C(C)O)C(=O)NC(CC3=CC=C(C=C3)O)C(=O)N)NC(=O)C4CCCN4C(=O)CNC(=O)C(CC5=CC=CC=C5)NC(=O)C(CC(=O)N)NC(=O)C(CC(=O)N)NC(=O)C(CO)NC(=O)C(CO)NC(=O)C(CC6=CNC=N6)NC(=O)C(C(C)C)NC(=O)C(CC(C)C)NC(=O)C(CC7=CC=CC=C7)NC(=O)C(CC(=O)N)NC(=O)C(C)NC(=O)C(CC(C)C)NC(=O)C(CCCNC(=N)N)NC(=O)C(CCC(=O)N)NC(=O)C(C(C)O)NC(=O)C(C)NC(=O)C8CSSCC(C(=O)NC(C(=O)NC(C(=O)NC(C(=O)NC(C(=O)N8)C(C)O)C)C(C)O)CC(=O)N)NC(=O)C(CCCCN)N.CC(=O)O,"['RAMP1', 'RAMP2', 'RAMP3']","['RAMP1', 'RAMP2', 'RAMP3']",-23.73423000000041,4009.5069999999855,57.0,60.0,1727.9399999999987,109.0,3,0,0,0,0,0,0.0,0.0,0,0,0,-0.0041688027616082,0,0.19016346
DB01280,Nelarabine,Nelarabine,4,vLess-DILI-concern,1,0.0265103991249973,0.0550720835908156,0.0521666177589556,484,COC1=NC(=NC2=C1N=CN2C3C(C(C(O3)CO)O)O)N,"['POLA1', 'LIG1', 'PRIM1', 'RRM1']","['POLA1', 'LIG1', 'PRIM1', 'RRM1']",-1.9713999999999987,297.2710000000001,4.0,10.0,148.77,3.0,4,0,0,0,0,0,0.0,0.0,0,0,0,0.0265103991249973,0,0.1646323
DB01373,Calcium,Calcium acetate,12,vNo-DILI-concern,0,0.5991449064974206,0.3243788194926008,0.2772183694068044,1808,CC(=O)[O-].CC(=O)[O-].[Ca+2],"['TNNC1', 'SPTBN1', 'CAST', 'AOC1', 'S100A13', 'S100A8', 'S100A9', 'CP', 'BMP4', 'MGP', 'PDCD6', 'CALM1']","['TNNC1', 'SPTBN1', 'CAST', 'AOC1', 'S100A13', 'S100A8', 'S100A9', 'CP', 'BMP4', 'MGP', 'PDCD6', 'CALM1']",-2.8683999999999985,158.166,0.0,4.0,80.25999999999999,0.0,12,0,0,0,0,0,0.0,0.0,0,0,0,0.5991449064974206,0,0.6349635
DB01380,Cortisone acetate,Cortisone acetate,3,vNo-DILI-concern,0,-0.3949442494698393,0.0774937477280359,0.1105712515228478,531,CC(=O)OCC(=O)C1(CCC2C1(CC(=O)C3C2CCC4=CC(=O)CCC34C)C)O,"['NR3C1', 'ESRRA', 'ANXA1']","['NR3C1', 'ESRRA', 'ANXA1']",2.5606000000000004,402.48700000000025,1.0,6.0,97.74000000000001,3.0,3,0,0,0,0,0,0.0,0.0,0,0,0,-0.3949442494698393,0,0.90440875
DB01396,Digitoxin,Digoxin,4,vNo-DILI-concern,0,0.0019981265450498,0.0288441453267431,0.0285623850995487,264,CC1C(C(CC(O1)OC2C(OC(CC2O)OC3C(OC(CC3O)OC4CCC5(C(C4)CCC6C5CC(C7(C6(CCC7C8=CC(=O)OC8)O)C)O)C)C)C)O)O,"['ATP1B2', 'ATP1B3', 'ATP1A1', 'ATP1B1']","['ATP1B2', 'ATP1B3', 'ATP1A1', 'ATP1B1']",2.2181000000000024,780.9490000000003,6.0,14.0,203.06,7.0,4,0,0,0,0,0,0.0,0.0,0,0,0,0.0019981265450498,0,0.09680873
DB01406,Danazol,Danazol,3,vMost-DILI-concern,1,1.1785952866975673,0.2621738211874455,0.1623773847058854,296,CC12CCC3C(C1CCC2(C#C)O)CCC4=CC5=C(CC34C)C=NO5,"['ESR1', 'AR', 'CCL2']","['ESR1', 'AR', 'CCL2']",4.221000000000004,337.4630000000001,1.0,3.0,46.260000000000005,0.0,3,1,0,0,0,1,0.3333333333333333,0.3333333333333333,1,0,1,1.1785952866975673,1,0.9933195
DB01429,Aprindine,Arginine hydrochloride,4,vNo-DILI-concern,0,-0.0068609643419131,0.0339771643328508,0.0349384985276353,152,C(CC(C(=O)O)N)CN=C(N)N.Cl,"['CALM2', 'CALM1', 'CALM3', 'CALM1']","['CALM2', 'CALM1', 'CALM3', 'CALM1']",-1.1262999999999996,210.665,4.0,3.0,127.71999999999998,5.0,4,0,0,0,0,0,0.0,0.0,0,0,0,-0.0068609643419131,0,0.053489864
DB01472,4-Methoxyamphetamine,Methamphetamine hydrochloride,3,vNo-DILI-concern,0,0.0407229279134931,0.0895055440538364,0.0858987460782253,350,CC(CC1=CC=CC=C1)NC.Cl,"['ADRA1A', 'MAOA', 'MAOB']","['ADRA1A', 'MAOA', 'MAOB']",2.2588000000000004,185.69799999999998,1.0,1.0,12.03,3.0,3,0,0,0,0,0,0.0,0.0,0,0,0,0.0407229279134931,0,0.0069380202
DB01577,Metamfetamine,Methamphetamine hydrochloride,4,vNo-DILI-concern,0,-0.1265981667787962,0.1032161833711832,0.1143308969530867,353,CC(CC1=CC=CC=C1)NC.Cl,"['ADRA1B', 'ADRA2B', 'MAOA', 'MAOB']","['ADRA1B', 'ADRA2B', 'MAOA', 'MAOB']",2.2588000000000004,185.69799999999998,1.0,1.0,12.03,3.0,4,0,0,0,0,0,0.0,0.0,0,0,0,-0.1265981667787962,0,0.50560397
DB01586,Ursodeoxycholic acid,Deoxycholic acid,3,vNo-DILI-concern,0,2.8308392317884685,0.3705551596614105,0.2319733092330972,318,CC(CCC(=O)O)C1CCC2C1(C(CC3C2CCC4C3(CCC(C4)O)C)O)C,"['AKR1C2', 'BLVRA', 'NR1H4']","['AKR1C2', 'BLVRA', 'NR1H4']",4.477900000000006,392.58000000000015,3.0,3.0,77.76,4.0,3,1,0,0,0,1,0.3333333333333333,0.3333333333333333,1,0,1,2.8308392317884685,1,0.25099772
DB01708,Prasterone,Progesterone,7,vLess-DILI-concern,1,7.342381526134787,0.7066959679297662,0.278434132446711,690,CC(=O)C1CCC2C1(CCC3C2CCC4=CC(=O)CCC34C)C,"['G6PD', 'ESR1', 'AR', 'PPARA', 'SIGMAR1', 'NR1I2', 'NR1I3']","['G6PD', 'ESR1', 'AR', 'PPARA', 'SIGMAR1', 'NR1I2', 'NR1I3']",4.723500000000005,314.4690000000001,0.0,2.0,34.14,1.0,7,3,0,3,0,3,0.42857142857142855,0.42857142857142855,1,0,1,7.342381526134787,1,0.72194314
DB01812,"Adenosine 3',5'-diphosphate",Adenosine,3,vNo-DILI-concern,0,0.0107563964697618,0.1539079215499771,0.1528781649830577,379,C1=NC(=C2C(=N1)N(C=N2)C3C(C(C(O3)CO)O)O)N,"['RNASE1', 'SULT2A1', 'SULT1E1']","['RNASE1', 'SULT2A1', 'SULT1E1']",-1.979999999999999,267.245,4.0,9.0,139.54000000000002,2.0,3,0,0,0,0,0,0.0,0.0,0,0,0,0.0107563964697618,0,0.5216756
DB01942,Formic acid,Folic acid,9,vNo-DILI-concern,0,1.9199183038445131,0.3139620121178693,0.1701865671087059,1182,C1=CC(=CC=C1C(=O)NC(CCC(=O)O)C(=O)O)NCC2=CN=C3C(=N2)C(=O)NC(=N3)N,"['ALAD', 'CA2', 'HMOX1', 'RNASE1', 'CTBP1', 'CASK', 'ACYP2', 'GPHN', 'CYTH2']","['ALAD', 'CA2', 'HMOX1', 'RNASE1', 'CTBP1', 'CASK', 'ACYP2', 'GPHN', 'CYTH2']",-0.044799999999998674,441.40400000000017,6.0,9.0,213.28,9.0,9,1,0,0,0,1,0.1111111111111111,0.1111111111111111,1,0,0,1.9199183038445131,1,0.28630936
DB02266,Flufenamic acid,Mefenamic acid,5,vMost-DILI-concern,1,3.4927574480260537,0.5293303748141275,0.2963846551113775,318,CC1=C(C(=CC=C1)NC2=CC=CC=C2C(=O)O)C,"['AR', 'PTGS2', 'AKR1C3', 'PPARA', 'PPARG']","['AR', 'PTGS2', 'AKR1C3', 'PPARA', 'PPARG']",3.7452400000000017,241.29,2.0,2.0,49.33,3.0,5,2,0,1,0,2,0.4,0.4,1,0,1,3.4927574480260537,1,0.7889458
DB02383,Tolrestat,Tolrestat,4,vMost-DILI-concern,1,-0.1178273795838717,0.0742303111510728,0.088788209965954,658,CN(CC(=O)O)C(=S)C1=CC=CC2=C1C=CC(=C2C(F)(F)F)OC,"['SIGMAR1', 'AKR1B1', 'AKR1A1', 'AKR1B10']","['SIGMAR1', 'AKR1B1', 'AKR1A1', 'AKR1B10']",3.5591000000000017,357.35300000000007,1.0,3.0,49.77000000000001,4.0,4,0,0,0,0,0,0.0,0.0,0,0,1,-0.1178273795838717,0,0.98671234
DB02546,Vorinostat,Vorinostat,6,vNo-DILI-concern,0,0.0542190775213173,0.0529831436663484,0.0457060466216027,461,C1=CC=C(C=C1)NC(=O)CCCCCCC(=O)NO,"['HDAC1', 'HDAC2', 'HDAC3', 'HDAC6', 'HDAC8', 'HDAC1']","['HDAC1', 'HDAC2', 'HDAC3', 'HDAC6', 'HDAC8', 'HDAC1']",2.4710999999999994,264.3249999999999,3.0,3.0,78.43,8.0,6,0,0,0,0,0,0.0,0.0,0,0,0,0.0542190775213173,0,0.017162297
DB02659,Cholic Acid,Folic acid,17,vNo-DILI-concern,0,-1.2266445854326016,0.4191507198833699,0.5589746795848047,1067,C1=CC(=CC=C1C(=O)NC(CCC(=O)O)C(=O)O)NCC2=CN=C3C(=N2)C(=O)NC(=N3)N,"['FECH', 'CES1', 'ADH1C', 'COX4I1', 'MT-CO1', 'MT-CO2', 'MT-CO3', 'COX5A', 'COX5B', 'COX6C', 'COX7B', 'COX7C', 'COX8A', 'COX6A2', 'COX6B1', 'COX7A1', 'NR1H4']","['FECH', 'CES1', 'ADH1C', 'COX4I1', 'MT-CO1', 'MT-CO2', 'MT-CO3', 'COX5A', 'COX5B', 'COX6C', 'COX7B', 'COX7C', 'COX8A', 'COX6A2', 'COX6B1', 'COX7A1', 'NR1H4']",-0.044799999999998674,441.40400000000017,6.0,9.0,213.28,9.0,17,1,0,0,0,1,0.058823529411764705,0.058823529411764705,1,0,0,-1.2266445854326016,1,0.024547955
DB03366,Imidazole,Tinidazole,5,vLess-DILI-concern,1,0.7489778154404158,0.1411733298641893,0.0875046782741898,636,CCS(=O)(=O)CCN1C(=NC=C1[N+](=O)[O-])C,"['AK2', 'PIM1', 'LTA4H', 'GPHN', 'CYCS']","['AK2', 'PIM1', 'LTA4H', 'GPHN', 'CYCS']",0.5344199999999997,247.27599999999998,0.0,6.0,95.1,5.0,5,0,0,0,0,0,0.0,0.0,0,0,0,0.7489778154404158,0,0.9658469
DB03435,Uridine-5'-Diphosphate,Uridine triacetate,8,vNo-DILI-concern,0,-0.0526828225477335,0.0754627041217941,0.080597741588173,781,CC(=O)OCC1C(C(C(O1)N2C=CC(=O)NC2=O)OC(=O)C)OC(=O)C,"['GALT', 'B3GAT1', 'CMPK1', 'GALE', 'B3GAT3', 'GALE', 'GYG1', 'GPR17']","['GALT', 'B3GAT1', 'CMPK1', 'GALE', 'B3GAT3', 'GALE', 'GYG1', 'GPR17']",-1.1394999999999986,370.3140000000002,1.0,10.0,142.99,5.0,8,0,0,0,0,0,0.0,0.0,0,0,0,-0.0526828225477335,0,0.0068989387
DB03600,Capric acid,Valproic acid,3,vMost-DILI-concern,1,-0.0456305233285847,0.0580105323548704,0.0613596134014386,303,CCCC(CCC)C(=O)O,"['FURIN', 'GLTP', 'PPARG']","['FURIN', 'GLTP', 'PPARG']",2.2874,144.214,1.0,1.0,37.3,5.0,3,0,0,0,0,0,0.0,0.0,0,0,0,-0.0456305233285847,0,0.3169524
DB03619,Deoxycholic acid,Deoxycholic acid,5,vNo-DILI-concern,0,6.221586620808898,0.5642404195017421,0.2815481052986136,493,CC(CCC(=O)O)C1CCC2C1(C(CC3C2CCC4C3(CCC(C4)O)C)O)C,"['PCNA', 'EFL1', 'NR1H4', 'GSTP1', 'GSTA1']","['PCNA', 'EFL1', 'NR1H4', 'GSTP1', 'GSTA1']",4.477900000000006,392.58000000000015,3.0,3.0,77.76,4.0,5,2,0,0,0,2,0.4,0.4,1,0,1,6.221586620808898,1,0.25605622
DB04005,Uridine 5'-triphosphate,Uridine triacetate,3,vNo-DILI-concern,0,-0.0454076798599282,0.0304590416118849,0.0340705988790605,471,CC(=O)OCC1C(C(C(O1)N2C=CC(=O)NC2=O)OC(=O)C)OC(=O)C,"['P2RY2', 'P2RY11', 'UCK2']","['P2RY2', 'P2RY11', 'UCK2']",-1.1394999999999986,370.3140000000002,1.0,10.0,142.99,5.0,3,0,0,0,0,0,0.0,0.0,0,0,0,-0.0454076798599282,0,0.0651581
DB04224,Oleic Acid,Folic acid,6,vNo-DILI-concern,0,0.4776076430707365,0.3913829156488327,0.3358070448849024,445,C1=CC(=CC=C1C(=O)NC(CCC(=O)O)C(=O)O)NCC2=CN=C3C(=N2)C(=O)NC(=N3)N,"['FABP4', 'FABP1', 'PPARA', 'PPARD', 'RXRA', 'PPARG']","['FABP4', 'FABP1', 'PPARA', 'PPARD', 'RXRA', 'PPARG']",-0.044799999999998674,441.40400000000017,6.0,9.0,213.28,9.0,6,1,0,2,0,2,0.3333333333333333,0.16666666666666666,1,0,0,0.4776076430707365,1,0.14900985
DB04465,Lactose,Lactulose,3,vNo-DILI-concern,0,1.6693250477055408,0.2088437688815539,0.1112738663672703,430,C(C1C(C(C(C(O1)OC2C(OC(C2O)(CO)O)CO)O)O)O)O,"['LGALS3', 'GLB1', 'GLTP']","['LGALS3', 'GLB1', 'GLTP']",-5.395599999999993,342.297,8.0,11.0,189.52999999999997,5.0,3,1,0,0,0,1,0.3333333333333333,0.3333333333333333,1,0,0,1.6693250477055408,1,0.5216407
DB04468,Afimoxifene,Tamoxifen citrate,4,vMost-DILI-concern,1,4.765865253506153,0.4442921263482613,0.1924115079270953,279,CCC(=C(C1=CC=CC=C1)C2=CC=C(C=C2)OCCN(C)C)C3=CC=CC=C3.C(C(=O)O)C(CC(=O)O)(C(=O)O)O,"['ESR1', 'ESRRA', 'NR1I2', 'SHBG']","['ESR1', 'ESRRA', 'NR1I2', 'SHBG']",4.747600000000004,563.6470000000004,4.0,6.0,144.60000000000002,13.0,4,1,0,1,0,1,0.25,0.25,1,0,1,4.765865253506153,1,0.94616383
DB04652,Corticosterone,Corticotropin,4,vNo-DILI-concern,0,0.0646534690156682,0.177299535498264,0.1706694415292582,611,CC(C)CC(C(=O)NC(CCC(=O)O)C(=O)NC(CC1=CC=CC=C1)C(=O)O)NC(=O)C2CCCN2C(=O)C(CC3=CC=CC=C3)NC(=O)C(C)NC(=O)C(CCC(=O)O)NC(=O)C(C)NC(=O)C(CO)NC(=O)C(CCC(=O)O)NC(=O)C(CC(=O)O)NC(=O)C(CCC(=O)O)NC(=O)C(C)NC(=O)CNC(=O)C(CC(=O)N)NC(=O)C4CCCN4C(=O)C(CC5=CC=C(C=C5)O)NC(=O)C(C(C)C)NC(=O)C(CCCCN)NC(=O)C(C(C)C)NC(=O)C6CCCN6C(=O)C(CCCNC(=N)N)NC(=O)C(CCCNC(=N)N)NC(=O)C(CCCCN)NC(=O)C(CCCCN)NC(=O)CNC(=O)C(C(C)C)NC(=O)C7CCCN7C(=O)C(CCCCN)NC(=O)CNC(=O)C(CC8=CNC9=CC=CC=C98)NC(=O)C(CCCNC(=N)N)NC(=O)C(CC1=CC=CC=C1)NC(=O)C(CC1=CN=CN1)NC(=O)C(CCC(=O)O)NC(=O)C(CCSC)NC(=O)C(CO)NC(=O)C(CC1=CC=C(C=C1)O)NC(=O)C(CO)N,"['HSD11B1', 'NR3C1', 'NCOA1', 'NR3C2']","['HSD11B1', 'NR3C1', 'NCOA1', 'NR3C2']",-15.1620900000003,4541.14199999999,63.0,61.0,1836.2499999999986,145.0,4,0,0,0,0,0,0.0,0.0,0,0,0,0.0646534690156682,0,0.3364196
DB04820,Nialamide,Nialamide,3,vMost-DILI-concern,1,-0.5824222955480198,0.1146196018084103,0.1973469899685497,355,C1=CC=C(C=C1)CNC(=O)CCNNC(=O)C2=CC=NC=C2,"['MAOB', 'MAOA', 'COMT']","['MAOB', 'MAOA', 'COMT']",1.0224999999999995,298.346,3.0,4.0,83.12,7.0,3,0,0,0,0,0,0.0,0.0,0,0,0,-0.5824222955480198,0,0.9957526
DB04855,Dronedarone,Dronedarone hydrochloride,5,vMost-DILI-concern,1,-0.3194457580678452,0.0676736556615575,0.0989603832077148,602,CCCCC1=C(C2=C(O1)C=CC(=C2)NS(=O)(=O)C)C(=O)C3=CC=C(C=C3)OCCCN(CCCC)CCCC.Cl,"['ADRA1A', 'ADRA1B', 'ADRA2B', 'KCND3', 'THRA']","['ADRA1A', 'ADRA1B', 'ADRA2B', 'KCND3', 'THRA']",7.4708000000000085,593.2300000000004,1.0,6.0,88.85,18.0,5,0,0,0,0,0,0.0,0.0,0,0,1,-0.3194457580678452,0,0.89794743
DB04892,Phenserine,Phenelzine sulfate,3,vLess-DILI-concern,1,0.6953461284973982,0.2340357360841755,0.1485506346123936,352,C1=CC=C(C=C1)CCNN.OS(=O)(=O)O,"['ACHE', 'BCHE', 'APP']","['ACHE', 'BCHE', 'APP']",0.03960000000000019,234.277,4.0,4.0,112.64999999999999,3.0,3,0,0,0,0,0,0.0,0.0,0,0,0,0.6953461284973982,0,0.54089975
DB04899,Nesiritide,Nesiritide,3,vNo-DILI-concern,0,-0.0303670608164453,0.0418287398531023,0.0452185176115755,444,CCC(C)C1C(=O)NC(C(=O)NC(C(=O)NC(C(=O)NC(C(=O)NCC(=O)NC(C(=O)NCC(=O)NC(CSSCC(C(=O)NC(C(=O)NCC(=O)NC(C(=O)NC(C(=O)NC(C(=O)NC(C(=O)NC(C(=O)N1)CCCNC(=N)N)CC(=O)O)CCSC)CCCCN)CCCNC(=N)N)CC2=CC=CC=C2)NC(=O)CNC(=O)C(CO)NC(=O)CNC(=O)C(CCC(=O)N)NC(=O)C(C(C)C)NC(=O)C(CCSC)NC(=O)C(CCCCN)NC(=O)C3CCCN3C(=O)C(CO)N)C(=O)NC(CCCCN)C(=O)NC(C(C)C)C(=O)NC(CC(C)C)C(=O)NC(CCCNC(=N)N)C(=O)NC(CCCNC(=N)N)C(=O)NC(CC4=CNC=N4)C(=O)O)CC(C)C)CO)CO)CO)CO,"['NPR1', 'NPR2', 'NPR3']","['NPR1', 'NPR2', 'NPR3']",-20.215620000000182,3464.1009999999937,56.0,53.0,1512.7399999999993,87.0,3,0,0,0,0,0,0.0,0.0,0,0,0,-0.0303670608164453,0,0.06623416
DB04946,Iloperidone,Risperidone,3,vLess-DILI-concern,1,0.0128925092738145,0.0367509631099716,0.0351940811743788,471,CC1=C(C(=O)N2CCCCC2=N1)CCN3CCC(CC3)C4=NOC5=C4C=CC(=C5)F,"['ADRA1A', 'ADRA2B', 'ADRB2']","['ADRA1A', 'ADRA2B', 'ADRB2']",3.5904200000000026,410.49300000000017,0.0,6.0,64.16,4.0,3,0,0,0,0,0,0.0,0.0,0,0,1,0.0128925092738145,0,0.9462253
DB05424,Canertinib,Ceritinib,3,vMost-DILI-concern,1,0.0012953307391921,0.0553846824765048,0.0552178840613806,72,CC1=CC(=C(C=C1C2CCNCC2)OC(C)C)NC3=NC=C(C(=N3)NC4=CC=CC=C4S(=O)(=O)C(C)C)Cl,"['ERBB2', 'AKT1', 'EGFR']","['ERBB2', 'AKT1', 'EGFR']",6.361920000000006,558.1480000000001,3.0,8.0,105.23999999999998,9.0,3,0,0,0,0,0,0.0,0.0,0,0,1,0.0012953307391921,0,0.9598298
DB05667,Levoketoconazole,Ketoconazole,3,vMost-DILI-concern,1,-0.1717987318554057,0.1030298558317398,0.1271955553586503,481,CC(=O)N1CCN(CC1)C2=CC=C(C=C2)OCC3COC(O3)(CN4C=CN=C4)C5=C(C=C(C=C5)Cl)Cl,"['CYP17A1', 'CYP11A1', 'CYP51A1']","['CYP17A1', 'CYP11A1', 'CYP51A1']",4.2058000000000035,531.4400000000003,0.0,7.0,69.06,7.0,3,0,0,0,0,0,0.0,0.0,0,0,1,-0.1717987318554057,0,0.97552425
DB06151,Acetylcysteine,Acetylcysteine,4,vNo-DILI-concern,0,-1.116526505782144,0.1836005675598949,0.2645902367459503,193,CC(=O)NC(CS)C(=O)O,"['GSS', 'ACY1', 'IKBKB', 'CHUK']","['GSS', 'ACY1', 'IKBKB', 'CHUK']",-0.4945,163.198,3.0,3.0,66.4,3.0,4,0,0,0,0,0,0.0,0.0,0,0,0,-1.116526505782144,0,0.39653525
DB06176,Romidepsin,Romidepsin,6,vNo-DILI-concern,0,0.0169238920830793,0.0496122374772686,0.0476343855272436,332,CC=C1C(=O)NC(C(=O)OC2CC(=O)NC(C(=O)NC(CSSCCC=C2)C(=O)N1)C(C)C)C(C)C,"['HDAC1', 'HDAC2', 'HDAC4', 'HDAC6', 'ABCC1', 'HDAC1']","['HDAC1', 'HDAC2', 'HDAC4', 'HDAC6', 'ABCC1', 'HDAC1']",1.4296000000000006,540.7080000000002,4.0,8.0,142.7,2.0,6,0,0,0,0,0,0.0,0.0,0,0,0,0.0169238920830793,0,0.9965006
DB06255,Incadronic acid,Aminocaproic acid,4,vNo-DILI-concern,0,0.4158095390237908,0.1225656766975351,0.0909045970928445,430,C(CCC(=O)O)CCN,"['FDPS', 'CASP3', 'CASP4', 'CASP7']","['FDPS', 'CASP3', 'CASP4', 'CASP7']",0.5901000000000001,131.17499999999998,2.0,2.0,63.31999999999999,5.0,4,0,0,0,0,0,0.0,0.0,0,0,0,0.4158095390237908,0,0.9654937
DB06262,Droxidopa,Droxidopa,5,vNo-DILI-concern,0,-0.0543800162217583,0.0681269313356162,0.0737188971866739,677,C1=CC(=C(C=C1C(C(C(=O)O)N)O)O)O,"['ADRA1A', 'ADRA1B', 'ADRA2B', 'ADRB2', 'PAH']","['ADRA1A', 'ADRA1B', 'ADRA2B', 'ADRB2', 'PAH']",-0.4569000000000003,213.189,5.0,5.0,124.01,3.0,5,0,0,0,0,0,0.0,0.0,0,0,0,-0.0543800162217583,0,0.08758542
DB06408,Taribavirin,Ribavirin,3,vLess-DILI-concern,1,0.0082063805390526,0.0498232646158049,0.0486733354915339,271,C1=NC(=NN1C2C(C(C(O2)CO)O)O)C(=O)N,"['IMPDH1', 'ENPP1', 'NT5C2']","['IMPDH1', 'ENPP1', 'NT5C2']",-3.0114999999999994,244.20699999999994,4.0,8.0,143.72000000000003,3.0,3,0,0,0,0,0,0.0,0.0,0,0,0,0.0082063805390526,0,0.012135754
DB06423,Endostatin,Pentostatin,4,vMost-DILI-concern,1,0.7474623775250085,0.2840590819149256,0.212418257653464,431,C1C(C(OC1N2C=NC3=C2NC=NCC3O)CO)O,"['MMP2', 'MMP9', 'PTK2', 'SELE']","['MMP2', 'MMP9', 'PTK2', 'SELE']",-0.9890000000000003,268.273,4.0,8.0,112.13000000000001,2.0,4,1,0,0,0,1,0.25,0.25,1,0,0,0.7474623775250085,1,0.985543
DB06461,Squalamine,Mesalamine,3,vLess-DILI-concern,1,-0.2557837800037763,0.1357648729269896,0.1625849036552609,307,C1=CC(=C(C=C1N)C(=O)O)O,"['VEGFC', 'PDGFA', 'VEGFB']","['VEGFC', 'PDGFA', 'VEGFB']",0.6725999999999999,153.137,3.0,3.0,83.55000000000001,1.0,3,0,0,0,0,0,0.0,0.0,0,0,0,-0.2557837800037763,0,0.9903376
DB06589,Pazopanib,Pazopanib hydrochloride,7,vMost-DILI-concern,1,0.9001673411038961,0.2939879101853879,0.1865480255467277,767,CC1=C(C=C(C=C1)NC2=NC=CC(=N2)N(C)C3=CC4=NN(C(=C4C=C3)C)C)S(=O)(=O)N.Cl,"['FLT1', 'KDR', 'FLT4', 'PDGFRA', 'PDGFRB', 'FGFR3', 'SH2B3']","['FLT1', 'KDR', 'FLT4', 'PDGFRA', 'PDGFRB', 'FGFR3', 'SH2B3']",3.560840000000001,473.9900000000002,2.0,8.0,119.02999999999999,5.0,7,1,0,0,0,1,0.14285714285714285,0.14285714285714285,1,0,1,0.9001673411038961,1,0.99944216
DB07374,Anisomycin,Vancomycin hydrochloride,12,vLess-DILI-concern,1,0.0591032957075048,0.0476460287638765,0.0393135585570308,229,CC1C(C(CC(O1)OC2C(C(C(OC2OC3=C4C=C5C=C3OC6=C(C=C(C=C6)C(C(C(=O)NC(C(=O)NC5C(=O)NC7C8=CC(=C(C=C8)O)C9=C(C=C(C=C9O)O)C(NC(=O)C(C(C1=CC(=C(O4)C=C1)Cl)O)NC7=O)C(=O)O)CC(=O)N)NC(=O)C(CC(C)C)NC)O)Cl)CO)O)O)(C)N)O.Cl,"['RPL13A', 'RPL23', 'RPL15', 'RPL19', 'RPL23A', 'RSL24D1', 'RPL26L1', 'RPL8', 'RPL37', 'RPL3', 'RPL11', 'SNU13']","['RPL13A', 'RPL23', 'RPL15', 'RPL19', 'RPL23A', 'RSL24D1', 'RPL26L1', 'RPL8', 'RPL37', 'RPL3', 'RPL11', 'SNU13']",0.5280000000000049,1485.7320000000004,19.0,25.0,530.4899999999999,13.0,12,0,0,0,0,0,0.0,0.0,0,0,0,0.0591032957075048,0,0.4808989
DB07919,Harmine,Thiamine hydrochloride,3,vNo-DILI-concern,0,-0.1360723487367579,0.045065299515678,0.0564927492416943,401,CC1=C(SC=[N+]1CC2=CN=C(N=C2N)C)CCO.Cl.[Cl-],"['DYRK2', 'DYRK1A', 'MAOA']","['DYRK2', 'DYRK1A', 'MAOA']",-1.966459999999998,337.27599999999995,2.0,5.0,75.91,4.0,3,0,0,0,0,0,0.0,0.0,0,0,0,-0.1360723487367579,0,0.021773605
DB08437,Puromycin,Paromomycin sulfate,11,vNo-DILI-concern,0,0.0601872367006729,0.0457448778212174,0.0372549463079685,207,C1C(C(C(C(C1N)OC2C(C(C(C(O2)CO)O)O)N)OC3C(C(C(O3)CO)OC4C(C(C(C(O4)CN)O)O)N)O)O)N.OS(=O)(=O)O,"['RPL13A', 'RPL23', 'RPL15', 'RPL19', 'RPL23A', 'RSL24D1', 'RPL26L1', 'RPL8', 'RPL37', 'RPL3', 'RPL11']","['RPL13A', 'RPL23', 'RPL15', 'RPL19', 'RPL23A', 'RSL24D1', 'RPL26L1', 'RPL8', 'RPL37', 'RPL3', 'RPL11']",-9.514500000000016,713.7130000000004,15.0,21.0,421.92,9.0,11,0,0,0,0,0,0.0,0.0,0,0,0,0.0601872367006729,0,0.74791896
DB08868,Fingolimod,Fingolimod hydrochloride,3,vMost-DILI-concern,1,-0.0117156741325252,0.0314959441995192,0.032817708177489,444,CCCCCCCCC1=CC=C(C=C1)CCC(CO)(CO)N.Cl,"['S1PR1', 'S1PR3', 'HDAC1']","['S1PR1', 'S1PR3', 'HDAC1']",3.626100000000002,343.939,3.0,3.0,66.48,12.0,3,0,0,0,0,0,0.0,0.0,0,0,1,-0.0117156741325252,0,0.5360108
DB08889,Carfilzomib,Carfilzomib,6,vMost-DILI-concern,1,0.0209860102298358,0.0243951544768478,0.021702397276902,341,CC(C)CC(C(=O)C1(CO1)C)NC(=O)C(CC2=CC=CC=C2)NC(=O)C(CC(C)C)NC(=O)C(CCC3=CC=CC=C3)NC(=O)CN4CCOCC4,"['PSMB5', 'PSMB8', 'PSMB1', 'PSMB9', 'PSMB2', 'PSMB10']","['PSMB5', 'PSMB8', 'PSMB1', 'PSMB9', 'PSMB2', 'PSMB10']",2.5835000000000052,719.924,4.0,8.0,158.47,20.0,6,0,0,0,0,0,0.0,0.0,0,0,0,0.0209860102298358,0,0.33489463
DB08896,Regorafenib,Regorafenib,14,vMost-DILI-concern,1,0.5530581609157462,0.4064725493082543,0.3465414122510855,1262,CNC(=O)C1=NC=CC(=C1)OC2=CC(=C(C=C2)NC(=O)NC3=CC(=C(C=C3)Cl)C(F)(F)F)F,"['FLT1', 'KDR', 'FLT4', 'PDGFRA', 'PDGFRB', 'FGFR1', 'FGFR2', 'TEK', 'EPHA2', 'RAF1', 'BRAF', 'MAPK11', 'FRK', 'ABL1']","['FLT1', 'KDR', 'FLT4', 'PDGFRA', 'PDGFRB', 'FGFR1', 'FGFR2', 'TEK', 'EPHA2', 'RAF1', 'BRAF', 'MAPK11', 'FRK', 'ABL1']",5.688800000000001,482.8210000000001,3.0,4.0,92.35,5.0,14,1,0,0,0,1,0.07142857142857142,0.07142857142857142,1,0,1,0.5530581609157462,1,0.99918014
DB09006,Clinofibrate,Clofibrate,3,vLess-DILI-concern,1,0.6999215664214294,0.235817469643668,0.1579909657951927,386,CCOC(=O)C(C)(C)OC1=CC=C(C=C1)Cl,"['PPARA', 'PPARG', 'PPARD']","['PPARA', 'PPARG', 'PPARD']",3.060500000000002,242.702,0.0,3.0,35.53,4.0,3,1,0,1,0,1,0.3333333333333333,0.3333333333333333,1,0,1,0.6999215664214294,1,0.99980384
DB09074,Olaparib,Olaparib,4,vLess-DILI-concern,1,0.3726371923970406,0.1034510409807991,0.0728918946084437,459,C1CC1C(=O)N2CCN(CC2)C(=O)C3=C(C=CC(=C3)CC4=NNC(=O)C5=CC=CC=C54)F,"['PARP1', 'PARP2', 'PARP3', 'AKR1C3']","['PARP1', 'PARP2', 'PARP3', 'AKR1C3']",2.3473999999999995,434.4710000000001,1.0,4.0,86.37,4.0,4,0,0,0,0,0,0.0,0.0,0,0,0,0.3726371923970406,0,0.60747087
DB09185,Viloxazine,Viloxazine hydrochloride,4,vNo-DILI-concern,0,0.1810560228941063,0.0993307938056451,0.0849885218362336,576,CCOC1=CC=CC=C1OCC2CNCCO2.Cl,"['ADRA1B', 'ADRB2', 'MAOA', 'MAOB']","['ADRA1B', 'ADRB2', 'MAOA', 'MAOB']",1.8742999999999994,273.75999999999993,1.0,4.0,39.72,5.0,4,0,0,0,0,0,0.0,0.0,0,0,0,0.1810560228941063,0,0.9944938
DB09213,Dexibuprofen,Ibuprofen,5,vLess-DILI-concern,1,7.280382696030164,0.7758332233313541,0.373611750090227,356,CC(C)CC1=CC=C(C=C1)C(C)C(=O)O,"['PTGS2', 'THBD', 'PLAT', 'PPARG', 'PPARA']","['PTGS2', 'THBD', 'PLAT', 'PPARG', 'PPARA']",3.073200000000001,206.28499999999997,1.0,1.0,37.3,4.0,5,3,0,1,0,3,0.6,0.6,1,0,1,7.280382696030164,1,0.9881462
DB11093,Calcium citrate,Calcium acetate,16,vNo-DILI-concern,0,-0.8788607209870926,0.3374049995408438,0.4075822351138252,1842,CC(=O)[O-].CC(=O)[O-].[Ca+2],"['CALR', 'CIB1', 'PDCD6', 'SRI', 'CHP1', 'SPARC', 'CANX', 'RGN', 'PEF1', 'S100A6', 'TPT1', 'S100A13', 'CALM2', 'CALM3', 'NCS1', 'CALM1']","['CALR', 'CIB1', 'PDCD6', 'SRI', 'CHP1', 'SPARC', 'CANX', 'RGN', 'PEF1', 'S100A6', 'TPT1', 'S100A13', 'CALM2', 'CALM3', 'NCS1', 'CALM1']",-2.8683999999999985,158.166,0.0,4.0,80.25999999999999,0.0,16,0,0,0,0,0,0.0,0.0,0,0,0,-0.8788607209870926,0,0.0165997
DB11124,Racepinephrine,Epinephrine,4,vNo-DILI-concern,0,0.0242045082210712,0.0499660371507879,0.0469128142156312,470,CNCC(C1=CC(=C(C=C1)O)O)O,"['ADRA1A', 'ADRA1B', 'ADRA2B', 'ADRB2']","['ADRA1A', 'ADRA1B', 'ADRA2B', 'ADRB2']",0.35059999999999986,183.207,4.0,4.0,72.72,3.0,4,0,0,0,0,0,0.0,0.0,0,0,0,0.0242045082210712,0,0.014227816
DB11348,Calcium Phosphate,Calcium acetate,16,vNo-DILI-concern,0,-0.8788607209870926,0.3374049995408438,0.4075822351138252,1842,CC(=O)[O-].CC(=O)[O-].[Ca+2],"['CALR', 'CIB1', 'PDCD6', 'SRI', 'CHP1', 'SPARC', 'CANX', 'RGN', 'PEF1', 'S100A6', 'TPT1', 'S100A13', 'CALM2', 'CALM3', 'NCS1', 'CALM1']","['CALR', 'CIB1', 'PDCD6', 'SRI', 'CHP1', 'SPARC', 'CANX', 'RGN', 'PEF1', 'S100A6', 'TPT1', 'S100A13', 'CALM2', 'CALM3', 'NCS1', 'CALM1']",-2.8683999999999985,158.166,0.0,4.0,80.25999999999999,0.0,16,0,0,0,0,0,0.0,0.0,0,0,0,-0.8788607209870926,0,0.0348609
DB11693,Voclosporin,Voclosporin,3,vNo-DILI-concern,0,-0.0181456520018882,0.0402168320727868,0.0420432793750905,358,CCC1C(=O)N(CC(=O)N(C(C(=O)NC(C(=O)N(C(C(=O)NC(C(=O)NC(C(=O)N(C(C(=O)N(C(C(=O)N(C(C(=O)N(C(C(=O)N1)C(C(C)CC=CC=C)O)C)C(C)C)C)CC(C)C)C)CC(C)C)C)C)C)CC(C)C)C)C(C)C)CC(C)C)C)C,"['CAMLG', 'PPP3CA', 'PPP3R1']","['CAMLG', 'PPP3CA', 'PPP3R1']",3.4351000000000047,1214.6459999999984,5.0,12.0,278.8,16.0,3,0,0,0,0,0,0.0,0.0,0,0,1,-0.0181456520018882,0,0.7665287
DB11718,Encorafenib,Regorafenib,9,vMost-DILI-concern,1,0.1096169873432114,0.1047484596141026,0.0915510931158427,934,CNC(=O)C1=NC=CC(=C1)OC2=CC(=C(C=C2)NC(=O)NC3=CC(=C(C=C3)Cl)C(F)(F)F)F,"['BRAF', 'CCND1', 'RAF1', 'MAPK8', 'MAPK9', 'LIMK1', 'LIMK2', 'MAP2K4', 'STK36']","['BRAF', 'CCND1', 'RAF1', 'MAPK8', 'MAPK9', 'LIMK1', 'LIMK2', 'MAP2K4', 'STK36']",5.688800000000001,482.8210000000001,3.0,4.0,92.35,5.0,9,0,0,0,0,0,0.0,0.0,0,0,1,0.1096169873432114,0,0.982071
DB11741,Famitinib,Dacomitinib,5,vLess-DILI-concern,1,0.734371602693186,0.2766451961277563,0.1885956317565485,474,COC1=C(C=C2C(=C1)N=CN=C2NC3=CC(=C(C=C3)F)Cl)NC(=O)C=CCN4CCCCC4,"['PDGFRA', 'PDGFRB', 'FLT1', 'FLT4', 'KDR']","['PDGFRA', 'PDGFRB', 'FLT1', 'FLT4', 'KDR']",5.155100000000003,469.9480000000003,2.0,6.0,79.38000000000001,7.0,5,1,0,0,0,1,0.2,0.2,1,0,1,0.734371602693186,1,0.9129966
DB11763,Momelotinib,Erlotinib hydrochloride,5,vMost-DILI-concern,1,-0.0125182969712605,0.0474336264965464,0.0490993931203302,358,COCCOC1=C(C=C2C(=C1)C(=NC=N2)NC3=CC=CC(=C3)C#C)OCCOC.Cl,"['JAK1', 'JAK2', 'JAK3', 'TYK2', 'ACVR1']","['JAK1', 'JAK2', 'JAK3', 'TYK2', 'ACVR1']",3.8269000000000024,429.90400000000017,1.0,7.0,74.73,10.0,5,0,0,0,0,0,0.0,0.0,0,0,1,-0.0125182969712605,0,0.88871074
DB12025,Triptolide,Triprolidine hydrochloride,5,vNo-DILI-concern,0,0.1583474321869798,0.084603284200976,0.0628901304433549,414,CC1=CC=C(C=C1)C(=CCN2CCCC2)C3=CC=CC=N3.Cl,"['RELB', 'NFKB1', 'NFKB2', 'RELA', 'REL']","['RELB', 'NFKB1', 'NFKB2', 'RELA', 'REL']",4.339320000000004,314.85999999999996,0.0,2.0,16.130000000000003,4.0,5,0,0,0,0,0,0.0,0.0,0,0,1,0.1583474321869798,0,0.39771742
DB12147,Erdafitinib,Ceritinib,8,vMost-DILI-concern,1,0.0437161112303141,0.1250895840141243,0.1199008366648343,1012,CC1=CC(=C(C=C1C2CCNCC2)OC(C)C)NC3=NC=C(C(=N3)NC4=CC=CC=C4S(=O)(=O)C(C)C)Cl,"['FGFR1', 'FGFR2', 'FGFR3', 'FGFR4', 'CSF1R', 'PDGFRA', 'PDGFRB', 'KDR']","['FGFR1', 'FGFR2', 'FGFR3', 'FGFR4', 'CSF1R', 'PDGFRA', 'PDGFRB', 'KDR']",6.361920000000006,558.1480000000001,3.0,8.0,105.23999999999998,9.0,8,0,0,0,0,0,0.0,0.0,0,0,1,0.0437161112303141,0,0.95095575
DB12483,Copanlisib,Copanlisib dihydrochloride,3,vNo-DILI-concern,0,-0.0338381042561024,0.0367400654799004,0.0412270317815083,55,COC1=C(C=CC2=C3NCCN3C(=NC(=O)C4=CN=C(N=C4)N)N=C21)OCCCN5CCOCC5.Cl.Cl,"['PIK3CA', 'PIK3CD', 'PIK3CB']","['PIK3CA', 'PIK3CD', 'PIK3CB']",1.5283999999999995,553.4510000000005,2.0,11.0,142.01,7.0,3,0,0,0,0,0,0.0,0.0,0,0,0,-0.0338381042561024,0,0.9927683
DB12582,Piperine,Paliperidone,3,vLess-DILI-concern,1,0.9336022179504224,0.2849645652747167,0.1992530283871599,150,CC1=C(C(=O)N2CCCC(C2=N1)O)CCN3CCC(CC3)C4=NOC5=C4C=CC(=C5)F,"['MAOA', 'MAOB', 'NR1I2']","['MAOA', 'MAOB', 'NR1I2']",3.0813200000000016,426.4920000000002,1.0,7.0,84.39,4.0,3,1,0,1,0,1,0.3333333333333333,0.3333333333333333,1,0,1,0.9336022179504224,1,0.99880624
DB12645,Givinostat,Vorinostat,3,vNo-DILI-concern,0,-0.0345998962009781,0.0306575128730945,0.0349831291930914,56,C1=CC=C(C=C1)NC(=O)CCCCCCC(=O)NO,"['HDAC1', 'JAK2', 'HDAC1']","['HDAC1', 'JAK2', 'HDAC1']",2.4710999999999994,264.3249999999999,3.0,3.0,78.43,8.0,3,0,0,0,0,0,0.0,0.0,0,0,0,-0.0345998962009781,0,0.8666664
DB13616,Melagatran,Ximelagatran,4,vMost-DILI-concern,1,2.196772769140789,0.455843944006952,0.2111758847975861,390,CCOC(=O)CNC(C1CCCCC1)C(=O)N2CCC2C(=O)NCC3=CC=C(C=C3)C(=NO)N,"['F2', 'PLG', 'PRSS1', 'F10']","['F2', 'PLG', 'PRSS1', 'F10']",1.0998000000000032,473.5740000000001,4.0,7.0,146.35000000000002,10.0,4,1,0,0,0,1,0.25,0.25,1,0,0,2.196772769140789,1,0.9994667
DB13873,Fenofibric acid,Fenofibric acid,6,vLess-DILI-concern,1,2.726313338278568,0.5259996170681062,0.3022221165236197,514,CC(C)(C(=O)O)OC1=CC=C(C=C1)C(=O)C2=CC=C(C=C2)Cl,"['PPARA', 'FABP1', 'MMP25', 'PPARG', 'PPARD', 'NR1I2']","['PPARA', 'FABP1', 'MMP25', 'PPARG', 'PPARD', 'NR1I2']",3.8130000000000024,318.756,1.0,3.0,63.6,5.0,6,2,0,2,0,2,0.3333333333333333,0.3333333333333333,1,0,1,2.726313338278568,1,0.9693588
DB13944,Testosterone enanthate,Testosterone enanthate,3,vMost-DILI-concern,1,-0.2055457138428778,0.0618812836860937,0.0837462313322397,382,CCCCCCC(=O)OC1CCC2C1(CCC3C2CCC4=CC(=O)CCC34C)C,"['AR', 'ESR1', 'NR3C2']","['AR', 'ESR1', 'NR3C2']",6.400500000000007,400.6030000000003,0.0,3.0,43.370000000000005,6.0,3,0,0,0,0,0,0.0,0.0,0,0,1,-0.2055457138428778,0,0.94970345
DB13956,Estradiol valerate,Estradiol valerate,8,vLess-DILI-concern,1,1.198006195058663,0.3643267519611912,0.2723075295678592,786,CCCCC(=O)OC1CCC2C1(CCC3C2CCC4=C3C=CC(=C4)O)C,"['ESR1', 'NR1I2', 'CHRNA4', 'NCOA2', 'GPER1', 'MT-ATP6', 'BECN1', 'HSD17B2']","['ESR1', 'NR1I2', 'CHRNA4', 'NCOA2', 'GPER1', 'MT-ATP6', 'BECN1', 'HSD17B2']",5.350300000000006,356.50600000000003,1.0,3.0,46.53,4.0,8,1,0,1,0,1,0.125,0.125,1,0,1,1.198006195058663,1,0.99793065
DB14185,Aripiprazole lauroxil,Aripiprazole lauroxil,3,vLess-DILI-concern,1,-0.002670790108699,0.0401407873989792,0.0405175684636718,244,CCCCCCCCCCCC(=O)OCN1C(=O)CCC2=C1C=C(C=C2)OCCCCN3CCN(CC3)C4=C(C(=CC=C4)Cl)Cl,"['ADRA1A', 'ADRA1B', 'ADRA2B']","['ADRA1A', 'ADRA1B', 'ADRA2B']",8.675400000000005,660.7270000000003,0.0,6.0,62.32000000000001,19.0,3,0,0,0,0,0,0.0,0.0,0,0,1,-0.002670790108699,0,0.9965635
DB14509,Lithium carbonate,Lanthanum carbonate,3,vNo-DILI-concern,0,0.053392975298959,0.0271048849097816,0.0205994399049871,239,C(=O)([O-])[O-].C(=O)([O-])[O-].C(=O)([O-])[O-].[La+3].[La+3],"['IMPA2', 'IMPA1', 'GSK3B']","['IMPA2', 'IMPA1', 'GSK3B']",-7.341000000000001,457.83599999999996,0.0,9.0,189.57,0.0,3,0,0,0,0,0,0.0,0.0,0,0,0,0.053392975298959,0,0.8306287
DB14539,Hydrocortisone acetate,Hydrocortisone acetate,3,vNo-DILI-concern,0,-0.2006878821222466,0.1053024419333509,0.1157155756903777,376,CC(=O)OCC(=O)C1(CCC2C1(CC(C3C2CCC4=CC(=O)CCC34C)O)C)O,"['ANXA1', 'NR3C1', 'HSD11B2']","['ANXA1', 'NR3C1', 'HSD11B2']",2.3524000000000007,404.5030000000002,2.0,6.0,100.9,3.0,3,0,0,0,0,0,0.0,0.0,0,0,0,-0.2006878821222466,0,0.058134962
DB14542,Hydrocortisone phosphate,Hydrocortisone acetate,3,vNo-DILI-concern,0,-0.2006878821222466,0.1053024419333509,0.1157155756903777,376,CC(=O)OCC(=O)C1(CCC2C1(CC(C3C2CCC4=CC(=O)CCC34C)O)C)O,"['ANXA1', 'NR3C1', 'HSD11B2']","['ANXA1', 'NR3C1', 'HSD11B2']",2.3524000000000007,404.5030000000002,2.0,6.0,100.9,3.0,3,0,0,0,0,0,0.0,0.0,0,0,0,-0.2006878821222466,0,0.06770476
DB15035,Zanubrutinib,Zanubrutinib,10,vMost-DILI-concern,1,0.087672706212784,0.1257831247212348,0.1144823381205465,1104,C=CC(=O)N1CCC(CC1)C2CCNC3=C(C(=NN23)C4=CC=C(C=C4)OC5=CC=CC=C5)C(=O)N,"['EGFR', 'ERBB2', 'JAK2', 'TEC', 'JAK3', 'PTK6', 'FGR', 'FRK', 'LCK', 'TXK']","['EGFR', 'ERBB2', 'JAK2', 'TEC', 'JAK3', 'PTK6', 'FGR', 'FRK', 'LCK', 'TXK']",4.222600000000002,471.5610000000002,2.0,6.0,102.48,6.0,10,0,0,0,0,0,0.0,0.0,0,0,1,0.087672706212784,0,0.91466343
DB15588,Ursolic acid,Folic acid,3,vNo-DILI-concern,0,-0.0119664249145452,0.1209141687499471,0.1218747367600959,382,C1=CC(=CC=C1C(=O)NC(CCC(=O)O)C(=O)O)NCC2=CN=C3C(=N2)C(=O)NC(=N3)N,"['HSD11B1', 'PTPN1', 'HRAS']","['HSD11B1', 'PTPN1', 'HRAS']",-0.044799999999998674,441.40400000000017,6.0,9.0,213.28,9.0,3,0,0,0,0,0,0.0,0.0,0,0,0,-0.0119664249145452,0,0.19470507
DB16159,Esflurbiprofen,Flurbiprofen sodium,7,vLess-DILI-concern,1,0.7654301160556056,0.3965255277940871,0.3067409252349452,927,CC(C1=CC(=C(C=C1)C2=CC=CC=C2)F)C(=O)[O-].[Na+],"['APH1B', 'NCSTN', 'APH1A', 'PSENEN', 'PSEN1', 'PSEN2', 'PTGS2']","['APH1B', 'NCSTN', 'APH1A', 'PSENEN', 'PSEN1', 'PSEN2', 'PTGS2']",-0.6499000000000004,266.24699999999996,0.0,2.0,40.129999999999995,3.0,7,1,0,0,0,1,0.14285714285714285,0.14285714285714285,1,0,0,0.7654301160556056,1,0.9687082
DB16407,Azvudine,Stavudine,3,vMost-DILI-concern,1,1.4405465816449947,0.2202451509527361,0.0929254361285153,255,CC1=CN(C(=O)NC1=O)C2C=CC(O2)CO,"['ABCG2', 'ABCC2', 'ABCB1']","['ABCG2', 'ABCC2', 'ABCB1']",-0.7090800000000002,224.216,2.0,5.0,84.32000000000001,2.0,3,1,0,0,2,1,0.3333333333333333,0.3333333333333333,1,1,0,1.4405465816449947,1,0.9820233
