drug_name,drugbank_id,smiles,is_dili,risk_score,risk_tier,regime,hla_risk,hla_warning,logp,mw,ecnp_z,k,drug_name_lower,bsep_ic50_uM,has_bsep_data,bsep_inhibitor
Clinofibrate,DB09006,CCOC(=O)C(C)(C)OC1=CC=C(C=C1)Cl,1,0.9501602764671986,HIGH_RISK,network,False,,3.060500000000002,242.702,0.6999215664214294,3,clinofibrate,,False,False
Clozapine,DB00363,CN1CCN(CC1)C2=NC3=C(C=CC(=C3)Cl)NC4=CC=CC=C42,1,0.9464642902579874,HIGH_RISK,network,False,,3.7227000000000015,326.8310000000001,1.403951437891738,5,clozapine,,False,False
Ketoconazole,DB01026,CC(=O)N1CCN(CC1)C2=CC=C(C=C2)OCC3COC(O3)(CN4C=CN=C4)C5=C(C=C(C=C5)Cl)Cl,1,0.9431767243474686,HIGH_RISK,network,False,,4.205800000000004,531.4400000000003,4.504295718388047,5,ketoconazole,,False,False
Fenofibric acid,DB13873,CC(C)(C(=O)O)OC1=CC=C(C=C1)C(=O)C2=CC=C(C=C2)Cl,1,0.9339031111268202,HIGH_RISK,network,False,,3.8130000000000015,318.756,2.726313338278568,6,fenofibric acid,,False,False
Aripiprazole,DB01238,C1CC(=O)NC2=C1C=CC(=C2)OCCCCN3CCN(CC3)C4=C(C(=CC=C4)Cl)Cl,1,0.929166675714494,HIGH_RISK,intrinsic,False,,4.859300000000005,448.3940000000001,0.0242045082210712,4,aripiprazole,,False,False
Risperidone,DB00734,CC1=C(C(=O)N2CCCCC2=N1)CCN3CCC(CC3)C4=NOC5=C4C=CC(=C5)F,1,0.9265468709547652,HIGH_RISK,intrinsic,False,,3.5904200000000026,410.49300000000017,-0.002670790108699,3,risperidone,,False,False
Acitretin,DB00459,CC1=CC(=C(C(=C1C=CC(=CC=CC(=CC(=O)O)C)C)C)C)OC,1,0.9255785421380668,HIGH_RISK,network,False,,5.167060000000005,326.4360000000001,1.1335697872883714,7,acitretin,,False,False
Salicylic acid,DB00936,C1=CC(=C(C=C1N)O)C(=O)O,1,0.9211375102661368,HIGH_RISK,network,False,,0.6726,153.137,3.346238163466628,3,salicylic acid,,False,False
Glyburide,DB01016,COC1=C(C=C(C=C1)Cl)C(=O)NCCC2=CC=C(C=C2)S(=O)(=O)NC(=O)NC3CCCCC3,1,0.9103528204937226,HIGH_RISK,intrinsic,False,,3.641700000000002,494.01300000000026,0.9214189286076708,5,glyburide,,False,False
Estradiol valerate,DB13956,CCCCC(=O)OC1CCC2C1(CCC3C2CCC4=C3C=CC(=C4)O)C,1,0.9035037811059085,HIGH_RISK,network,False,,5.350300000000006,356.50600000000003,1.198006195058663,8,estradiol valerate,,False,False
Sorafenib,DB00398,CNC(=O)C1=NC=CC(=C1)OC2=CC(=C(C=C2)NC(=O)NC3=CC(=C(C=C3)Cl)C(F)(F)F)F,1,0.9028791828303254,HIGH_RISK,network,False,,5.688800000000001,482.8210000000001,0.6095362294093732,8,sorafenib,10.0,True,True
Nifedipine,DB01115,CC1=C(C(C(=C(N1)C)C(=O)OC)C2=CC=CC=C2[N+](=O)[O-])C(=O)OC,1,0.901627897743603,HIGH_RISK,network,False,,2.1756,346.3390000000001,3.16632157744817,3,nifedipine,,False,False
Regorafenib,DB08896,CNC(=O)C1=NC=CC(=C1)OC2=CC(=C(C=C2)NC(=O)NC3=CC(=C(C=C3)Cl)C(F)(F)F)F,1,0.9012028132229212,HIGH_RISK,network,False,,5.688800000000001,482.8210000000001,0.5530581609157462,14,regorafenib,,False,False
Lenalidomide,DB00480,C1CC(=O)NC(=O)C1N2CC3=C(C2=O)C=CC=C3N,1,0.896113118199746,HIGH_RISK,network,False,,0.0297999999999994,259.265,1.925502464328565,3,lenalidomide,,False,False
Loxapine,DB00408,CN1CCN(CC1)C2=NC3=C(C=CC(=C3)Cl)NC4=CC=CC=C42,1,0.8921398722689473,HIGH_RISK,intrinsic,False,,3.7227000000000015,326.8310000000001,-0.002670790108699,3,loxapine,,False,False
Imipramine,DB00458,CN(C)CCCN1C2=CC=CC=C2CCC3=CC=CC=C31.Cl,1,0.8895423410252699,HIGH_RISK,intrinsic,False,,4.296800000000005,316.87600000000003,0.4850833558936469,4,imipramine,,False,False
Ibuprofen,DB01050,CC(C)CC1=CC=C(C=C1)C(C)C(=O)O,1,0.8847295583125221,HIGH_RISK,network,False,,3.073200000000001,206.285,4.996766241496655,6,ibuprofen,,False,False
Erdafitinib,DB12147,CC1=CC(=C(C=C1C2CCNCC2)OC(C)C)NC3=NC=C(C(=N3)NC4=CC=CC=C4S(=O)(=O)C(C)C)Cl,1,0.8825688514850498,HIGH_RISK,intrinsic,False,,6.361920000000006,558.1480000000001,0.0437161112303141,8,erdafitinib,,False,False
Aminosalicylic acid,DB00233,C1=CC(=C(C=C1N)O)C(=O)O,1,0.8799819842974651,HIGH_RISK,network,False,,0.6726,153.137,2.4446706727004432,4,aminosalicylic acid,,False,False
Chlorpromazine,DB00477,CN(C)CCCN1C2=CC=CC=C2SC3=C1C=C(C=C3)Cl.Cl,1,0.87867607204788,HIGH_RISK,intrinsic,False,,5.316200000000004,355.334,0.3464995658457598,6,chlorpromazine,,False,False
Amitriptyline,DB00321,CN(C)CCC=C1C2=CC=CC=C2CCC3=CC=CC=C31.Cl,1,0.8762770603681446,HIGH_RISK,intrinsic,False,,4.590400000000005,313.872,0.0056341242630323,3,amitriptyline,,False,False
Encorafenib,DB11718,CNC(=O)C1=NC=CC(=C1)OC2=CC(=C(C=C2)NC(=O)NC3=CC(=C(C=C3)Cl)C(F)(F)F)F,1,0.876000150603857,HIGH_RISK,intrinsic,False,,5.688800000000001,482.8210000000001,0.1096169873432114,9,encorafenib,,False,False
Clodronic acid,DB00720,C1=CN(C=N1)CC(O)(P(=O)(O)O)P(=O)(O)O,1,0.8755323753162676,HIGH_RISK,unknown,False,,-1.1154000000000002,272.09,-0.128010351364709,3,clodronic acid,,False,False
Indomethacin,DB00328,CC1=C(C2=C(N1C(=O)C3=CC=C(C=C3)Cl)C=CC(=C2)OC)CC(=O)O,1,0.872113038558864,HIGH_RISK,network,False,,3.9273200000000026,357.7930000000002,4.917098209516696,7,indomethacin,,False,False
Levoketoconazole,DB05667,CC(=O)N1CCN(CC1)C2=CC=C(C=C2)OCC3COC(O3)(CN4C=CN=C4)C5=C(C=C(C=C5)Cl)Cl,1,0.8708250653073774,HIGH_RISK,intrinsic,False,,4.205800000000004,531.4400000000003,-0.1717987318554057,3,levoketoconazole,,False,False
Fenofibrate,DB01039,CC(C)OC(=O)C(C)(C)OC1=CC=C(C=C1)C(=O)C2=CC=C(C=C2)Cl,1,0.869478194654099,HIGH_RISK,network+HLA,True,HLA screening recommended: HLA-A*33:01,4.680000000000004,360.837,5.485001816377896,3,fenofibrate,,False,False
Felodipine,DB01023,CCOC(=O)C1=C(NC(=C(C1C2=C(C(=CC=C2)Cl)Cl)C(=O)OC)C)C,1,0.8677620255552009,HIGH_RISK,intrinsic,False,,3.9643000000000015,384.2590000000001,-0.3225428300677677,4,felodipine,,False,False
Gemfibrozil,DB01241,CC1=CC(=C(C=C1)C)OCCCC(C)(C)C(=O)O,1,0.8658516059451888,HIGH_RISK,network,False,,3.573240000000002,250.338,1.308609159800118,3,gemfibrozil,,False,False
Aripiprazole lauroxil,DB14185,CCCCCCCCCCCC(=O)OCN1C(=O)CCC2=C1C=C(C=C2)OCCCCN3CCN(CC3)C4=C(C(=CC=C4)Cl)Cl,1,0.8649394699858053,HIGH_RISK,intrinsic,False,,8.675400000000005,660.7270000000003,-0.002670790108699,3,aripiprazole lauroxil,,False,False
Iloperidone,DB04946,CC1=C(C(=O)N2CCCCC2=N1)CCN3CCC(CC3)C4=NOC5=C4C=CC(=C5)F,1,0.8639969178476625,HIGH_RISK,intrinsic,False,,3.5904200000000026,410.49300000000017,0.0128925092738145,3,iloperidone,,False,False
Tretinoin,DB00755,CC1=C(C(CCC1)(C)C)C=CC(=CC=CC(=CC(=O)O)C)C,1,0.8615749841455776,HIGH_RISK,network,False,,5.602600000000005,300.44200000000006,2.116634033129559,9,tretinoin,,False,False
Famitinib,DB11741,COC1=C(C=C2C(=C1)N=CN=C2NC3=CC(=C(C=C3)F)Cl)NC(=O)C=CCN4CCCCC4,1,0.860402091055936,HIGH_RISK,network,False,,5.155100000000003,469.9480000000003,0.734371602693186,5,famitinib,,False,False
Spironolactone,DB00421,CC(=O)SC1CC2=CC(=O)CCC2(C3C1C4CCC5(C4(CC3)C)CCC(=O)O5)C,1,0.8602354639649415,HIGH_RISK,network,False,,4.852300000000005,416.5830000000003,1.5604968919779756,5,spironolactone,,False,False
Trifluoperazine,DB00831,CN1CCN(CC1)CCCN2C3=CC=CC=C3SC4=C2C=C(C=C4)C(F)(F)F.Cl.Cl,1,0.8579071451134805,HIGH_RISK,intrinsic,False,,5.7892000000000055,480.4270000000001,-0.0878522238225364,7,trifluoperazine,,False,False
Alendronic acid,DB00630,C1=CN(C=N1)CC(O)(P(=O)(O)O)P(=O)(O)O,1,0.8552326152893397,HIGH_RISK,unknown,False,,-1.1154000000000002,272.09,0.0260104367507558,3,alendronic acid,,False,False
Acetaminophen,DB00316,CC(=O)NC1=CC=C(C=C1)O,1,0.8532413927704208,HIGH_RISK,network+HLA,True,HLA screening recommended: CYP2E1-high,1.3505999999999998,151.165,1.7853803690737746,3,acetaminophen,,False,False
Trimipramine,DB00726,CN(C)CCCN1C2=CC=CC=C2CCC3=CC=CC=C31.Cl,1,0.8506558459748267,HIGH_RISK,intrinsic,False,,4.296800000000005,316.87600000000003,-0.002670790108699,3,trimipramine,,False,False
Alitretinoin,DB00523,CC1=C(C(CCC1)(C)C)C=CC(=CC=CC(=CC(=O)O)C)C,1,0.848551913471106,HIGH_RISK,network,False,,5.602600000000005,300.44200000000006,-0.2375909578048029,6,alitretinoin,,False,False
Piperine,DB12582,CC1=C(C(=O)N2CCCC(C2=N1)O)CCN3CCC(CC3)C4=NOC5=C4C=CC(=C5)F,1,0.8479133265113696,HIGH_RISK,network,False,,3.0813200000000016,426.4920000000002,0.9336022179504224,3,piperine,,False,False
Celecoxib,DB00482,CC1=CC=C(C=C1)C2=CC(=NN2C3=CC=C(C=C3)S(=O)(=O)N)C(F)(F)F,1,0.8458768790004703,HIGH_RISK,network,False,,3.513920000000001,381.3790000000001,1.924041418404765,5,celecoxib,,False,False
Amiodarone,DB01118,CCCCC1=C(C2=CC=CC=C2O1)C(=O)C3=CC(=C(C(=C3)I)OCCN(CC)CC)I.Cl,1,0.8446747355646371,HIGH_RISK,network,False,,7.358000000000007,681.7800000000002,0.926684687723624,3,amiodarone,,False,False
Phenytoin,DB00252,C1=CC=C(C=C1)C2(C(=O)NC(=O)N2)C3=CC=CC=C3,1,0.842813846536807,HIGH_RISK,network,False,,1.7696,252.273,2.11478356864252,3,phenytoin,,False,False
Flufenamic acid,DB02266,CC1=C(C(=CC=C1)NC2=CC=CC=C2C(=O)O)C,1,0.8381372737224896,HIGH_RISK,network,False,,3.7452400000000017,241.29,3.4927574480260537,5,flufenamic acid,,False,False
Phenoxybenzamine,DB00925,CC(COC1=CC=CC=C1)N(CCCl)CC2=CC=CC=C2.Cl,0,0.8371622398134904,HIGH_RISK,intrinsic,False,,4.616700000000005,340.2939999999999,0.0174526820048583,5,phenoxybenzamine,,False,False
Leflunomide,DB01097,CC1=C(C=NO1)C(=O)NC2=CC=C(C=C2)C(F)(F)F,1,0.8335718812236018,HIGH_RISK,network,False,,3.254120000000001,270.21,3.1617557729122137,3,leflunomide,20.6,True,True
Dexibuprofen,DB09213,CC(C)CC1=CC=C(C=C1)C(C)C(=O)O,1,0.8324811412727969,HIGH_RISK,network,False,,3.073200000000001,206.285,7.280382696030164,5,dexibuprofen,,False,False
Etidronic acid,DB01077,C1=CN(C=N1)CC(O)(P(=O)(O)O)P(=O)(O)O,1,0.8308321241802747,HIGH_RISK,unknown,False,,-1.1154000000000002,272.09,-0.2661123121178083,5,etidronic acid,,False,False
Mitotane,DB00648,C1=CC=C(C(=C1)C(C2=CC=C(C=C2)Cl)C(Cl)Cl)Cl,0,0.8300649311737542,HIGH_RISK,intrinsic,False,,5.929000000000001,320.04599999999994,0.0353506242644736,3,mitotane,,False,False
Canertinib,DB05424,CC1=CC(=C(C=C1C2CCNCC2)OC(C)C)NC3=NC=C(C(=N3)NC4=CC=CC=C4S(=O)(=O)C(C)C)Cl,1,0.8270239805072555,HIGH_RISK,intrinsic,False,,6.361920000000006,558.1480000000001,0.0012953307391921,3,canertinib,10.0,True,True
Paliperidone,DB01267,CC1=C(C(=O)N2CCCC(C2=N1)O)CCN3CCC(CC3)C4=NOC5=C4C=CC(=C5)F,1,0.822932487668822,HIGH_RISK,intrinsic,False,,3.0813200000000016,426.4920000000002,-0.002670790108699,3,paliperidone,,False,False
Mesalazine,DB00244,C1=CC(=C(C=C1N)C(=O)O)O,1,0.8215054671462199,HIGH_RISK,network,False,,0.6725999999999999,153.137,0.6058452998387699,5,mesalazine,,False,False
Dronedarone,DB04855,CCCCC1=C(C2=C(O1)C=CC(=C2)NS(=O)(=O)C)C(=O)C3=CC=C(C=C3)OCCCN(CCCC)CCCC.Cl,1,0.8176048515770405,HIGH_RISK,intrinsic,False,,7.470800000000008,593.2300000000004,-0.3194457580678452,5,dronedarone,,False,False
Atorvastatin,DB01076,CCC(C)C(=O)OC1CC(C=C2C1C(C(C=C2)C)CCC3CC(CC(=O)O3)O)C,1,0.8173792953650469,HIGH_RISK,network,False,,4.195500000000004,404.54700000000025,4.412143468167087,5,atorvastatin,,False,False
Pazopanib,DB06589,CC1=C(C=C(C=C1)NC2=NC=CC(=N2)N(C)C3=CC4=NN(C(=C4C=C3)C)C)S(=O)(=O)N.Cl,1,0.8168142093755562,HIGH_RISK,network+HLA,True,HLA screening recommended: HLA-B*57:01,3.560840000000001,473.9900000000002,0.9001673411038961,7,pazopanib,10.0,True,True
Gemcitabine,DB00441,C1=CN(C(=O)N=C1N)C2C(C(C(O2)CO)O)(F)F.Cl,1,0.8124494745304028,HIGH_RISK,unknown,False,,-0.8668000000000002,299.661,0.0070758181597418,3,gemcitabine,,False,False
Fenoprofen,DB00573,CC(C1=CC2=C(C=C1)OC(=N2)C3=CC=C(C=C3)Cl)C(=O)O,1,0.804996444726181,HIGH_RISK,network,False,,4.336300000000002,301.72900000000004,3.3439743765072203,3,fenoprofen,,False,False
Triptolide,DB12025,CC1=CC=C(C=C1)C(=CCN2CCCC2)C3=CC=CC=N3.Cl,0,0.8013053189540293,HIGH_RISK,intrinsic,False,,4.339320000000004,314.86,0.1583474321869798,5,triptolide,,False,False
Donepezil,DB00843,COC1=C(C=C2C(=C1)CC(C2=O)CC3CCN(CC3)CC4=CC=CC=C4)OC.Cl,1,0.7991090057643673,MODERATE_RISK,intrinsic,False,,4.782900000000005,415.96100000000007,1.0379192138462627,3,donepezil,,False,False
Valproic acid,DB00313,CCCC(CCC)C(=O)O,1,0.7975694688815449,MODERATE_RISK,network,False,,2.2874,144.214,-0.3613267959605603,13,valproic acid,,False,False
Lovastatin,DB00227,CCC(C)C(=O)OC1CC(C=C2C1C(C(C=C2)C)CCC3CC(CC(=O)O3)O)C,1,0.7957216944516682,MODERATE_RISK,intrinsic,False,,4.195500000000004,404.54700000000025,-0.081322247179862,3,lovastatin,,False,False
Fomepizole,DB01213,CC1=CN=C(C(=C1OC)C)CS(=O)C2=NC3=C(N2)C=C(C=C3)OC,1,0.7923806352795295,MODERATE_RISK,network,False,,2.8997400000000013,345.42400000000004,0.7805029683477802,4,fomepizole,,False,False
Testosterone enanthate,DB13944,CCCCCCC(=O)OC1CCC2C1(CCC3C2CCC4=CC(=O)CCC34C)C,1,0.7910151178051591,MODERATE_RISK,intrinsic,False,,6.400500000000007,400.6030000000003,-0.2055457138428778,3,testosterone enanthate,,False,False
Verapamil,DB00661,CC(C)C(CCCN(C)CCC1=CC(=C(C=C1)OC)OC)(C#N)C2=CC(=C(C=C2)OC)OC.Cl,1,0.7909963911286472,MODERATE_RISK,network,False,,5.514880000000007,491.0720000000003,1.748022730414196,4,verapamil,,False,False
Tolrestat,DB02383,CN(CC(=O)O)C(=S)C1=CC=CC2=C1C=CC(=C2C(F)(F)F)OC,1,0.790251886748523,MODERATE_RISK,intrinsic,False,,3.5591000000000017,357.35300000000007,-0.1178273795838717,4,tolrestat,,False,False
Testosterone,DB00624,CC12CCC(=O)C=C1CCC3C2CCC4(C3CCC4(C)O)C,1,0.7872933804177593,MODERATE_RISK,intrinsic,False,,4.269300000000004,302.458,-0.2055457138428778,3,testosterone,,False,False
Levonorgestrel,DB00367,CCC12CCC3C(C1CCC2(C#C)O)CCC4=CC(=O)CCC34,0,0.7867097250218277,MODERATE_RISK,intrinsic,False,,3.882600000000004,312.45300000000003,1.231200490021546,5,levonorgestrel,,False,False
Dutasteride,DB01126,CC12CCC3C(C1CCC2C(=O)NC4=C(C=CC(=C4)C(F)(F)F)C(F)(F)F)CCC5C3(C=CC(=O)N5)C,0,0.7864606545091365,MODERATE_RISK,intrinsic,False,,6.576100000000006,528.5370000000001,-0.2369210061436668,3,dutasteride,,False,False
Clonidine,DB00575,C1CN(CC2=C1SC=C2)CC3=CC=CC=C3Cl.Cl,1,0.7857569265983654,MODERATE_RISK,intrinsic,False,,4.381600000000003,300.254,-0.2311989053989453,4,clonidine,,False,False
Rosiglitazone,DB00412,CN(CCOC1=CC=C(C=C1)CC2C(=O)NC(=O)S2)C3=CC=CC=N3.C(=CC(=O)O)C(=O)O,1,0.7833983212993526,MODERATE_RISK,network,False,,2.2027,473.5070000000001,0.6412102694473067,6,rosiglitazone,,False,False
Niacin,DB00627,C1=CC(=CN=C1)C(=O)O,1,0.7795623849872593,MODERATE_RISK,network,False,,0.7797999999999998,123.11099999999996,1.2570422170208162,3,niacin,,False,False
Cisplatin,DB00515,N.N.Cl[Pt]Cl,1,0.7787481015279654,MODERATE_RISK,network,False,,1.7004999999999997,300.04600000000005,4.639880633260589,3,cisplatin,,False,False
Miconazole,DB01110,CCC(C)N1C(=O)N(C=N1)C2=CC=C(C=C2)N3CCN(CC3)C4=CC=C(C=C4)OCC5COC(O5)(CN6C=NC=N6)C7=C(C=C(C=C7)Cl)Cl,1,0.7753449950255233,MODERATE_RISK,network,False,,5.5773000000000055,705.6470000000003,3.645859830331296,3,miconazole,,False,False
Lidocaine,DB00281,CCN(CC)CC(=O)NC1=C(C=CC=C1C)C,0,0.773259072628989,MODERATE_RISK,unknown,False,,2.5837400000000006,234.343,1.0213340923855172,4,lidocaine,,False,False
Disulfiram,DB00822,CCN(CC)C(=S)SSC(=S)N(CC)CC,1,0.7710955094537126,MODERATE_RISK,intrinsic,False,,3.621200000000002,296.5520000000001,-0.1435794216112248,3,disulfiram,,False,False
Viloxazine,DB09185,CCOC1=CC=CC=C1OCC2CNCCO2.Cl,0,0.770577993972578,MODERATE_RISK,unknown,False,,1.8743,273.75999999999993,0.1810560228941063,4,viloxazine,,False,False
Phenelzine,DB00780,C1=CC=C(C=C1)CCNN.OS(=O)(=O)O,1,0.7698491530090902,MODERATE_RISK,network,False,,0.0396000000000001,234.277,0.383922013928977,6,phenelzine,,False,False
Prasterone,DB01708,CC(=O)C1CCC2C1(CCC3C2CCC4=CC(=O)CCC34C)C,1,0.7683053471493889,MODERATE_RISK,network,False,,4.723500000000005,314.4690000000001,7.342381526134787,7,prasterone,,False,False
Azvudine,DB16407,CC1=CN(C(=O)NC1=O)C2C=CC(O2)CO,1,0.7658685048010473,MODERATE_RISK,network,False,,-0.7090800000000002,224.216,1.4405465816449947,3,azvudine,,False,False
Mycophenolate mofetil,DB00688,CC1=C2COC(=O)C2=C(C(=C1OC)CC=C(C)CCC(=O)OCCN3CCOCC3)O,1,0.7640452422272332,MODERATE_RISK,unknown,False,,2.5240200000000006,433.5010000000003,-0.2151353523519628,3,mycophenolate mofetil,,False,False
Zanubrutinib,DB15035,C=CC(=O)N1CCC(CC1)C2CCNC3=C(C(=NN23)C4=CC=C(C=C4)OC5=CC=CC=C5)C(=O)N,1,0.7635284833981864,MODERATE_RISK,intrinsic,False,,4.222600000000002,471.5610000000002,0.087672706212784,10,zanubrutinib,,False,False
Squalamine,DB06461,C1=CC(=C(C=C1N)C(=O)O)O,1,0.7578435303700433,MODERATE_RISK,unknown,False,,0.6725999999999999,153.137,-0.2557837800037763,3,squalamine,,False,False
Momelotinib,DB11763,COCCOC1=C(C=C2C(=C1)C(=NC=N2)NC3=CC=CC(=C3)C#C)OCCOC.Cl,1,0.7550860037091043,MODERATE_RISK,intrinsic,False,,3.8269000000000015,429.90400000000017,-0.0125182969712605,5,momelotinib,,False,False
Ziprasidone,DB00246,C1CN(CCN1CCC2=C(C=C3C(=C2)CC(=O)N3)Cl)C4=NSC5=CC=CC=C54.Cl,1,0.7528876574674814,MODERATE_RISK,intrinsic,False,,4.230800000000004,449.4070000000001,-0.002670790108699,3,ziprasidone,,False,False
Simvastatin,DB00641,CCC(C)(C)C(=O)OC1CC(C=C2C1C(C(C=C2)C)CCC3CC(CC(=O)O3)O)C,1,0.7518887106524459,MODERATE_RISK,intrinsic,False,,4.585600000000006,418.5740000000003,-0.081322247179862,3,simvastatin,,False,False
Decitabine,DB01262,C1=CN(C(=O)N=C1N)C2C(C(C(O2)CO)O)(F)F.Cl,1,0.7473814701741953,MODERATE_RISK,unknown,False,,-0.8668000000000002,299.661,-0.0282245299128658,3,decitabine,,False,False
Sulindac,DB00605,CC1=C(C2=C(C1=CC3=CC=C(C=C3)S(=O)C)C=CC(=C2)F)CC(=O)O,1,0.7434336423342991,MODERATE_RISK,network,False,,4.365500000000003,356.41800000000006,1.0792357146376266,5,sulindac,,False,False
Nialamide,DB04820,C1=CC=C(C=C1)CNC(=O)CCNNC(=O)C2=CC=NC=C2,1,0.7430832651033776,MODERATE_RISK,unknown,False,,1.0224999999999995,298.346,-0.5824222955480198,3,nialamide,,False,False
Liothyronine,DB00279,C1=CC(=C(C=C1OC2=C(C=C(C=C2I)CC(C(=O)[O-])N)I)I)O.[Na+],0,0.7420477188985513,MODERATE_RISK,unknown,False,,-0.3780000000000004,672.9580000000001,-0.3630560474721638,3,liothyronine,,False,False
Afimoxifene,DB04468,CCC(=C(C1=CC=CC=C1)C2=CC=C(C=C2)OCCN(C)C)C3=CC=CC=C3.C(C(=O)O)C(CC(=O)O)(C(=O)O)O,1,0.7399042237698497,MODERATE_RISK,network,False,,4.747600000000004,563.6470000000004,4.765865253506153,4,afimoxifene,,False,False
Capric acid,DB03600,CCCC(CCC)C(=O)O,1,0.7388568027117792,MODERATE_RISK,unknown,False,,2.2874,144.214,-0.0456305233285847,3,capric acid,,False,False
Fingolimod,DB08868,CCCCCCCCC1=CC=C(C=C1)CCC(CO)(CO)N.Cl,1,0.7378917737631383,MODERATE_RISK,intrinsic,False,,3.626100000000002,343.939,-0.0117156741325252,3,fingolimod,,False,False
Perhexiline,DB01074,C1CCC(CC1)C(CC2CCCCN2)C3CCCCC3,1,0.7370031080689842,MODERATE_RISK,intrinsic,False,,5.295400000000005,277.496,-0.0693073518049592,3,perhexiline,,False,False
Zonisamide,DB00909,C1=CC=C2C(=C1)C(=NO2)CS(=O)(=O)N,1,0.732977699309131,MODERATE_RISK,unknown,False,,0.6163,212.23,0.0689527764697472,6,zonisamide,,False,False
Lapatinib,DB01259,CNC(=O)C1=C(C=C(C=C1)C2=NN3C(=CN=C3N=C2)CC4=CC5=C(C=C4)N=CC=C5)F.O.Cl.Cl,1,0.7327204812314487,HIGH_RISK,intrinsic+HLA,True,HLA screening recommended: HLA-DRB1*07:01,3.447900000000004,503.3650000000002,0.1227150414782665,3,lapatinib,7.94328,True,True
Nortriptyline,DB00540,CNCCC=C1C2=CC=CC=C2CCC3=CC=CC=C31.Cl,1,0.7305331951773192,MODERATE_RISK,intrinsic,False,,4.248200000000004,299.845,-0.0105804120872942,3,nortriptyline,,False,False
Sulfasalazine,DB00795,C1=CC=NC(=C1)NS(=O)(=O)C2=CC=C(C=C2)N=NC3=CC(=C(C=C3)O)C(=O)O,1,0.7297121788156494,MODERATE_RISK,network,False,,3.701600000000002,398.40000000000015,1.6728145851338905,12,sulfasalazine,,False,False
Endostatin,DB06423,C1C(C(OC1N2C=NC3=C2NC=NCC3O)CO)O,1,0.727886085896585,MODERATE_RISK,network,False,,-0.9890000000000004,268.273,0.7474623775250085,4,endostatin,,False,False
Isoniazid,DB00951,C1=CN=CC=C1C(=O)NN,1,0.7262442244079728,HIGH_RISK,network+HLA,True,HLA screening recommended: NAT2-slow,-0.3149000000000001,137.14199999999997,1.1251618831964567,4,isoniazid,,False,False
Progesterone,DB00396,CC(=O)C1CCC2C1(CCC3C2CCC4=CC(=O)CCC34C)C,1,0.7234321863772721,MODERATE_RISK,intrinsic,False,,4.723500000000005,314.4690000000001,1.729143932460186,7,progesterone,,False,False
Tamoxifen,DB00675,CCC(=C(C1=CC=CC=C1)C2=CC=C(C=C2)OCCN(C)C)C3=CC=CC=C3.C(C(=O)O)C(CC(=O)O)(C(=O)O)O,1,0.7215148006929266,MODERATE_RISK,network,False,,4.747600000000004,563.6470000000004,3.852493145304476,7,tamoxifen,,False,False
Lipoic acid,DB00166,CCCC(CCC)C(=O)O,1,0.7188568027117792,MODERATE_RISK,unknown,False,,2.2874,144.214,0.0012808256518554,3,lipoic acid,,False,False
Olaparib,DB09074,C1CC1C(=O)N2CCN(CC2)C(=O)C3=C(C=CC(=C3)CC4=NNC(=O)C5=CC=CC=C54)F,1,0.7166951608143064,MODERATE_RISK,unknown,False,,2.3473999999999995,434.4710000000001,0.3726371923970406,4,olaparib,,False,False
Vitamin E,DB00163,CC1=C(C2=C(CCC(O2)(C)CCCC(C)CCCC(C)CCCC(C)C)C(=C1O)C)C,0,0.7163723997626663,MODERATE_RISK,network,False,,8.840260000000002,430.7170000000002,0.1729685518703793,5,vitamin e,,False,False
Troglitazone,DB00197,CC1=C(C2=C(CCC(O2)(C)COC3=CC=C(C=C3)CC4C(=O)NC(=O)S4)C(=C1O)C)C,1,0.7120017996320958,MODERATE_RISK,network,False,,4.374260000000003,441.54900000000015,3.5529257386319064,7,troglitazone,,False,False
Captopril,DB01197,CC(CS)C(=O)N1CCCC1C(=O)O,1,0.7114218355252582,MODERATE_RISK,network,False,,0.6279000000000001,217.29,1.211586774675138,3,captopril,,False,False
Hydralazine,DB01275,C1=CC=C2C(=C1)C=NN=C2NN.Cl,1,0.7092424643983674,MODERATE_RISK,unknown,False,,1.3371999999999995,196.641,-0.3042304366596409,3,hydralazine,,False,False
Esflurbiprofen,DB16159,CC(C1=CC(=C(C=C1)C2=CC=CC=C2)F)C(=O)[O-].[Na+],1,0.7063614922560499,MODERATE_RISK,network,False,,-0.6499000000000004,266.247,0.7654301160556056,7,esflurbiprofen,,False,False
Orlistat,DB01083,CCCCCCCCCCCC(CC1C(C(=O)O1)CCCCCC)OC(=O)C(CC(C)C)NC=O,1,0.7044529782665443,MODERATE_RISK,intrinsic,False,,6.881900000000007,495.7450000000004,-0.1926119586870187,3,orlistat,,False,False
Procaine,DB00721,CCN(CC)CCNC(=O)C1=CC=C(C=C1)N.Cl,1,0.7028863342964828,MODERATE_RISK,unknown,False,,1.7622,271.792,-0.3432736071758276,5,procaine,,False,False
Urokinase,DB00013,CC(C)OC(=O)NC1=CC2=C(C=C1)N=C(N2)C3=CSC=N3,0,0.6998364416514875,MODERATE_RISK,network,False,,3.6433000000000018,302.35900000000004,2.592910904404679,6,urokinase,,False,False
Pyridostigmine,DB00545,C[N+]1=CC=CC(=C1)OC(=O)N(C)C.[Br-],1,0.6982787460983922,MODERATE_RISK,unknown,False,,-2.424499999999997,261.119,0.7873385113908598,3,pyridostigmine,,False,False
Choline,DB00122,C[N+](C)(C)CCO,0,0.6972365427985655,MODERATE_RISK,unknown,False,,-0.3150999999999999,104.173,0.6616457078715641,5,choline,,False,False
Amphetamine,DB00182,CC(CC1=CC=CC=C1)N.CC(CC1=CC=CC=C1)N.OS(=O)(=O)O,1,0.6949492484496129,MODERATE_RISK,unknown,False,,2.4998000000000005,368.499,0.0407229279134931,3,amphetamine,,False,False
Phenserine,DB04892,C1=CC=C(C=C1)CCNN.OS(=O)(=O)O,1,0.6885201275851638,MODERATE_RISK,unknown,False,,0.0396000000000001,234.277,0.6953461284973982,3,phenserine,,False,False
Imidazole,DB03366,CCS(=O)(=O)CCN1C(=NC=C1[N+](=O)[O-])C,1,0.6850852704357326,MODERATE_RISK,unknown,False,,0.5344199999999997,247.276,0.7489778154404158,5,imidazole,,False,False
Hydroflumethiazide,DB00774,C1=CC=C(C=C1)CC2NC3=C(C=C(C(=C3)C(F)(F)F)S(=O)(=O)N)S(=O)(=O)N2,1,0.6814799876528937,MODERATE_RISK,unknown,False,,1.6253999999999995,421.4220000000001,0.0102552818293083,3,hydroflumethiazide,,False,False
Serine,DB00133,COC1C(CC2CN3CCC4=C(C3CC2C1C(=O)OC)NC5=C4C=CC(=C5)OC)OC(=O)C6=CC(=C(C(=C6)OC)OC)OC,0,0.6764925776615979,MODERATE_RISK,intrinsic,False,,4.171100000000004,608.6880000000003,-0.4972011802382858,6,serine,,False,False
Danazol,DB01406,CC12CCC3C(C1CCC2(C#C)O)CCC4=CC5=C(CC34C)C=NO5,1,0.6648437314432621,MODERATE_RISK,network,False,,4.221000000000004,337.4630000000001,1.1785952866975673,3,danazol,,False,False
Copanlisib,DB12483,COC1=C(C=CC2=C3NCCN3C(=NC(=O)C4=CN=C(N=C4)N)N=C21)OCCCN5CCOCC5.Cl.Cl,0,0.6620163416001037,MODERATE_RISK,unknown,False,,1.5283999999999995,553.4510000000005,-0.0338381042561024,3,copanlisib,,False,False
Melagatran,DB13616,CCOC(=O)CNC(C1CCCCC1)C(=O)N2CCC2C(=O)NCC3=CC=C(C=C3)C(=NO)N,1,0.6549053233784236,MODERATE_RISK,network,False,,1.0998000000000032,473.5740000000001,2.196772769140789,4,melagatran,,False,False
Bortezomib,DB00188,B(C(CC(C)C)NC(=O)C(CC1=CC=CC=C1)NC(=O)C2=NC=CN=C2)(O)O,1,0.6502753908328884,MODERATE_RISK,unknown,False,,0.3605999999999987,384.2450000000001,-0.1655785122138706,3,bortezomib,,False,False
Ezetimibe,DB00973,C1=CC(=CC=C1C2C(C(=O)N2C3=CC=C(C=C3)F)CCC(C4=CC=C(C=C4)F)O)O,1,0.6453233378549175,MODERATE_RISK,intrinsic,False,,4.8883000000000045,409.4320000000001,-0.5249799071585319,3,ezetimibe,,False,False
Harmine,DB07919,CC1=C(SC=[N+]1CC2=CN=C(N=C2N)C)CCO.Cl.[Cl-],0,0.6390027291563143,MODERATE_RISK,unknown,False,,-1.966459999999998,337.27599999999995,-0.1360723487367579,3,harmine,4.3,True,True
Dasatinib,DB01254,CC1=C(C(=CC=C1)Cl)NC(=O)C2=CN=C(S2)NC3=CC(=NC(=N3)C)N4CCN(CC4)CCO,1,0.63797314263584,MODERATE_RISK,intrinsic,False,,3.313540000000002,488.01700000000034,0.0815118762314264,19,dasatinib,7.94328,True,True
Alfuzosin,DB00346,CN(CCCNC(=O)C1CCCO1)C2=NC3=CC(=C(C=C3C(=N2)N)OC)OC.Cl,1,0.6205532626480175,MODERATE_RISK,unknown,False,,1.7724999999999995,425.9170000000001,-0.003742612015088,3,alfuzosin,,False,False
Metformin,DB00331,CN(C)C(=N)N=C(N)N.Cl,1,0.6165343359680042,MODERATE_RISK,unknown,False,,-0.8220300000000003,165.628,-0.0089428667175446,4,metformin,,False,False
Carvedilol,DB01136,COC1=CC=CC=C1OCCNCC(COC2=CC=CC3=C2C4=CC=CC=C4N3)O,1,0.6102908264729343,MODERATE_RISK,intrinsic,False,,3.7380000000000018,406.482,-0.3585739761728932,11,carvedilol,,False,False
Pseudoephedrine,DB00852,CC(C(C1=CC=CC=C1)O)NC.Cl,0,0.6097618662361691,MODERATE_RISK,unknown,False,,1.7496999999999998,201.697,0.1050043409647837,4,pseudoephedrine,,False,False
Oxymetazoline,DB00935,CC12CCC3C(C1CCC2(C)O)CCC4C3(CC(=CO)C(=O)C4)C,1,0.6042216766788031,MODERATE_RISK,intrinsic,False,,4.401000000000003,332.48400000000004,-0.002670790108699,3,oxymetazoline,,False,False
Puromycin,DB08437,C1C(C(C(C(C1N)OC2C(C(C(C(O2)CO)O)O)N)OC3C(C(C(O3)CO)OC4C(C(C(C(O4)CN)O)O)N)O)O)N.OS(=O)(=O)O,0,0.5976680086847979,MODERATE_RISK,unknown,False,,-9.514500000000016,713.7130000000004,0.0601872367006729,11,puromycin,,False,False
Enoxaparin,DB01225,CC1C(C(OC(C1OC2CC(C(C(C2O)O)OC3C(C(C(C(O3)COS(=O)(=O)O)OC4C(C(C=C(O4)C(=O)[O-])O)O)O)NC(=O)C)C(=O)[O-])CO)OC5C(C(C(OC5C(=O)[O-])OC6C7COC(O7)C(C6O)NS(=O)(=O)[O-])O)O)NC(=O)C.[Na+].[Na+].[Na+].[Na+],1,0.5940868883473438,MODERATE_RISK,unknown,False,,-26.500599999999952,1322.0140000000008,0.4283613401692558,3,enoxaparin,,False,False
Metamfetamine,DB01577,CC(CC1=CC=CC=C1)NC.Cl,0,0.591595563376815,MODERATE_RISK,unknown,False,,2.2588000000000004,185.698,-0.1265981667787962,4,metamfetamine,,False,False
Vitamin A,DB00162,C(C(C1C(=C(C(=O)O1)O)O)O)O,0,0.5903937901055164,MODERATE_RISK,unknown,False,,-1.4073999999999995,176.124,0.6128090625657202,11,vitamin a,,False,False
Naloxone,DB01183,C=CCN1CCC23C4C(=O)CCC2(C1CC5=C3C(=C(C=C5)O)O4)O.Cl,0,0.5899113893816194,MODERATE_RISK,unknown,False,,1.7232000000000007,363.841,-0.0167251214759097,4,naloxone,,False,False
Cladribine,DB00242,C1C(C(OC1N2C=NC3=C(N=C(N=C32)Cl)N)CO)O,1,0.5860165342917057,MODERATE_RISK,network,False,,-0.2974000000000001,285.691,0.4594334509141496,10,cladribine,,False,False
Lithium carbonate,DB14509,C(=O)([O-])[O-].C(=O)([O-])[O-].C(=O)([O-])[O-].[La+3].[La+3],0,0.585481273690508,MODERATE_RISK,unknown,False,,-7.341000000000001,457.836,0.053392975298959,3,lithium carbonate,,False,False
Romidepsin,DB06176,CC=C1C(=O)NC(C(=O)OC2CC(=O)NC(C(=O)NC(CSSCCC=C2)C(=O)N1)C(C)C)C(C)C,0,0.5818955769819341,MODERATE_RISK,unknown,False,,1.4296000000000006,540.7080000000002,0.0169238920830793,6,romidepsin,,False,False
Vinblastine,DB00570,CCC1(CC2CC(C3=C(CCN(C2)C1)C4=CC=CC=C4N3)(C5=C(C=C6C(=C5)C78CCN9C7C(C=CC9)(C(C(C8N6C)(C(=O)OC)O)OC(=O)C)CC)OC)C(=O)OC)O.OS(=O)(=O)O,1,0.5755601168124891,MODERATE_RISK,intrinsic,False,,3.3381000000000047,909.0680000000004,0.1908604542089794,5,vinblastine,,False,False
Carfilzomib,DB08889,CC(C)CC(C(=O)C1(CO1)C)NC(=O)C(CC2=CC=CC=C2)NC(=O)C(CC(C)C)NC(=O)C(CCC3=CC=CC=C3)NC(=O)CN4CCOCC4,1,0.574576374369446,MODERATE_RISK,unknown,False,,2.583500000000005,719.924,0.0209860102298358,6,carfilzomib,,False,False
Doxorubicin,DB00997,CC1C(C(CC(O1)OC2CC(CC3=C2C(=C4C(=C3O)C(=O)C5=C(C4=O)C(=CC=C5)OC)O)(C(=O)CO)O)N)O.Cl,1,0.5663693606665432,MODERATE_RISK,unknown,False,,0.4230999999999992,579.9860000000003,-0.0119396100827822,3,doxorubicin,,False,False
Mercaptopurine,DB01033,C1=NC2=C(N1)C(=S)N=CN2,1,0.5621250062687408,MODERATE_RISK,unknown,False,,1.0154899999999998,152.18200000000002,-0.0258548768371691,4,mercaptopurine,,False,False
Lactose,DB04465,C(C1C(C(C(C(O1)OC2C(OC(C2O)(CO)O)CO)O)O)O)O,0,0.555871475757381,MODERATE_RISK,network,False,,-5.395599999999993,342.297,1.6693250477055408,3,lactose,,False,False
Auranofin,DB00995,CCP(CC)CC.CC(=O)OCC1C(C(C(C(O1)[S-])OC(=O)C)OC(=O)C)OC(=O)C.[Au+],1,0.5378294394481634,MODERATE_RISK,unknown,False,,2.1419000000000006,678.4910000000003,-0.410460815472457,3,auranofin,,False,False
Cabergoline,DB00248,CCNC(=O)N(CCCN(C)C)C(=O)C1CC2C(CC3=CNC4=CC=CC2=C34)N(C1)CC=C,0,0.5342546323760187,MODERATE_RISK,intrinsic,False,,3.193900000000002,451.6150000000002,0.0242045082210712,4,cabergoline,,False,False
Amiloride,DB00594,C1(=C(N=C(C(=N1)Cl)N)N)C(=O)N=C(N)N.O.O.Cl,1,0.5319864222874399,MODERATE_RISK,unknown,False,,-2.5196,302.122,0.5455981697279269,4,amiloride,,False,False
Vorinostat,DB02546,C1=CC=C(C=C1)NC(=O)CCCCCCC(=O)NO,0,0.5319198328009801,MODERATE_RISK,unknown,False,,2.4710999999999994,264.3249999999999,0.0542190775213173,6,vorinostat,,False,False
Givinostat,DB12645,C1=CC=C(C=C1)NC(=O)CCCCCCC(=O)NO,0,0.5312661127402472,MODERATE_RISK,unknown,False,,2.4710999999999994,264.3249999999999,-0.0345998962009781,3,givinostat,,False,False
Fludarabine,DB01073,C1=NC2=C(N=C(N=C2N1C3C(C(C(O3)COP(=O)(O)O)O)O)F)N,0,0.5286855217614179,MODERATE_RISK,unknown,False,,-1.7239,365.21400000000006,-0.2261571951630231,4,fludarabine,,False,False
Finasteride,DB01216,CC12CCC3C(C1CCC2C(=O)NC(C)(C)C)CCC4C3(C=CC(=O)N4)C,1,0.5274771595705436,MODERATE_RISK,intrinsic,False,,3.8145000000000016,372.5530000000001,-0.3327025327708771,4,finasteride,,False,False
Miglitol,DB00491,C1C(C(C(C(N1CCO)CO)O)O)O,0,0.5234284892142935,MODERATE_RISK,unknown,False,,-3.2620999999999976,207.226,0.0578427534876657,3,miglitol,,False,False
Caffeine,DB00201,CN1C=NC2=C1C(=O)N(C(=O)N2C)C.C(C(=O)O)C(CC(=O)O)(C(=O)O)O,0,0.5120248456249494,MODERATE_RISK,network,False,,-2.277799999999997,386.3170000000001,1.2010143263289843,10,caffeine,,False,False
4-Methoxyamphetamine,DB01472,CC(CC1=CC=CC=C1)NC.Cl,0,0.5103167419300493,MODERATE_RISK,unknown,False,,2.2588000000000004,185.698,0.0407229279134931,3,4-methoxyamphetamine,,False,False
Calcium,DB01373,CC(=O)[O-].CC(=O)[O-].[Ca+2],0,0.494009126075796,LOW_RISK,unknown,False,,-2.8683999999999985,158.166,0.5991449064974206,12,calcium,,False,False
Dobutamine,DB00841,CC(CCC1=CC=C(C=C1)O)NCCC2=CC(=C(C=C2)O)O.Cl,0,0.49283259357764,LOW_RISK,intrinsic,False,,3.3786000000000027,337.8469999999999,0.0629083816304169,3,dobutamine,,False,False
Cortisone acetate,DB01380,CC(=O)OCC(=O)C1(CCC2C1(CC(=O)C3C2CCC4=CC(=O)CCC34C)C)O,0,0.4884796139408965,LOW_RISK,unknown,False,,2.5606000000000004,402.48700000000025,-0.3949442494698393,3,cortisone acetate,,False,False
Dyphylline,DB00651,CN1C2=C(C(=O)N(C1=O)C)N(C=N2)CC(CO)O,0,0.4884575619558343,LOW_RISK,unknown,False,,-2.2130999999999985,254.246,0.0094427248632626,4,dyphylline,,False,False
Cyanocobalamin,DB00115,CC1=CC2=C(C=C1C)[N+](=CN2)C3C(C(C(O3)CO)OP(=O)(O)OC(C)CNC(=O)CCC4(C(C5C6(C(C(C(=N6)C(=C7C(C(C(=CC8=NC(=C(C4=N5)C)C(C8(C)C)CCC(=N)[O-])N7)CCC(=N)[O-])(C)CC(=O)N)C)CCC(=N)[O-])(C)CC(=O)N)C)CC(=O)N)C)O.[C]#N.[Co+2],0,0.4793932030057102,LOW_RISK,network,False,,2.2330200000000056,1355.3879999999997,0.441946121561886,5,cyanocobalamin,,False,False
Acetylcysteine,DB06151,CC(=O)NC(CS)C(=O)O,0,0.4738036167183845,LOW_RISK,unknown,False,,-0.4945,163.198,-1.116526505782144,4,acetylcysteine,,False,False
Heparin,DB01109,CC(=O)NC1C(C(C(OC1O)COS(=O)(=O)O)OC2C(C(C(C(O2)C(=O)O)OC3C(C(C(C(O3)CO)OC4C(C(C(C(O4)C(=O)O)O)O)OS(=O)(=O)O)OS(=O)(=O)O)NS(=O)(=O)O)O)OS(=O)(=O)O)O.[Na+],1,0.4729923049747237,LOW_RISK,unknown,False,,-13.707899999999997,1157.9240000000011,0.4527882674734619,6,heparin,,False,False
Proline,DB00172,C1=CC=C(C=C1)C2C(=O)N=C(O2)N,1,0.4650117881078375,LOW_RISK,unknown,False,,0.5992000000000001,176.17499999999995,-1.4065680108904102,14,proline,,False,False
Incadronic acid,DB06255,C(CCC(=O)O)CCN,0,0.4573678993251334,LOW_RISK,unknown,False,,0.5901000000000001,131.17499999999998,0.4158095390237908,4,incadronic acid,,False,False
Glutamic acid,DB00142,C(CC(=O)O)C(C(=O)O)NC(=O)N,0,0.455369714631381,LOW_RISK,network,False,,-1.0272999999999997,190.155,3.2202157531822104,31,glutamic acid,,False,False
Terazosin,DB01162,COC1=C(C=C2C(=C1)C(=NC(=N2)N3CCN(CC3)C(=O)C4CCCO4)N)OC.O.O.Cl,0,0.441453730365734,LOW_RISK,unknown,False,,-0.1707999999999999,459.9310000000002,-0.039230135681745,3,terazosin,,False,False
Anisomycin,DB07374,CC1C(C(CC(O1)OC2C(C(C(OC2OC3=C4C=C5C=C3OC6=C(C=C(C=C6)C(C(C(=O)NC(C(=O)NC5C(=O)NC7C8=CC(=C(C=C8)O)C9=C(C=C(C=C9O)O)C(NC(=O)C(C(C1=CC(=C(O4)C=C1)Cl)O)NC7=O)C(=O)O)CC(=O)N)NC(=O)C(CC(C)C)NC)O)Cl)CO)O)O)(C)N)O.Cl,1,0.440709670128726,LOW_RISK,unknown,False,,0.5280000000000049,1485.7320000000004,0.0591032957075048,12,anisomycin,,False,False
Levocarnitine,DB00583,C[N+](C)(C)CC(CC(=O)[O-])O,0,0.4381365378406831,LOW_RISK,unknown,False,,-1.8064999999999976,161.201,0.2177866967796918,8,levocarnitine,,False,False
Uridine 5'-triphosphate,DB04005,CC(=O)OCC1C(C(C(O1)N2C=CC(=O)NC2=O)OC(=O)C)OC(=O)C,0,0.424202783581283,LOW_RISK,unknown,False,,-1.1394999999999986,370.3140000000002,-0.0454076798599282,3,uridine 5'-triphosphate,,False,False
Minocycline,DB01017,CN(C)C1C2CC3CC4=C(C=CC(=C4C(=C3C(=O)C2(C(=C(C1=O)C(=O)N)O)O)O)O)N(C)C.Cl,1,0.415474606637739,MODERATE_RISK,unknown+HLA,True,HLA screening recommended: HLA-B*35:02,0.4518000000000003,493.9440000000001,-1.9590203520896825,6,minocycline,,False,False
Prazosin,DB00457,COC1=C(C=C2C(=C1)C(=NC(=N2)N3CCN(CC3)C(=O)C4CCCO4)N)OC.O.O.Cl,0,0.4103702963279571,LOW_RISK,unknown,False,,-0.1707999999999999,459.9310000000002,-0.0047320438086382,4,prazosin,,False,False
Arginine,DB00125,C(CC(C(=O)O)N)CN=C(N)N.Cl,0,0.3983936270623597,LOW_RISK,unknown,False,,-1.1262999999999996,210.665,-0.1964392146564791,3,arginine,,False,False
Calcium citrate,DB11093,CC(=O)[O-].CC(=O)[O-].[Ca+2],0,0.3978752019771598,LOW_RISK,unknown,False,,-2.8683999999999985,158.166,-0.8788607209870926,16,calcium citrate,,False,False
Ademetionine,DB00118,CSCCC(C(=O)O)N,0,0.3974869928622823,LOW_RISK,unknown,False,,0.1514,149.215,-0.7455050879568167,5,ademetionine,,False,False
Calcium Phosphate,DB11348,CC(=O)[O-].CC(=O)[O-].[Ca+2],0,0.3854185334944175,LOW_RISK,unknown,False,,-2.8683999999999985,158.166,-0.8788607209870926,16,calcium phosphate,,False,False
Methotrexate,DB00563,CN(CC1=CN=C2C(=N1)C(=NC(=N2)N)N)C3=CC=C(C=C3)C(=O)NC(CCC(=O)[O-])C(=O)[O-].[Na+].[Na+],1,0.3838930663776525,MODERATE_RISK,unknown+HLA,True,HLA screening recommended: MTHFR-C677T,-8.393000000000011,498.4110000000003,-0.0373933026584883,4,methotrexate,,False,False
Taribavirin,DB06408,C1=NC(=NN1C2C(C(C(O2)CO)O)O)C(=O)N,1,0.3575023900496308,LOW_RISK,unknown,False,,-3.0114999999999994,244.207,0.0082063805390526,3,taribavirin,,False,False
Nelarabine,DB01280,COC1=NC(=NC2=C1N=CN2C3C(C(C(O3)CO)O)O)N,1,0.3553437773267169,LOW_RISK,unknown,False,,-1.9713999999999987,297.2710000000001,0.0265103991249973,4,nelarabine,,False,False
Voclosporin,DB11693,CCC1C(=O)N(CC(=O)N(C(C(=O)NC(C(=O)N(C(C(=O)NC(C(=O)NC(C(=O)N(C(C(=O)N(C(C(=O)N(C(C(=O)N(C(C(=O)N1)C(C(C)CC=CC=C)O)C)C(C)C)C)CC(C)C)C)CC(C)C)C)C)C)CC(C)C)C)C(C)C)CC(C)C)C)C,0,0.3463223262654924,LOW_RISK,intrinsic,False,,3.4351000000000047,1214.6459999999984,-0.0181456520018882,3,voclosporin,,False,False
Cyclosporine,DB00091,CCC1C(=O)N(CC(=O)N(C(C(=O)NC(C(=O)N(C(C(=O)NC(C(=O)NC(C(=O)N(C(C(=O)N(C(C(=O)N(C(C(=O)N(C(C(=O)N1)C(C(C)CC=CC)O)C)C(C)C)C)CC(C)C)C)CC(C)C)C)C)C)CC(C)C)C)C(C)C)CC(C)C)C)C,1,0.3339779831086492,MODERATE_RISK,intrinsic+HLA,True,HLA screening recommended: CYP3A5-3,3.2690000000000063,1202.6349999999982,-0.1562503914682074,4,cyclosporine,,False,False
Norepinephrine,DB00368,C1=CC(=C(C=C1C(CN)O)O)O.C(C(C(=O)O)O)(C(=O)O)O.O,0,0.3322799584262039,LOW_RISK,unknown,False,,-2.8574,337.2810000000001,-0.0543800162217583,5,norepinephrine,,False,False
Fludrocortisone,DB00687,CC(=O)OCC(=O)C1(CCC2C1(CC(C3(C2CCC4=CC(=O)CCC43C)F)O)C)O,0,0.3284518990282692,LOW_RISK,unknown,False,,2.444500000000001,422.49300000000017,-0.1539015617186342,3,fludrocortisone,,False,False
Methionine,DB00134,CSCCC(C(=O)O)N,0,0.3149216695958514,LOW_RISK,unknown,False,,0.1514,149.215,-0.5513727193331183,5,methionine,,False,False
Uridine-5'-Diphosphate,DB03435,CC(=O)OCC1C(C(C(O1)N2C=CC(=O)NC2=O)OC(=O)C)OC(=O)C,0,0.3116836744091961,LOW_RISK,unknown,False,,-1.1394999999999986,370.3140000000002,-0.0526828225477335,8,uridine-5'-diphosphate,,False,False
Droxidopa,DB06262,C1=CC(=C(C=C1C(C(C(=O)O)N)O)O)O,0,0.3094610076446658,LOW_RISK,unknown,False,,-0.4569000000000003,213.189,-0.0543800162217583,5,droxidopa,,False,False
Levothyroxine,DB00451,C1=C(C=C(C(=C1I)OC2=CC(=C(C(=C2)I)O)I)I)CC(C(=O)[O-])N.[Na+],1,0.3079606213731672,LOW_RISK,unknown,False,,0.2266000000000015,798.8539999999999,-0.4629229936251701,3,levothyroxine,,False,False
Aprindine,DB01429,C(CC(C(=O)O)N)CN=C(N)N.Cl,0,0.2963272064738068,LOW_RISK,unknown,False,,-1.1262999999999996,210.665,-0.0068609643419131,4,aprindine,,False,False
Ursodeoxycholic acid,DB01586,CC(CCC(=O)O)C1CCC2C1(C(CC3C2CCC4C3(CCC(C4)O)C)O)C,0,0.2952469048854144,LOW_RISK,network,False,,4.477900000000006,392.58000000000015,2.8308392317884685,3,ursodeoxycholic acid,,False,False
Racepinephrine,DB11124,CNCC(C1=CC(=C(C=C1)O)O)O,0,0.2746500984623329,LOW_RISK,unknown,False,,0.3505999999999998,183.207,0.0242045082210712,4,racepinephrine,,False,False
Hydrocortisone acetate,DB14539,CC(=O)OCC(=O)C1(CCC2C1(CC(C3C2CCC4=CC(=O)CCC34C)O)C)O,0,0.2510484762815443,LOW_RISK,unknown,False,,2.3524000000000007,404.5030000000002,-0.2006878821222466,3,hydrocortisone acetate,,False,False
Deoxycholic acid,DB03619,CC(CCC(=O)O)C1CCC2C1(C(CC3C2CCC4C3(CCC(C4)O)C)O)C,0,0.2504925052218817,LOW_RISK,network,False,,4.477900000000006,392.58000000000015,6.221586620808898,5,deoxycholic acid,,False,False
Formic acid,DB01942,C1=CC(=CC=C1C(=O)NC(CCC(=O)O)C(=O)O)NCC2=CN=C3C(=N2)C(=O)NC(=N3)N,0,0.2438753616897709,LOW_RISK,network,False,,-0.0447999999999986,441.40400000000017,1.919918303844513,9,formic acid,,False,False
Digoxin,DB00390,CC1C(C(CC(O1)OC2C(OC(CC2O)OC3C(OC(CC3O)OC4CCC5(C(C4)CCC6C5CC(C7(C6(CCC7C8=CC(=O)OC8)O)C)O)C)C)C)O)O,0,0.2265327254042715,LOW_RISK,unknown,False,,2.2181000000000024,780.9490000000003,0.0019981265450498,4,digoxin,,False,False
Epinephrine,DB00668,CNCC(C1=CC(=C(C=C1)O)O)O,0,0.2240564041058623,LOW_RISK,unknown,False,,0.3505999999999998,183.207,0.0242045082210712,4,epinephrine,,False,False
"Adenosine 3',5'-diphosphate",DB01812,C1=NC(=C2C(=N1)N(C=N2)C3C(C(C(O3)CO)O)O)N,0,0.2197114894997977,LOW_RISK,unknown,False,,-1.979999999999999,267.245,0.0107563964697618,3,"adenosine 3',5'-diphosphate",,False,False
Corticosterone,DB04652,CC(C)CC(C(=O)NC(CCC(=O)O)C(=O)NC(CC1=CC=CC=C1)C(=O)O)NC(=O)C2CCCN2C(=O)C(CC3=CC=CC=C3)NC(=O)C(C)NC(=O)C(CCC(=O)O)NC(=O)C(C)NC(=O)C(CO)NC(=O)C(CCC(=O)O)NC(=O)C(CC(=O)O)NC(=O)C(CCC(=O)O)NC(=O)C(C)NC(=O)CNC(=O)C(CC(=O)N)NC(=O)C4CCCN4C(=O)C(CC5=CC=C(C=C5)O)NC(=O)C(C(C)C)NC(=O)C(CCCCN)NC(=O)C(C(C)C)NC(=O)C6CCCN6C(=O)C(CCCNC(=N)N)NC(=O)C(CCCNC(=N)N)NC(=O)C(CCCCN)NC(=O)C(CCCCN)NC(=O)CNC(=O)C(C(C)C)NC(=O)C7CCCN7C(=O)C(CCCCN)NC(=O)CNC(=O)C(CC8=CNC9=CC=CC=C98)NC(=O)C(CCCNC(=N)N)NC(=O)C(CC1=CC=CC=C1)NC(=O)C(CC1=CN=CN1)NC(=O)C(CCC(=O)O)NC(=O)C(CCSC)NC(=O)C(CO)NC(=O)C(CC1=CC=C(C=C1)O)NC(=O)C(CO)N,0,0.2186386723661051,LOW_RISK,unknown,False,,-15.1620900000003,4541.14199999999,0.0646534690156682,4,corticosterone,,False,False
Adenosine phosphate,DB00131,C1=NC(=C2C(=N1)N(C=N2)C3C(C(C(O3)CO)O)O)N,0,0.2172324922507514,LOW_RISK,unknown,False,,-1.979999999999999,267.245,-0.7994249701482159,11,adenosine phosphate,,False,False
Pramlintide,DB01278,CCC(C)C(C(=O)NC(CC(C)C)C(=O)N1CCCC1C(=O)N2CCCC2C(=O)NC(C(C)O)C(=O)NC(CC(=O)N)C(=O)NC(C(C)C)C(=O)NCC(=O)NC(CO)C(=O)NC(CC(=O)N)C(=O)NC(C(C)O)C(=O)NC(CC3=CC=C(C=C3)O)C(=O)N)NC(=O)C4CCCN4C(=O)CNC(=O)C(CC5=CC=CC=C5)NC(=O)C(CC(=O)N)NC(=O)C(CC(=O)N)NC(=O)C(CO)NC(=O)C(CO)NC(=O)C(CC6=CNC=N6)NC(=O)C(C(C)C)NC(=O)C(CC(C)C)NC(=O)C(CC7=CC=CC=C7)NC(=O)C(CC(=O)N)NC(=O)C(C)NC(=O)C(CC(C)C)NC(=O)C(CCCNC(=N)N)NC(=O)C(CCC(=O)N)NC(=O)C(C(C)O)NC(=O)C(C)NC(=O)C8CSSCC(C(=O)NC(C(=O)NC(C(=O)NC(C(=O)NC(C(=O)N8)C(C)O)C)C(C)O)CC(=O)N)NC(=O)C(CCCCN)N.CC(=O)O,0,0.2084615384615384,LOW_RISK,unknown,False,,-23.73423000000041,4009.5069999999855,-0.0041688027616082,3,pramlintide,,False,False
Nesiritide,DB04899,CCC(C)C1C(=O)NC(C(=O)NC(C(=O)NC(C(=O)NC(C(=O)NCC(=O)NC(C(=O)NCC(=O)NC(CSSCC(C(=O)NC(C(=O)NCC(=O)NC(C(=O)NC(C(=O)NC(C(=O)NC(C(=O)NC(C(=O)N1)CCCNC(=N)N)CC(=O)O)CCSC)CCCCN)CCCNC(=N)N)CC2=CC=CC=C2)NC(=O)CNC(=O)C(CO)NC(=O)CNC(=O)C(CCC(=O)N)NC(=O)C(C(C)C)NC(=O)C(CCSC)NC(=O)C(CCCCN)NC(=O)C3CCCN3C(=O)C(CO)N)C(=O)NC(CCCCN)C(=O)NC(C(C)C)C(=O)NC(CC(C)C)C(=O)NC(CCCNC(=N)N)C(=O)NC(CCCNC(=N)N)C(=O)NC(CC4=CNC=N4)C(=O)O)CC(C)C)CO)CO)CO)CO,0,0.2072283969622331,LOW_RISK,unknown,False,,-20.215620000000182,3464.1009999999937,-0.0303670608164453,3,nesiritide,,False,False
Cholic Acid,DB02659,C1=CC(=CC=C1C(=O)NC(CCC(=O)O)C(=O)O)NCC2=CN=C3C(=N2)C(=O)NC(=N3)N,0,0.1970269401946712,LOW_RISK,network,False,,-0.0447999999999986,441.40400000000017,-1.2266445854326016,17,cholic acid,,False,False
Hydrocortisone phosphate,DB14542,CC(=O)OCC(=O)C1(CCC2C1(CC(C3C2CCC4=CC(=O)CCC34C)O)C)O,0,0.1837577919373018,LOW_RISK,unknown,False,,2.3524000000000007,404.5030000000002,-0.2006878821222466,3,hydrocortisone phosphate,,False,False
Digitoxin,DB01396,CC1C(C(CC(O1)OC2C(OC(CC2O)OC3C(OC(CC3O)OC4CCC5(C(C4)CCC6C5CC(C7(C6(CCC7C8=CC(=O)OC8)O)C)O)C)C)C)O)O,0,0.1724728209582155,LOW_RISK,unknown,False,,2.2181000000000024,780.9490000000003,0.0019981265450498,4,digitoxin,,False,False
Ursolic acid,DB15588,C1=CC(=CC=C1C(=O)NC(CCC(=O)O)C(=O)O)NCC2=CN=C3C(=N2)C(=O)NC(=N3)N,0,0.1724278121600959,LOW_RISK,unknown,False,,-0.0447999999999986,441.40400000000017,-0.0119664249145452,3,ursolic acid,,False,False
Oleic Acid,DB04224,C1=CC(=CC=C1C(=O)NC(CCC(=O)O)C(=O)O)NCC2=CN=C3C(=N2)C(=O)NC(=N3)N,0,0.1557183368258234,LOW_RISK,network,False,,-0.0447999999999986,441.40400000000017,0.4776076430707365,6,oleic acid,,False,False
Adenine,DB00173,C1=NC(=C2C(=N1)N(C=N2)C3C(C(C(O3)CO)O)O)N,0,0.1406176115389097,LOW_RISK,unknown,False,,-1.979999999999999,267.245,0.0075158989837447,4,adenine,,False,False
